,,,,,,
Petitioner Location,,,"Petitions by State, Company, and FEIN (Last 4 Digits)",,,
,,,Petitions by U.S. Employer and U.S. Agent1,,,
,,,Petitions Received2,Approved3,Denied4,Pending5
 ,,,,,,
Grand Total,,,"5,175","5,107",21,432
,,,,,,
Petitions by State6,,,,,,
Alabama,3105,MORRIS & MORRIS FARMS,1,1,,
,3490,ALLEE AND ALLEN FARMS LLC,1,1,,
,6907,SCOTT S ORCHARD,1,1,,
,7032,AMERICAN SPORTFISH HATCHERY MGMT G,1,1,,
Alabama Total,,,4,4,,
Alaska,1726,MOSESIAN FARMS OF ALASKA INC,2,1,,1
,4457,FRONTIER FARMS AND NURSERY LLC DBA,1,,,1
Alaska Total,,,3,1,,2
Arizona,1311,CENTRAL ARIZONA FARMING INC,1,1,,
,4031,DV FARMS LLC,1,1,,
,5204,THE GROWERS CO INC,1,1,,
,6324,AUZA RANCHES LLC,1,1,,
,7464,SERVICIOS AGRICOLAS MEX INC,1,1,,
,7774,ARIZONA APIARIES LLC,1,1,,
,8065,CRANE HARVESTING & TRUCKING INC,1,,,1
,8852,TAYLOR S HERB GARDEN OF AZ INC,1,1,,
,8998,AG INSTALLERS INC,3,2,,1
,9335,KENLY FARMS INC,1,1,,
Arizona Total,,,12,10,,2
Arkansas,65,JERRY FULLER FARMS,1,1,,
,66,TERRY R FULLER,1,,,1
,89,A & A FARMS,1,1,,
,183,BRIAN STONER FARMS,1,1,,
,190,DAVID WILDY FARMS,1,1,,
,210,PENN BROTHER PTR LANDLEVELING,1,1,,
,276,DOUBLE H AGRI LLC,1,1,,
,447,BRAD HARROD FARMS,2,2,,
,612,T PIRANI FARMS GENERAL PARTNERSHIP,1,1,,
,711,FREELAND FARMS PARTNERSHIP,1,1,,
,730,LESLIE T BROWN FARMS,1,1,,
,734,BARNHILL ORCHARDS,1,1,,
,756,GARY LYNN GRICE DBA LYNN GRICE FAR,1,1,,
,972,DARROW LINN SR,1,1,,
,1039,PATTSVILLE FARMS INC,1,1,,
,1064,HARRY SAUL MINNOW FARM INC,1,1,,
,1090,FARM H2A LLC,1,1,,
,1274,SANDAGE FARMS,1,1,,
,1444,HARTLEY FLYING SVC INC,1,1,,
,1456,AIRMAN INC,1,1,,
,1477,CAVENAUGH PLANTING PARTNERSHIP,2,2,,
,1543,FIVE OAKS WILDLIFE SVCS LLC,1,1,,
,1576,DIVERSIFIED SVCS LAWN AND GARDEN C,1,1,,
,1849,LAKE VILLAGE SEED AND TIRE CO INC,1,1,,
,1880,MID SOUTH FARMING COMPANY,1,1,,
,1942,TLH FARMS,1,1,,
,1963,SOUTHERN WHEEL & IRON WORKS ALP,1,1,,
,1991,CHARLES MENCER FARMS,1,1,,
,2005,ZACHARY NORTHCUTT FARMS,1,1,,
,2120,HARROD AND HENSLEY TOMATO LLC,2,1,,1
,2198,ROB AND COURT FARMS,1,1,,
,2241,HORSESHOE CANYON RANCH LLC,1,1,,
,2265,RICE AG SERVICE INC,1,1,,
,2270,LARRY MCCLENDON FARMS,,,,1
,2394,KODIAK FARMING CO INC,1,1,,
,2417,S&K FARMS PARTNERSHIP,1,1,,
,2492,E & E FARMS INC,1,1,,
,2565,AGC FARMS PARTNERSHIP,1,1,,
,2597,GODWIN FARMS PARTNERSHIP,1,,,1
,2651,HARRELL FARMS,1,1,,
,2964,T AND M FARMS,2,2,,
,2992,OXNER AG PARTNERSHIP,1,1,,
,3035,JBR FARMS OF HOXIE INC,1,1,,
,3099,D&C WARREN FARMS,1,1,,
,3132,WHITETAIL FARMS,,1,,
,3157,PRICE FAMILY FARMING CO,1,1,,
,3187,SSR FARMS,1,1,,
,3228,S E RICE CO,1,1,,
,3242,KDL FARMS LLC,1,1,,
,3261,P & E PARTNERS,,,,1
,3280,TWO RIVERS NURSERY,,1,,
,3614,STRACENER FARMING CO,1,1,,
,3659,GOLDEN FARMS PARTNERSHIP,1,1,,
,3851,DELTA VALLEY FARMS LLC,1,2,,
,3949,MEDFORD AND SONS,1,1,,
,3982,LONG LAKE PLANTATION,1,1,,
,3983,CLANTON FARMS LLC,1,1,,
,3987,STEPHENS PARTNERSHIP,1,1,,
,4015,C R C FARMS,1,,,1
,4371,BENWOOD FARMS,1,1,,
,4446,GILL BROTHERS FARMS,1,1,,
,4572,STILES EQUIPMENT LLC,1,1,,
,4760,RAMOS FARM,2,2,,
,4907,STOREY FARMS INC,1,1,,
,4913,KING FARMS,1,1,,
,4952,G AND L SKINNER FARMS,1,1,,
,5008,DRIVER FARMS PARTNERSHIP,1,1,,
,5263,GAIRHAN FARMS INC,,1,,
,5282,WINROCK FARMS INC,1,1,,
,5475,GREEN HILL FARM INC,1,1,,
,5490,CHRIS & TASHA WARREN FARMS,2,2,,
,5580,CARNATHAN FAMILY FARMS,1,1,,
,5682,PETTER PLANTING LLC,1,1,,
,5865,MADDING ASSOCIATION,1,1,,
,5960,KING FARM PARTNERSHIP,1,1,,
,5964,STEPHEN & BRENT DAVIS FARM,,1,,
,5968,LOWRY FARMS INC,,,,1
,,LOWRY FARMS NC,,1,,
,6132,AG INC,1,1,,
,6165,TYCALL FARMS INC,1,1,,
,6189,SWIFT DITCH FARMS PTR,1,1,,
,6353,FARM CAT INC,,1,,
,6450,THOMAS CATTLE FARMS LLC,1,1,,
,6642,ADAM CHAPPELL FARMS,1,1,,
,6646,DUNNAHOE FARMS,1,1,,
,6700,HERRERA FARMING CO,1,1,,
,6753,POOL FISHERIES INC,1,1,,
,6798,JOHN P BAIONI FARMS,1,1,,
,7177,LANNY BOSNICK AND SONS PARTNERSHIP,1,1,,
,7243,BRANTLEY FARMING CO,1,1,,
,7362,JM MALONE AND SON INC,,1,,
,7555,ANDERSON FARMS,1,1,,
,7580,CALEB JONES FARMS,1,1,,
,7617,STAN SWEENEY LLC,1,1,,
,7651,BRICKEYS GRAIN CO,2,1,,1
,7762,I F ANDERSON FARMS INC,1,1,,
,8005,DOUBLE D FARMS,1,1,,
,8017,M & D FARMS,1,1,,
,8033,JAK APPLICATION LLC,1,1,,
,8089,JCA FARMS PARTNERSHIP,1,1,,
,8153,POPLAR RIDGE FARMS GP,1,1,,
,8370,HOPPER STEPHENS HATCHERIES INC,1,1,,
,8399,HOLLAND BOTTOM FARM LLC,1,1,,
,8524,TINSLEY FARMS PARTERNSHIP,1,1,,
,,TINSLEY FARMS PARTNERSHIP,1,1,,
,8545,CASTONS BLUEBERRIES,1,1,,
,8584,FLORENDEN FARMS,,1,,
,8705,RIVER VALLEY HORTICULTURAL PRODUCT,,1,,
,8739,RED RIVER FARMS,1,1,,
,8746,THREE E FARMS,,,,1
,8789,JOHNSVILLE FARMS LLC,1,1,,
,8926,TOWNLEY TOMATO FARMS ROBERTO B TAT,1,1,,
,8938,BILLY HINKLE FARMS PARTNERSHIP,1,1,,
,8940,CIRCLE P FARMS,1,1,,
,8969,F & F COMPANIES,1,1,,
,9035,3M PLANTING CO,1,1,,
,9169,MARTY & PASTY WHITE FARMS GP,1,1,,
,9198,SOUTHALL FARMS,1,1,,
,9225,BCM FARMS PARTNERSHIP,1,1,,
,9543,EAT RICE INC,1,1,,
,9562,NTB FARMS PARTNERSHIP,1,1,,
,9759,DAVID AND LALAIN WILKINSON FARMS P,1,1,,
,9888,JIMEL FARMS INC,1,1,,
,9911,COFFEE CREEK FARMS,1,1,,
,9914,ELDON REED FARMS INC,1,1,,
,9940,PACCO IRRIGATION AND FARM SUPPLY C,1,1,,
Arkansas Total,,,120,125,,9
California,,BIG F COMPANY INC,1,1,,
,,GLEZ FARMS,1,1,,
,,MR MODESTO DOMINGUEZ RANCH,,,,1
,,RODRIQUEZ BROS RANCH LL,1,1,,
,,WESTERN RANGE ASSO,,,,1
,,WESTERN RANGE ASSOCIATION,,,,1
,,(blank),,,,1
,330,BROTHERS BEST PRODUCE,1,1,,
,333,PREMIUM PACKING INC,1,1,,
,427,LUCKY AG INC,1,1,,
,609,FOUR WINDS FARM LLC,,,,1
,718,PACIFICA PERSONNEL INC,8,8,,
,744,HIGUERA FARMS INC,1,1,,
,790,TIRADO VINEYARDS,1,1,,
,870,CF FARMING INC,1,1,,
,927,TALLEY FARMS,1,1,,
,929,BOWLAND VINEYARD MGMT INC,1,,,1
,1126,MOUNTAIN AVENUE BEES INC DBA WOLF,1,1,,
,1205,CARDENAS BROS FARMING CO INC,1,1,,
,1224,ROLAND S MONTEMAYOR,1,1,,
,1351,PINE RIDGE WINERY LLC,1,1,,
,1376,COASTAL FARM LABOR SVCS INC,2,3,,
,1500,FLOWERS VINEYARD & WINERY,,1,,
,1562,"MAGANA LABOR SVCS, INC.",1,1,,
,1584,BEVILL VINEYARD MGMT LLC,1,1,,
,1776,RIVER VISTA FARMS,1,1,,
,1920,CHARLES AND MARTHA BARRA DBA REDWO,1,1,,
,1930,VALLEY PRIDE INC,1,1,,
,2035,J C HARVESTING CORP,1,,,1
,2365,MARTINELLI VINEYARD MGMT INC,1,1,,
,2565,L JOHNSON EQUIPMENT RENTALS,,,,1
,2607,WEST COAST TOMATO GROWERS INC,1,2,,
,2637,CRISALIDA BERRY FARMS LLC,1,1,,
,2719,MANUEL PEREZ FARMING,1,1,,
,2815,DUTTON RANCH CORP,1,1,,
,2971,FRESH HARVEST INC,21,23,,2
,,FRESH HARVESTING IN,1,1,,
,,FREST HARVEST INC,1,1,,
,3008,JR CUSTOM HARVESTING CO INC,1,1,,
,3027,RODRIGUEZ BROS RANCH LLC,1,1,,
,3263,QUALITY PRODUCE LLC,1,1,,
,3390,HERRICK NURSERY LLC,1,1,,
,3408,AFTERMARKET INS BROKERAGE DBA AIM,1,,,1
,3446,SANTILLAN FARMS,1,1,,
,3704,ROBERTO PEREZ FARMS,1,,,1
,3969,REYNAGA APIARIES HONEY & POLLINATI,1,1,,
,4199,RICK ARROWSMITH,1,1,,
,4660,ROBLEDO RANCHES,1,1,,
,4686,EMPIRE FARM LABOR CONTRACTOR LLC,1,1,,
,4706,UHB LLC UNITED HONEYBEES,1,1,,
,4797,GRIEVE ENTERPRISES,,1,,
,4846,R STUART BEWLEY DBA ALDER SPRINGS,1,1,,
,4918,JACCO FARMS INC,1,1,,
,4932,FOOTHILL PACKING INC,12,10,,2
,5315,MENDOZA BROS FARMING INC,2,2,,
,5538,SAVINO FARMS INC,1,1,,
,5546,RANCH NUEVO HARVESTING INC,1,,,1
,,RANCHO NUEVO HARVESTING INC,9,7,,2
,5769,BALLETTO RANCH INC,1,1,,
,6062,D & J PACKING LLC,1,1,,1
,6107,FLOWING GOLD APIARIES,1,1,,
,6403,YB FARMING INC,1,1,,
,6407,A OSEGUERA CO INC,1,1,,2
,6423,L&L VINEYARDS,1,1,,
,6499,IXTAPA FARMING,1,,,1
,7180,RISCO FARMS INC,1,1,,
,7301,VENEGAS FARMING LLC,1,1,,
,7406,TERRY HUGHES FARM,1,1,,
,7471,JP HONEY FARMS INC,1,1,,
,7677,PEREZ BROS FARMS INC,1,,,1
,7924,HIRSCH VINEYARDS LLC,1,1,,
,8068,LA FUENTE FARMING INC,1,1,,
,,RANCHO DEL MAR INC,1,,,1
,8337,NEW HOPE HARVESTING INC,,,,1
,,NEW HOPE HARVESTING LLC,2,1,,
,8422,SAINI FARMS INC,1,1,,
,8530,SAN PASQUAL AVOCADO CO,1,1,,
,8677,ZION HARVEST INC,1,1,,
,8735,SIERRA CASCADE NURSERY INC,1,1,,
,,"SIERRA CASCADE NURSERY, INC.",1,1,,
,8829,CARNEROS CREEK WINERY INC,1,1,,
,8915,FERRARI FARMS INC,,1,,
,9183,SARC INC,5,5,,
,9281,JAIME S GROVE SVC INC,1,1,,
,9460,ST ROMO LABOR FORCE LLC,2,1,,1
,,"ST. ROMO LABOR FORCE, LLC",1,1,,
,9528,WONDERFUL BEES,4,2,,2
,9678,ANOROC VINEYARD MANAGEMENT LLC,1,1,,
,9888,FRESHWAY FARMS,1,1,,
,9948,ELKHORN PACKING CO LLC,12,9,,3
,,ELKHORN PACKING CO. LLC,1,1,,
California Total,,,149,137,,30
Colorado,116,LOV RANCH,,1,,
,135,ROSSI DAIRY PRODUCE LLC,1,1,,
,201,MORIAH RANCH,2,2,,
,293,FARRELL LIVESTOCK,1,1,,
,453,JAMES CRAIG BAIR RANCH CO,1,1,,
,487,KIYOTA GREENHOUSE INC,1,1,,
,499,LA TIERRA DE ESMERALDA INC,2,2,,
,538,JOHN FREDRICK HAROLD DBA TUXEDO CO,,,1,
,865,BLACK BEAR ORCHARDS LLC,1,1,,
,999,BOB ROGERS FARMS INC,1,,,1
,1022,RAY DOMENICO FARMS INCORPORATED,1,1,,
,1051,TEDDY RUCKMAN,1,1,,
,1380,GIAMBROCCO GREENHOUSES INC,1,1,,
,1592,COLORADO VINEYARD SPECIALISTS LLC,1,1,,
,1661,STULL RANCHES LLC,1,1,,
,1854,DAVID SMITH RANCH,1,1,,
,1969,WELLSWEEP RANCHES,1,1,,
,2033,CULBREATH RANCHES,2,2,,
,2093,AUGUST GEORGE NICOLAS,1,1,,
,2145,GREENBANK HARVESTING LLC,1,1,,
,2459,HARVESTIME ENTERPRISES INC,1,1,,
,2493,MILBERGER FARMS LLC,1,1,,
,2571,HALANDRAS RANCHES,1,1,,
,2830,KRUCKENBERG CONSULTING LLC,,1,,
,2890,SOUTHERN CROSS RANCHES,4,3,,1
,2916,SNYDER RANCHES LLC,1,1,,
,3146,SLASH EV RANCH,,1,,
,3156,VIC MAURO PRODUCE LLC,1,1,,
,3280,GARY JOHNSTON APIARIES INC,1,1,,
,3683,KNAPP FARMS LLC,2,1,,1
,3769,CLARK FAMILY ORCHARDS INC,2,2,,
,3772,PALIZZI & SON INC D/B/A PALIZZI FA,1,1,,
,3820,OLSON SGREENHOUSES OF COLORADO LLC,1,1,,
,4088,FULLER ORCHARDS LLC,1,1,,
,4504,CARLOS & ERNESTINE GALICIA FARMS,1,1,,
,4537,AURORA ORGANIC FARMS INC,3,3,,
,4586,FORTUNATE FRUIT LLC DBA NEW LEAF F,1,1,,
,4739,OLDLAND BROTHERS INC,1,1,,
,4758,ENCHANTED MESA PROPERTIES INC,,2,,
,4958,ROONEYS ROUND MOUNTAIN RANCH,1,1,,
,5099,HARRY KOURLIS RANCH,3,3,,1
,5161,CURTIS CHERRY RANCH,1,1,,
,5208,PALISADE PEACH SHACK INC,1,1,,
,5306,CYCLONE RANCH LLC,1,,,1
,5454,KORY SOD LLC,1,1,,
,5508,FOCUS RANCH,1,1,,
,5745,PALISADE PRODUCE,1,1,,
,5918,MESA VIEW ORCHARD INC,1,1,,
,5989,ELY RANCH,,1,,
,6209,WAYNE POLLARD LIVESTOCK INC,1,1,,
,6230,BUFFALO CREEK LAND & CATTLE LLC,1,1,,
,6263,MILE HIGH RANCH,1,1,,
,6294,ROCKIN Y LAND AND LIVESTOCK,1,1,,
,6610,LAZY 3X SHEEP CO LLC,1,1,,
,6616,EX CORP,1,1,,
,6704,TURNBULL LAND & LIVESTOCK,,1,,
,6768,MARVINE RANCH LLC,1,1,,
,6771,P&M LLC,1,1,,
,6792,WMB NEWCO LLC,1,1,,
,7056,DIONISIO PRODUCE & FARMS LLC,1,1,,
,7089,BLACK CAT FARM LLC,1,1,,
,7514,ROBINSON RANCHES,1,1,,
,7518,BRUCHEZ & SONS LLC,1,1,,
,7708,PAT HUGHES RANCH,,,,1
,7728,VANWINKLE RANCH LLC,1,1,,
,7902,MUSSO FARMS INC,1,1,,
,8016,EAGLE CREST NURSERY INC,1,1,,
,8075,SCHLEGEL CATTLE CO LLC,1,1,,
,8182,SOWELL ORCHARDS FRUIT & SALES,1,1,,
,,SOWELL ORCHARDS FRUIT AND SALES,1,1,,
,8289,4M RANCH LLC,1,1,,
,8436,STATELINE CROP CONSULTANTS INC,1,1,,
,8445,HIGH COUNTRY LAMB LLC,1,1,,
,8602,MAURO FARMS,1,,,1
,9209,LEISTIKOW FARMS LLC,1,1,,
,9290,MAX L NOLAND FAMILY LTD PARTNERSHI,1,1,,
,9392,HANCOCK EVERGREENS,1,1,,
,9413,MARIETA NELSON AND ROBERT GEORGE J,1,1,,
,9556,GRAFF S TURF FARMS INC,1,1,,
,9747,NIESBROS FARMS INC,1,1,,
Colorado Total,,,84,86,1,7
Delaware,932,SUZUKI FARMS LLC,1,1,,
,1471,FOREST VIEW NURSERY,1,1,,
Delaware Total,,,2,2,,
Florida,,BAUTISTA FARMS TRUCKING LLC,2,2,,
,230,KING RANCH TURFGRASS L P,3,2,,1
,354,MILLER FARMS LLC,,1,,
,416,JACINTO HERNANDEZ HARVESTING INC,1,,,1
,422,A AND M LABOR MGMT INC,1,1,,
,533,OLVERA TRUCKING CORP,1,1,,
,602,FIRST FARMS INC,,1,,
,623,ANTONIO RAFAEL BARAJAS DBA AR HARV,1,1,,
,626,LAGUNITA HARVESTING LLC,2,3,,
,719,GUZMAN & BARRERA HARVESTING INC,1,1,,
,887,EAM HARVESTING LLC,1,1,,
,1059,HACIENDA FARMS INC,3,3,,
,1431,DELEON AGRICULTURAL SVC LLC,,,1,
,1608,DEWAR NURSERIES INC,1,1,,
,1824,FARM OP INC,2,1,,1
,1876,RED HARVESTING INC,1,1,,
,1945,RODRIGO GUTIERREZ TAPIA DBA 5 G HA,1,1,,
,2316,SUNSTATE HARVESTERS INC,1,,,1
,2390,RUIZ HARVESTING INC,1,1,,
,2549,EVERGLADES HARVESTING & HAULING IN,,1,,
,,EVERGLADES HARVESTING AND HAULING,3,5,,
,2597,EB HARVESTING,1,1,,
,2818,FC OF ARCADIA INC,2,1,,1
,2820,TEMP LABOR LLC,,,,1
,2922,RAINBROOK FARMS LLC,2,2,,
,2937,JACKSON CITRUS INC,2,1,,1
,2945,F MADRID HARVESTING INC,1,1,,
,3021,GUTIERREZ HARVESTING LLC,1,,,1
,3082,M K HARVESTING INC,1,1,,
,3269,PREMIER PACKING LLC,1,1,,
,3579,AGRICULTURE GROWTH SVCS LLC,1,1,,
,3813,GILLMOR FARMS INC,1,1,,
,3851,SEBRING CITRUS INC,3,3,,
,4034,VASQUEZ CITRUS & HAULING INC,1,1,,
,4132,JFT HARVESTING INC,3,3,,
,4168,L A BERRY FARM INC,1,1,,
,4475,MARTINEZ & SONS TRUCKING LLC,1,1,,
,4483,JESTER BEE CO,1,1,,
,4653,S&S APIARIES,,1,,
,4682,(blank),,,,1
,4903,CARROLL DAVIDSON PARTNERSHIP LTD D,1,1,,
,4958,D/B/A FRANCO MEDINA HARVESTING,1,2,,
,,FRANCO MEDINA HARVESTING,2,2,1,
,5314,TM HARVESTING INC,1,1,,
,5373,DUNSON HARVESTING INC,2,2,,
,5377,RAFAEL BARAJAS,2,2,,
,5391,OSCAR GONZALEZ AND SONS HARVESTING,1,1,,
,5673,GOMELLO LLC,2,2,,
,5682,J HERNANDEZ HARVESTING INC,1,1,,
,5859,DEL SUR HARVESTING INC,1,1,,
,,DEL SUR HARVESTING LLC,4,4,,
,5935,FERNANDO MEZA HARVESTING INC,2,2,,
,6163,JOHNSON HARVESTING INC,1,2,,
,6306,EVERGALDES HARVEST AND HAUL LLC,,1,,
,,EVERGLADES HARVEST AND HAUL LLC,1,1,,
,,"EVERGLADES HARVEST AND HAUL, LLC",1,1,,
,6318,(blank),1,1,,
,6466,STATEWIDE HARVESTING & HAULING INC,1,2,,
,6541,PRIDE HARVESTING LLC,1,1,,
,6790,JBO HARVESTING INC,1,1,,
,6849,HYATT FARMS,,,,1
,6910,BAILEY FARMS SOUTH LLC,1,1,,
,6918,5 G HARVESTING LLC,2,1,,1
,,RODRIGO GUTIERREZ TAPIA DBA 5 G HA,,,1,
,7063,S M HERNANDEZ & SONS INC,3,2,,1
,7359,B & W QUALITY GROWERS INC,8,8,,4
,7497,AG LABOR LLC,2,2,,
,7594,PEQUENO HARVESTING LLC,1,1,,
,7612,GRAINGER FARMS LLC,1,1,,
,7687,USA SPECIALTY SVCS CORP,,,,1
,7744,JOSE M GRACIA HARVESTING INC,2,2,,
,7807,HB HARVESTING INC,1,1,,
,7844,MARIN J CORP,1,1,,
,7921,JBJ ENTERPRISES LLC,2,2,,
,7952,G M HARVESTING INC,1,1,,
,8040,RODRIGUEZ CITRUS HARVESTING INC,1,1,,
,8141,AGRI CREW LLC,3,2,,1
,8177,BADILLO BROTHERS INC,4,3,,1
,8236,P & L HARVESTING LLC,1,1,,
,8397,R&R HARVESTING INC,1,1,,1
,8482,BAUTISTA FARMS TRUCKING LLC,1,1,,
,8591,PAL S APIARIES INC,,1,,
,8811,ALTA CITRUS LLC,,1,,
,8866,D&J AND SON S HARVESTING INC,2,2,,
,8886,HAPPY HARVEST LLC,,1,,
,,HAPPY HARVEST LLKC,1,1,,
,9042,REIHM PRODUCE FARM LLC,1,1,,
,9333,OVERLOOK HARVESTING CO LLC,1,1,,
,9422,VALLEY PRODUCE HARVESTING AND HAUL,,1,,
,9515,BECERRA ENTERPRISES INC,1,1,,
,9624,"DOUBLE J HARVESTING, INC.",1,1,,
,9645,PAUL INC D/B/A CAR TWO,1,1,,
,9670,(blank),1,1,,
,9698,V&S HARVESTING INC,1,1,,
,9966,KUZZEN S INC,9,7,,2
Florida Total,,,131,133,3,22
Georgia,6,H E HARPER FARMS,1,1,,
,,H E HARPER FARMS & HARPER & SONS I,1,1,,
,28,SOUTHERN BLUE FARMS LLC,1,1,,
,46,DRISKELL COTTON FARMS AND BIG CREE,1,1,,
,70,TOM DODD NURSERIES INC,1,1,,
,111,BAYOU MASON PLANTING CO,1,1,,
,131,APRIL MORNING PLANTING CO INC,1,1,,
,150,CHASE SWINDLE FARMS,1,1,,
,179,HOYT ALTMAN BLUEBERRY FARM LLC,1,1,,
,234,F & R GRASSO LLC,1,1,,
,263,MASON PECANS,1,1,,
,272,FITZGERALD FRUIT FARMS LLC,1,,,1
,335,H & W FARMS LLC,1,1,,
,344,MCNEILL LABOR MGMT INC,2,4,,1
,,MCNIELL LABOR MGMT INC,1,1,,
,392,ED LESTER FARMS,2,2,,
,469,CASTILLO HARVESTING LLC,1,1,,
,483,ALVAREZ AND SONS LLC,2,2,,
,485,RANDAL RIVERE FARMS INC,1,1,,
,492,DE &K FARMS PARTNERSHIP,1,1,,
,540,BOOZER FARMS,1,1,,
,541,BAKER ENVIRONMENTAL NURSERY INC,1,1,,
,555,HEAGAN FARMS,1,1,,
,579,DICKEY FARMS INC,1,1,,
,615,SPORTING VALLEY TURF FARMS INC,1,1,,
,778,RA SAPOTE HARVESTING LLC,1,1,,
,799,RINEER FAMILY FARMS LLC,1,,,1
,804,MELO FARMS LLC,1,1,,
,843,JAEMOR FARM MARKET INC,1,1,,
,864,JONATHAN VEGA,1,1,,
,893,WADE FARMS INC DBA ALMA BERRY FARM,1,1,,
,960,GRACE E AGUIRRE GONZALES,1,1,,
,1023,MLH FARMS LLC,1,1,,
,1027,LANCE & DONNA PADGETT JOINT VENTUR,1,1,,
,1069,MOUNTAIN VIEW ORCHARDS LLC,1,1,,
,1097,TREJO LABOR SERVICE LLC,1,1,,
,1112,(blank),1,1,,
,1162,FIDENCIO DIAZ DBA DP AND DIAZ HAR,1,1,,
,,FIDENCIO DIAZ DBA DP AND DIAZ HARV,1,1,,
,1209,RICH ALL FARMS INC,1,1,,
,1265,COHELMS,1,1,,
,1281,BULLOCK FARMS,1,1,,
,1311,MORALES BLUEBERRY HARVESTING LLC,1,1,,
,1324,BAYOU METO FARM GROUP,1,1,,
,1327,SAMSON PARTNERSHIP AND TRINITY FAR,1,1,,
,1345,FRUITWOOD FARMS INC,1,1,,
,1680,MULBERRY SOD FARM,1,1,,
,1708,THE PINE STRAW MAN LLC,1,1,,
,1716,G & R FARMS,1,1,,
,1876,FLOWERWOOD NURSERY INC,1,1,,
,1903,(blank),2,2,,
,1922,IRISH BEND PLANTING INC & BREAUX B,1,1,,
,1939,ROYAL C FARMS LLC,3,2,,1
,1964,SHORE ACRES PLANT FARM INC,1,1,,
,1975,COURSON FAMILY FARMS LLC,1,1,,
,1985,JAZMIN GOMEZ,1,,,1
,2066,(blank),1,1,,
,2097,L & M FARMS OF GA LLC,1,1,,
,,L & M FARMS OF GEORGIA LLC,1,,,1
,2122,(blank),2,2,,
,2126,TRUE VINE NURSERY INC,1,1,,
,2141,TYCOR FARMS LLC,2,1,,1
,2171,ALBERTO & SONS LLC,3,3,,
,2214,ALLYSON L TISDALE,1,,,1
,2265,JESSICA N BRIONES,1,,,1
,2270,(blank),3,3,,
,2285,CANNISNIA PLANTATION LLC & DIAMOND,1,1,,
,2352,TRANSPLANT NURSERY INC,,1,,
,2360,CAJUN CANE FARMS LLC,1,1,,
,2375,J P WALT & SONS INC,1,1,,
,2437,SMILES FARMS AND DOUBLE M FARMS JO,1,1,,
,2557,JDS VENTURES DBA JP S NURSERY,1,1,,
,2667,DIXIE HARVESTING INC,1,,,1
,2777,CLAYTON HURDLE FARMS LLC AND BRADY,1,1,,
,2789,BEN & BEN BECNEL INC,1,1,,
,2826,LAS GEMELAS,2,2,,
,2851,EVANS FARMS G P,1,1,,
,2915,RAYNER PLANTING CO,1,1,,
,2936,B & A CANE INC,1,1,,
,2977,ROCKINGHAM BERRY FARMS LLC,1,1,,
,3059,TED BROUSSARD FARMS INC AND B&B PL,1,1,,
,3064,JIL FARMS LLC AND KENNY PRICE FARM,1,1,,
,3167,(blank),1,1,,
,3189,ANGELINA AG CO LLC AND ANGELINA GR,1,1,,
,3245,LG HERNDON JR FARMS INC,2,1,,1
,3278,(blank),1,1,,
,3290,(blank),1,1,,
,3295,BUDS & BLOOMS NURSERY INC,1,1,,
,3420,J & J HARVESTING LLC,,,,1
,3426,RAMAGOS FARMS INC,1,1,,
,3443,S&J LABOR CONTRACTORS,3,3,,
,3455,(blank),1,1,,
,3519,(blank),1,1,,
,3540,LINZAY FARMS,1,1,,
,3581,MORGAN FARMS INC,1,1,,
,3588,SNOW S BEND FARM INC,1,1,,
,3683,MORRIS FARMS PARTNERSHIP LLC,1,1,,
,3686,(blank),1,,,1
,3714,FLAT ROCK RESOURCES LLC,1,,,1
,3715,HEARN BROTHERS FARM,1,1,,
,3779,ERWIN G THURMOND III,1,,,1
,3794,NOE AGUIRRE,1,1,,
,3854,MCLAIN FARMS INC,1,1,,
,3876,CITY PINESTRAW & HARVESTING LLC,2,2,,
,3898,W H DUNKLIN JR FARMS & DUBLE FISH,1,1,,
,3942,G & L FARM PARTNERSHIP & GNG FARM,1,1,,
,3962,G & C FARM PARTNERSHIP AND LEXIE T,1,1,,
,3969,SELF FARMS PARTNERSHIP,1,1,,
,3993,(blank),1,1,,
,4015,HAYDAY FARM PARTNERSHIP,1,1,,
,4103,J & R BAKER PRODUCE INC,1,1,,
,4168,(blank),1,,,1
,4227,JUSTIN W PETERSON,1,,,1
,4327,GREGORIO TLACUATL,1,1,,
,4391,(blank),1,1,,
,4400,(blank),1,1,,
,4403,MASSEY PRODUCE FARM LLC,1,1,,
,4432,LUIS MARTINEZ,1,1,,
,,REYNALDO GONZALEZ,,,,1
,4464,GREEN VALLEY FARMS INC,1,1,,
,4479,(blank),1,,,1
,4492,JIMMY W. DURBIN FARMS,1,1,,
,4495,(blank),1,1,,
,4534,PERINO S GARDEN CENTER INC,1,1,,
,4536,SELECT TREES ENTERPRISES INC,2,2,,
,4591,(blank),1,1,,
,4639,GRANADOS HARVESTING,1,1,,
,4688,BURNETTE FARMS,1,1,,
,4707,SWINDLE FARMS,1,1,,
,4715,(blank),1,1,,
,4727,MIGUEL PEREZ,,,,1
,4794,MONTE VALLOT S FARM AND DONNY VALL,1,1,,
,4840,LAKE HALL FARMS INC,1,1,,
,4843,ST ISIDORE PLANTERS AND SUNNYSIDE,1,1,,
,4934,CEDAR MEADOW FARM LLC,1,1,,
,4945,SATILLA HARVESTING LLC,2,2,,
,5052,KMX AGRICULTURE,1,1,,
,5107,PICK OF THE SOUTH,1,1,,
,5129,G & H HARVESTING INC,1,1,,
,5174,PEARSON FARM,1,2,,
,5181,DUPONT NURSERY INC,1,1,,
,5201,DUPREE FARMS LLC,1,1,,
,5223,J AND J APRIARIES LLC,1,1,,
,5225,4 WAY FARMS,,,,1
,5228,TLP BROTHERS HARVESTING LLC,2,2,,
,5317,HILL SEED & ELEVATOR INC,1,1,,
,5348,(blank),2,2,,
,5390,JEREMY CALVERT,1,1,,
,5401,NUNEZ PINE STRAW INC,1,1,,
,5466,WINDMILL NURSERY OF LOUISIANA LLC,,1,,
,5470,FAITH NURSERY LLC DBA COUNTRY PINE,1,1,,
,5478,EUBANKS PRODUCE INC,1,1,,
,5533,THE FARMERS SOLUTION LLC,,1,,
,5637,(blank),1,1,,
,5715,JAMES E LIPSCOMB & SONS INC DBA RI,1,1,,
,5792,BEAVER FARMS,1,1,,
,5850,(blank),1,1,,
,5860,VPC PRODUCE LLC,1,1,,
,5907,JOEDD POYNER FARMS,1,1,,
,5991,SALGADO HARVESTING LLC,3,2,,
,6014,MARJE FARMS AND EIFLING FARMS GEN,1,1,,
,6068,MARGIRIC FARM LLC,1,,,1
,6084,(blank),1,1,,
,6091,BCRS INVESTMENT LLC,1,,,1
,,BCRS INVESTMENTS LLC,2,2,,
,6149,GREBEL PECAN SVCS INC,1,1,,
,6186,ROJAS AND SIMON HARVESTING LLC,1,1,,
,6210,K & T FARMS INC,1,1,,
,6217,GILBERTO VENTURA,1,1,,
,6259,(blank),1,1,,
,6281,CARPENTER PRODUCE,1,1,,
,6357,JACK B JACKSON & SONS PARTNERSHIP,1,1,,
,6362,HALEY BELLE FARMS INC,1,1,,
,6363,BALD EAGLE FARMS,1,1,,
,6421,PROMISE LAND HARVESTING LLC,2,2,,
,6425,MARIA T QUINTINO DE PEREZ,1,1,,
,6488,B Y FARM GRP YODER FARMS PARTNERSH,1,1,,
,6494,LUCAS GREENHOUSES,1,1,,
,6497,DEJ FARMS LLC,1,1,,
,6541,BAYOU BARRE FARMS LLC,1,1,,
,6575,WHITE GATE FARM LLC,1,1,,
,6649,CKT PRODUCE LLC,1,,,1
,6651,OXBOW FARMS INC & PALSA FARMS JOIN,1,1,,
,6723,BG WILLIAMS FARMS LLC,3,2,,1
,6725,BOREL FARMS LLC,1,1,,
,6801,TRIPLE M FARMS OF ASHLEY COUNTY LL,1,1,,
,6829,TOWNSEND BROTHERS FARMS INC,1,1,,
,6881,SERAFICO JAIMES,2,2,,
,6887,G&R TURNER FARMS LLC,1,1,,
,6896,CAM TOO CAMELLIA NURSERY INC,1,1,,
,6925,PEMBLE FARMS PARTNERSHIP II,1,1,,
,6960,(blank),1,1,,
,7035,BECK S TURF INC,1,1,,
,7044,SEGA BLUEBERRY LLC,1,1,,
,7091,O REA & SONS HARVESTING & HAULING,1,1,,
,7181,ORNELAS HARVESTING INC,1,1,,
,,"ORNELAS HARVESTING, INC.",1,1,,
,7230,SANDYVIEW FARM,1,,,1
,7260,TERRY & JOE BAKER FARMS LLC,1,1,,
,7287,MARTIN L GARCIA,1,1,,
,,(blank),1,1,,
,7372,C & D AGRICULTURE LLC,3,3,,
,7384,AAA FARIA LLC,1,,,1
,7404,LIUZZA PRODUCE FARM INC,1,1,,
,7429,SWEETWATER CREEK HONEY FARM LLC,2,1,1,
,7480,PAUL PACE FARMS AND L & D PRODUCE,1,1,,
,7638,ELGIDIO JACOBO GONZALEZ,1,1,,
,7702,S & L FINCH FARMS,1,1,,
,7832,HAMILTON GROWERS INC,4,3,,1
,7924,GLADES PLANTING LLC,1,1,,
,8017,NORTON CREEK FARMS INC,2,2,,
,8018,(blank),1,1,,
,8020,JUBILEE PACKING INC,1,1,,
,8045,ALFREDO VEGA,1,1,,
,8246,GREGG DAY FARMS,1,1,,
,8288,MIKE MONCRIEF LLC,,,,1
,8304,GUILLOT FARMS INC,1,1,,
,8457,CASSADAY FARMS LLC,1,1,,
,8493,BEAUD FARMS,1,1,,
,8579,MCCORKLE NURSERIES INC,1,1,,
,8617,DOMINGUEZ FARMS,,1,,
,8662,(blank),2,1,,1
,8668,GRAHAM FARMS CROP & CATTLE LLC,2,2,,
,8733,CHASE GASAWAY FARMS,1,1,,
,8736,J S EDWARDS FARMS LLC,1,1,,
,8744,MORTON AG PARTNERSHIP,1,1,,
,8750,BEIZA BROTHERS HARVESTING LLC,2,2,,
,,(blank),,1,,
,8793,AGUILAR HARVESTING LLC,,,,1
,8823,ZRH FARMS LLC,1,1,,
,8873,SPRING HILL PRODUCE LLC,,1,,
,9008,C & D FARMS,1,1,,
,9054,TOPASHAW FARMS PARTNERSHIP,1,1,,
,9068,GREENFOREST NURSERY INC,,1,,
,9163,BIG D FARMS OF LULING LLC,1,1,,
,9185,WISE VEGETATION MGMT LLC,1,1,,
,9192,CASTRO HARVESTING,,,,2
,,CASTRO HARVESTING LLC,,,,1
,9240,DRY BRANCH INC,2,2,,
,9248,HACKBERRY FARMS PARTNERSHIP,1,1,,
,9254,NOBLE FARMS,1,1,,
,9290,MILES BROS FARMS AND ABCO FARM PAR,1,1,,
,9345,SHILOH BERRY FARMS INC,1,1,,
,9461,CRAMER S INC,1,1,,
,9525,R A LEASING LLC,2,2,,
,9543,RODRIGUEZ HARVESTING LLC,3,3,,
,9557,CHAPPELL MILL TREES LLLC,1,1,,
,9619,CADRON CREST ORCHARD,1,1,,
,9671,JHC FARMS,,1,,
,9711,BONNIE PLANTS INC,17,18,,
,9798,(blank),1,1,,
,9849,LIVE OAK GARDENS LTD,1,1,,
,9872,BUENAVISTA LAND SVCS LLC,,1,,
,9938,PINA FARMS LLC,1,1,,
,9948,TREJO BROS PRODUCE LLC,2,2,,
,9966,BLAND FARMS PRODUCTION AND PACKING,3,3,,
,9979,FRANCISCO GUTIERREZ,2,1,,1
Georgia Total,,,302,288,1,35
Hawaii,610,HAWAII ISLAND HONEY CO LLC,,1,,
,3864,CLOUD FOREST COFFEE LLC,1,1,,
,5554,BAYOU TORTUE APIARIES LLC,,1,,
,9337,WAIKELE FARMS INC,1,1,,
Hawaii Total,,,2,4,,
Idaho,,ZITO FARMS LLC & KEN PATTERSON FAR,1,1,,
,6,RUFFATTO LAND & CATTLE CO,1,1,,
,13,WILL ROWE FARM,1,1,,
,41,(blank),1,1,,
,64,FAIRCHILD SHEARING LLC,,2,,
,73,"WAHOO RANCH, LLC",1,1,,
,79,SPUR CROSS RANCH LLC,1,1,,
,111,GRANDVIEW RANCH,1,1,,
,137,CENARRUSA FARMS INC,1,1,,
,156,TUMA FARMS INC,1,1,,
,162,(blank),1,1,,
,217,REISINGER APIARIES INC,1,1,,
,227,REX BAUM FARMS INC,1,1,,
,237,SHOESOLE FARMS INC,1,1,,
,265,MYTTY ANGUS RANCH LLC,1,1,,
,276,CHAD HOLDAWAY FARMS INC,1,1,,
,313,HARDING NURSERY INC,1,1,,
,351,ROCK CREEK CANYON RANCH INC,1,1,,
,378,LEAVITT BROTHERS FARMS LLC,,1,,
,395,BIG SKY SEED LLC,1,1,,
,410,GEM VALLEY FARMS INC,1,1,,
,420,BLAINE LARSEN FARMS INC,9,9,,
,,"BLAINE LARSEN FARMS, INC.",1,1,,
,429,SHORELINE FARMS LC,1,1,,
,444,STEVENSON & SONS LLC,1,1,,
,454,CHALLIS CREEK CATTLE CO LLC,2,2,,
,456,RODNEY HANSEN FARMS INC,1,1,,
,482,EAGLE VALLEY RANCH LLC,1,1,,
,498,D & K FARMS LLC,1,1,,
,501,LOUIS SCATENA RANCH,1,1,,
,505,BEARD FARMS,1,1,,
,547,HW BURNS FAMILY LLC DBA BURNS RANC,1,1,,
,556,TUCKER CROSSING RANCH,1,1,,
,560,GOLDEN RIDGE FARMS,1,1,,
,595,MADISON VALLEY GARDEN RANCH LLC,1,1,,
,625,BKS FARMS LLC,1,1,,
,636,ASTLE FARMS LLC,1,1,,
,650,OAK VALLEY DAIRY LLC,1,1,,
,663,(blank),1,1,,
,713,D C FARMS,1,1,,
,720,GRANT NEIBAUR & SONS FARMS,1,1,,
,726,MARK E KUEHL DBA KUEHL FARMS,1,1,,
,733,VAN DEUSEN RANCH INC,1,1,,
,734,(blank),1,1,,
,744,BEAVER MACHINE & CATTLE CO,1,1,,
,756,TIMM ADAMS FARMS INC,2,2,,
,767,COWAN & SON A MONTANA CORP,1,1,,
,809,RICHARD DICK LUECK DBA LUECK RANCH,1,,,1
,823,JORGE TORRES (J TORRES FARMS),1,1,,
,824,HENGGELER PACKING,1,1,,
,839,RAFTER RANCH INC,1,1,,
,847,ALEXANDRE DAIRY,1,1,,
,866,GRANT III FARMS INC,1,1,,
,871,BLICK BROTHERS FARMS INC,1,1,,
,878,DALE EVANS DAIRY INC,1,1,,
,891,THIEL PIONEER FARMS INC,1,,,1
,901,BIDLAKE RANCH,1,,,1
,925,SMALL RANCHES,1,1,,
,938,FOWERS INC,1,1,,
,959,VALLIVUE FARMS INC,1,1,,
,965,ASTORQUIA & ASTORQUIA LP DBA ASTOR,1,1,,
,972,J & S RANCH,1,1,,
,1018,DAVENPORT FARMS INC,1,1,,
,1025,WESTSIDE GENERAL PARTNERSHIP,1,1,,
,1036,AVERY RANCH,1,1,,
,1059,KIRK M JACOBS DBA KIRK JACOB FARMS,1,1,,
,,KIRK M JACOBS DBA KIRK JACOBS FARM,2,1,,1
,1105,TASH T DIAMOND LIVESTOCK INC,1,1,,
,1128,KARL JOSLIN DBA JOSLIN FARMS,2,2,,
,1133,RANDY GILLETTE FARMS INC,1,1,,
,1136,MARSH FAMILY RANCH PARTNERSHIP,2,2,,
,1141,JUSTIN PRICE FARMS LLC,1,1,,
,1144,WATTENBARGER FARMS,1,1,,
,1145,ARCADIA AG LLC,1,1,,
,1167,(blank),1,1,,
,1177,(blank),1,1,,
,1188,ERIC ORR DBA JECKO FUTURES / FARM,1,1,,
,1197,SITZ ANGUS RANCH AND LIVESTOCK OPE,1,1,,
,1231,JIM DIXON FARMS LLC,1,1,,
,1245,KIRT HANSEN FARMS INC,1,1,,
,1247,(blank),1,1,,
,1261,HULL FARMS INC,2,2,,
,1326,RONALD ESPLIN & SONS LTD,1,1,,
,1346,OBENDORF HOP INC,1,1,,
,1351,EDWARD POTUCK DBA LAZY SNAKE RANCH,1,1,,
,1382,DENNIS FRANSEN FARMS INC,1,1,,
,1387,(blank),1,1,,
,1389,T VILLE AG,1,1,,
,1424,SIEBEN LIVE STOCK CO,2,2,,
,1430,STANDLEE AG RESOURCES,1,1,,
,1458,EVAN & LUCAS WOOD LAND & CATTLE LL,1,1,,
,1537,BAUMAN RANCH STEVE BAUMAN,1,1,,
,1543,MARK L DARRINGTON MARK DARRINGTON,1,1,,
,1553,PLUS Z LLC,1,1,,
,1560,BEUTLER FARMS LLC,1,1,,
,1574,AG RESERVES INC DBA WINNECOOK RANC,1,1,,
,1576,MATHEWS BROTHERS LLC,1,1,,
,1597,LENZ FARMING LLC,1,1,,
,1618,BELL CROSS RANCH LLC,2,2,,
,1646,P & J RANCHES INC,1,1,,
,1677,ROBISON FARMS INC,1,1,,
,1703,(blank),1,1,,
,1704,(blank),1,1,,
,1713,DAVID PATRICK FARMING LLC,1,1,,
,1716,VISTA VALLEY AG INC,1,1,,
,1769,ADELSHEIM VINEYARD LLC,1,1,,
,1812,MILE HIGH SOD FARM INC,1,1,,
,1814,(blank),1,1,,
,1817,(blank),1,1,,
,1819,SEVEN UP BAR RANCH INC,1,1,,
,1849,RDL FARMS LLC,1,1,,
,1871,C S C FARMS,1,1,,
,1877,CHENEY FARMS INC,2,2,,
,1889,DAYTON VALLEY TURF INC,1,1,,
,1890,APPLE CREEK PROPAGATORS INC,1,1,,
,1908,HANSEN FARMS OF IDAHO LLC,1,1,,
,1916,KEITH WILCOX & SONS INC,1,1,,
,1973,TITMUS FAMILY FARMS LLC,1,1,,
,1977,WESTERN RANGE ASSN,111,114,,3
,,WESTERN RANGE ASSO,1,1,,
,,WESTERN RANGE ASSOCIATION,23,26,,1
,1991,M PARKINSON & CO INC,1,1,,
,2010,WINDY ACRES INC,1,1,,
,2029,TEWS LAND & LIVESTOCK INC,1,1,,
,2039,CH PETERSON OPERATIONS LLC,1,1,,
,2058,DARRELL R LEE DBA NEVER SWEAT RANC,1,1,,
,2065,R BAR N RANCH LLC,1,1,,
,2079,BITTERSWEET FARMS LLC,1,1,,
,2124,KEARSLEY TREES INC,1,1,,
,2125,FOLSOM CATTLE MGMT SVCS LLC,1,1,,
,2130,FAIRFIELD RANCHES INC,1,1,,
,2133,BT CHRISTENSEN FARMS LLC,1,1,,
,2159,LC MCINTYRE FARMS LLC,1,1,,
,2191,HALF MOON LLC DBA HALF MOON RANCH,1,1,,
,2235,HUEY FARMS INC,1,1,,
,2248,ROOST POTATO CO INC,1,1,,
,2265,BROCK AND PHILLIP OBENDORF FARMS L,1,1,,
,2306,WAGNER FARM,1,1,,
,2351,G & L RANCHES,1,1,,
,2360,DONLEY FARMS INC,1,1,,
,2397,BUYAN RANCH INC,1,1,,
,2400,(blank),1,1,,
,2406,PICABO LIVESTOCK CO,1,1,,
,2461,DIAMOND I INC,1,1,,
,2468,N & L JOHNSON FARMS LLC,1,1,,
,2470,WOLFE BROTHERS INC,2,2,,
,2492,NEVADA ONION INC,1,1,,
,2495,BITTERROOT SPRINGS RANCH,1,1,,
,2504,FARM DEVELOPMENT CORP,1,1,,
,2511,DEAN SNARR & SON LLC,1,1,,
,2630,VALLEY PACIFIC FARMS LLC,1,1,,
,2671,GODFREY BROTHERS FARMS INC,1,1,,
,2689,BOSEN LAND & LIVESTOCK LLC,1,1,,
,2696,DAVID D KEITH DBA RAFTER LAZY C FA,1,1,,
,2702,BAUSCH POTATO INC,1,1,,
,2704,(blank),1,1,,
,2712,BIRCH FARMS INC,1,1,,
,2715,MCCOY CATTLE LLC,1,2,,
,2726,SYMMS FRUIT RANCH INC,1,1,,
,2727,SUMMIT VALLEY TURF FARMS LLC,1,1,,
,2736,CL HANSEN FARMS INC,1,1,,
,2771,TRAVIS WEEKS FARMS INC,1,1,,
,2775,BARTON JAY WEBSTER DBA WEBSTER FAR,1,1,,
,2828,WAY A FARMS INC,1,1,,
,2881,SOUTHSIDE FARMING LLC,1,1,,
,2883,REYNOLDS FARMS INC,1,1,,
,2894,WINDING RIVER FARMS,1,1,,
,2898,4 ACE FARMS LLC,1,1,,
,2903,MULDOON RANCH CO LLC,1,1,,
,2904,VINCE FEHRINGER FARMS,1,1,,
,2939,BRANDON RUN GP,1,1,,
,2988,BRIESE BROTHERS HAVRE,1,1,,
,3003,DOUBLE H AG INC,1,1,,
,3041,ARTHUR R HENRY FARMS INC,1,1,,
,3056,BRENT LOTT FARMS,1,1,,
,3064,D & B AG INC,1,1,,
,3067,BUHMANN APIARIES INC,1,1,,
,3076,LINSE RANCH LLC,1,1,,
,3177,PAGE WHITHAM LAND & CATTLE LLP MAT,1,1,,
,3196,HOLYOAK GREEN CHOP LLC DBA HOLYOAK,1,1,,
,3197,WESTERN RANGE ASSN,1,1,,
,3219,FELLOWSHIP FARMS INC,1,1,,
,3227,MARSH LAND & LIVESTOCK INC,,,,1
,3229,(blank),1,1,,
,3258,SCHAEFFER FARMS GP,1,1,,
,3263,PARK LIVESTOCK CO,2,2,,
,3283,US 2 FARMS,1,1,,
,3312,CIRCLE P FARMS LLC,1,1,,
,,MCCALL FARMS INC,1,1,,
,3345,CENTENNIAL LIVESTOCK INC,1,1,,
,3357,DORN FARMS INC,1,1,,
,3426,JACKSON HOP LLC,1,1,,
,3459,MILLER CATTLE CO,2,2,,
,3487,MIX MILLER FARMS LLC,1,1,,
,3510,VANDERSLOOT FARMS INC DBA RIVERBEN,1,1,,
,3545,P BAR S FARMS INC,1,1,,
,3553,(blank),1,1,,
,3668,JOSEPH M OLER DBA OLER FARMS,1,1,,
,3671,SEARLE AG LLC,3,3,,
,3698,HIGH ALPINE LLC,1,1,,
,3703,VAN BEEK DAIRY,1,1,,
,3714,BEAVERHEAD RANCH LLC,1,2,,
,3722,(blank),1,1,,
,3735,EME CUSTOM FARMING LLC DBA AREA CU,1,1,,
,,(blank),1,1,,
,3773,SCOTT BENNETT FARMS,1,1,,
,,WET & WILD LLC,1,,,1
,3786,ALAN BROWN,1,,,2
,,SIERRA DEL RIO RANCH LLC,1,1,,
,3807,R LAYNE HARRIS FARMS,1,1,,
,3833,GEORGE STOLTZ STOLTZ LAND & CATTLE,1,1,,
,3840,BRADLEY LIVESTOCK LC,1,1,,
,3863,WALES BROS CORP DBA MEYER CO RANCH,1,1,,
,3867,ENSZ FARMS PARTNERSHIP,1,1,,
,3876,LOVELL & COOK PARTNERSHIP DBA LOVE,1,1,,
,3880,CARSON FARMS LLC,1,1,,
,3902,SOBOTKA FARMS LLC,1,,,1
,3933,CY RANCHS LLC,1,1,,
,3942,ROUNDS FARMS,1,1,,
,3945,DOUBLE G LLC,1,1,,
,3973,(blank),1,1,,
,3981,(blank),1,1,,
,3995,VAL F & LORI WAHLEN VAL WAHLEN FAR,1,1,,
,4021,JENTZSCH KEARL FARMS,2,2,,
,4033,ERNIE S ORGANICS LLC,1,1,,
,4037,GRIZZLY CRK RANCH DBA GRIZZLY CRK,1,1,,
,4051,(blank),1,1,,
,4067,4 B S FARMS INC,1,1,,
,4076,ZWEIFEL FARMS INC,1,1,,
,4095,STEVEN LONGHURST FARMS,1,1,,
,4122,HORSE CREEK HAY & CATTLE LLC,1,1,,
,4123,STEPHEN BOREN DBA ARROW B RANCHES,1,1,,
,4129,TREE TOP RANCHES LLC,1,1,,
,4144,SMH CATTLE CO LLC,2,2,,
,4174,LANCE & LISA FUNK PARTNERSHIP,1,1,,
,,LANCE AND LISA FUNK PARTNERSHIP,1,,,1
,4175,MONTY & CAROLENE FUNK DBA COUNTY L,1,1,,
,4180,GEHRING AGRI BUSINESS,1,1,,
,4216,BLINCOE FARMS INC,1,1,,
,4219,EUGENE TABER TABER RANCH LLC,1,1,,
,4305,LAZY AS FARMS,1,1,,
,4306,DOUBLE EAGLE FARMS LLC,1,1,,
,,SEARLE LAND AND CATTLE LLC,1,1,,
,4318,DOUBLE J LIVESTOCK LLC,,1,,
,4319,VALLEY VIEW OF MAGIC VALLEY,1,1,,
,4357,PARK RIVER SPLIT RANCH LLC,1,1,,
,4387,JEFFREY HAWLEY DBA HAWLEY LAND & L,1,1,,
,4391,UFFELMAN FARMS INC,1,1,,
,4435,SHAWVER FARMS INC,1,1,,
,4481,AARON BALL FARMS INC,1,1,,
,4516,GILES & MEYERS FARMS LLC,1,1,,
,4527,POTEET FARMS INC,1,1,,
,4566,OLA INC DBA FLYING V BAR RANCH,1,1,,
,4593,CRU CATTLE INC,1,1,,
,4607,ROBERT J MEYERS FARMS INC,1,1,,
,,"ROBERT J. MEYERS FARMS, INC.",1,1,,
,4648,(blank),1,1,,
,4662,(blank),1,1,,
,4676,K & C WAHLEN LIVING TRUST DBA KIM,2,2,,
,4684,(blank),2,2,,
,4706,WHISKEY CREEK RANCH LLC,1,1,,
,4731,TELLEZ FARM LLC,1,1,,
,4738,TETON MOTORS INC DBA TETON TOYOTA,1,1,,
,4751,PARKINSON FDN SEED FARM INC,1,1,,
,4789,LAST HURRAH RANCH INC,1,1,,
,4830,GRANT FARMS,1,1,,
,4840,SPENCER BRIAN LOTT DBA BRIAN LOTT,1,1,,
,4870,WINECUP GAMBLE INC,1,1,,
,4888,WOODEN SHOE FARMS,1,1,,
,4961,HULTS FARMS,1,1,,
,4970,RON LOVELL VALLEY FARM LLC,1,1,,
,4991,SCHUETT FARMS,2,2,,
,5052,(blank),1,1,,
,5057,SWAGER FARMS LLLP,1,1,,
,5083,(blank),1,,,1
,5102,THIEL BROTHERS LLC,1,1,,
,5167,BAR C INC,3,3,,
,5169,THE TURF CO OF NV INC DBA HIGH DES,2,2,,
,,THE TURF COMPANY OF NV INC DBA HIG,1,1,,
,5188,STEELE FARMS INC,1,1,,
,5211,(blank),1,1,,
,5234,SRI RANCH HOLDINGS DBA HAMILTON RA,1,1,,
,5237,(blank),1,1,,
,5239,RANDY UFFELMAN INC,1,1,,
,5258,KRAUS FARMS LLC,1,1,,
,5286,FREY FARMS INC,1,1,,
,,SUMMERCO MGMT INC,1,1,,
,5287,SUMMERS FARM & RANCH INC,1,1,,
,5289,GARY BERRINGTON RANCH,1,1,,
,5294,HAYDEN CREEK RANCH LLC,1,1,,
,5296,BIG WOOD FARMS LLC,1,1,,
,5303,TODD L JENKINS FARMS,1,1,,
,5310,(blank),1,1,,
,5334,ERIC KUEHNE FARMS LLC,3,3,,
,5430,BEAVERHEAD 7 UP RANCH INC,1,1,,
,5462,SIAN LAND & LIVESTOCK INC,1,1,,
,5510,WILLIAM HUBERT SHAW DBA SHAW LAND,1,1,,
,5517,COLEMAN ANGUS,1,1,,
,5536,RHETT WATSON FARMS INC,1,1,,
,5608,(blank),1,1,,
,5638,T & K FARMS,1,1,,
,5646,MAGIC IRRIGATORS INC / MAURICE H E,1,1,,
,5649,GIBBS FARMS LLC,2,2,,
,5670,RICKS HAY FARMS LLC,1,1,,
,5678,WALTERS & WALTERS A JOINT VENTURE,1,1,,
,5680,(blank),1,1,,
,5686,FLAT TOP SHEEP CO,1,1,,
,5691,COLORADO TURF INC,1,1,,
,5713,FOSTER FARMS,1,1,,
,5719,RYAN JOHNSON FARMS LLC,1,1,,
,5747,SILVER SPRING RANCH,1,1,,
,5797,J & K FARMS INC,1,1,,
,5799,TRAIL RANCHES INC,1,1,,
,5848,HUNEWILL LAND & LIVESTOCK CO INC,1,1,,
,5858,LIFELINE FARM INC,1,1,,
,5925,NICHOLAS K WESTENDORF DBA 4L FARMS,1,1,,
,5972,R PRUYN RANCH LLC,1,1,,
,5973,BIG SKY RANCH LLP,1,1,,
,5985,BOBRICK BROTHERS INC,2,1,,1
,5990,BEEM FARMS INC,1,1,,
,6026,W R BAXTER WHOLESALE NURSERY,1,1,,
,6027,GOTT FARMS LLC,1,1,,
,6036,HANSEN LIVESTOCK CO,1,1,,
,6037,RT KANDLER LLC,2,2,,
,6048,CALDWELL FARMS LLC DBA CALDWELL RA,1,1,,
,6118,ROTH FARMS GEN PARTNERSHIP,1,1,,
,6127,MARTINDALE AG CO LLC,1,1,,
,6163,CEDAR VIEW DAIRY LLC,1,1,,
,6186,WILLIAM ALLEN MARTIN DBA ALLEN & D,1,1,,
,6194,5 S FARMS INC,1,1,,
,6200,GLENN DALE RANCHES INC,1,1,,
,6216,HD DUNN & SON ANGUS RANCH LLC,1,1,,
,,HOBSON RANCH MANAGEMENT,1,1,,
,6238,CARNEY FARMS,1,1,,
,6241,(blank),1,1,,
,6246,KENNY ANDERSON INC,1,1,,
,6254,MONTANA POLLINATIONS INC,1,1,,
,6268,M & M FARMS LLC,1,1,,
,6296,CORNWELL RANCH,1,1,,
,6349,SANTANA RANCH ROBERT DIXON,1,1,,
,6369,T & B RANCH INC,1,1,,
,6390,WOLF ONE FARMS INC,2,2,,
,6397,KENDALL SEDER FARMING,1,1,,
,6398,(blank),1,1,,
,6422,SCHUTTER SEED FARM INC,1,1,,
,,TERRENCE M & PAULA SCOTT DBA TIMBE,1,1,,
,6428,(blank),1,1,,
,6438,WILCOCK LAND & LIVESTOCK LLC,2,1,,1
,6459,(blank),1,,,1
,6483,FLYING H CORP,1,1,,
,,FLYING H CORP.,1,1,,
,6550,HOLLIFIELD RANCHES INC,1,1,,
,6557,PARKS FARMS,1,1,,
,6575,(blank),1,1,,
,6586,BRANCH FARMS LLC,1,1,,
,6606,(blank),1,1,,
,6611,J R SIMPLOT / GRAND VIEW FARMS,1,1,,
,6765,ROBERT J WUESTE LLC,1,1,,
,6807,J C RANCHES INC,1,1,,
,6838,BIG VALLEY SOD FARMS INC,1,1,,
,6870,JEROME CLINGER FARMS,1,1,,
,6886,CLAYTON TREE FARM LLC,1,1,,
,6900,(blank),1,1,,
,6916,ROCKY HOLLOW INC,1,1,,
,6929,KRIS KELLEY KELLEY & SONS LLC,1,1,,
,6931,GILMAN IH CATTLE CO,1,1,,
,6949,KIRK S EGBERT RANCHES INC,1,1,,
,6973,BERGH FARMS LLC,2,2,,
,7003,TRIPLE R FARMS LLC,2,2,,
,7099,BROKSLE RANCH INC,1,1,,
,7120,(blank),1,1,,
,7151,REBISH & HELLE PARTNERSHIP,2,2,,
,7158,D & K HALE FARMS LLC,1,1,,
,7176,3 STRING CATTLE OF IDAHO LLC,1,1,,
,7242,ROLLHEISER FARMS INC,1,1,,
,7269,J & V DAIRY LLC,1,1,,
,7295,NEDENS FARMS INC,1,1,,
,7314,HOWELL FARMS INC,1,1,,
,7327,BITTERROOT NURSERY,1,1,,
,7343,FAHNESTOCK ENTERPRISES INC DBA WES,1,1,,
,7390,R & L LEZAMIZ INC,1,1,,
,7401,LEMHI FRONTIER LLC DBA BAR DOUBLE,1,1,,
,7414,(blank),1,1,,
,7420,TASH RANCH CO,1,1,,
,7426,TAYLOR & SONS FARMS INC,1,1,,
,7431,REYNOLDS BROTHERS LLP,1,1,,
,7477,WILLOW SPRINGS RANCH,1,1,,
,7499,HOPLAND LLC,1,1,,
,7529,A K MOYLE RANCH INC,1,1,,
,7530,PARK RANCH LLC,1,1,,
,7531,C C & P FARMS LLC,1,1,,
,7539,DRISCOLL BROTHERS PARTNERSHIP L L,2,2,,
,7542,RATZLAFF FARMS INC,1,,1,
,7586,FAULKNER LAND & LIVESTOCK CO,1,1,,
,7606,RL BROWN FARMS LLC,1,1,,
,7614,ROGER STUTZMAN FARMS INC,1,1,,
,7621,RUBY HABITAT FOUNDATION INC,1,1,,
,7637,DICK HIRSCHY CATTLE INC,2,2,,
,7639,CSS POTATO FARMS LLC,2,2,,
,7644,S BAR B RANCH,1,1,,
,7646,BAKER RANCHES INC,1,,,1
,7665,LA CENSE MONTANA LLC,2,2,,
,7766,BRETT W JENSEN DBA BRETT JENSEN FA,1,1,,
,7771,DOUBLE FORK LLC,1,1,,
,7773,PENDERGAST RANCH INC,1,1,,
,7783,PARKINSON SEED FARM INC,2,2,,
,7797,J & D FARMS INC,1,1,,
,7840,MATT NAIL FARMS LLC,1,1,,
,,(blank),1,1,,
,7862,C B RANCH LLC,1,1,,
,7864,EGGEN LAND & CATTLE CO LLC,1,1,,
,7873,MOYLE MINK & TANNERY INC,1,1,,
,7881,JACK HIRSCHY LIVESTOCK INC,2,2,,
,7885,JOCKO VALLEY CATTLE LLC,1,1,,
,7905,BR RICKS FARMS INC,1,1,,
,7911,PRATT CREEK RANCH,1,1,,
,7916,(blank),1,1,,
,7925,SMITH FARMS INC,1,1,,
,7933,JORGENSEN MANAGEMENT INC,1,1,,
,7984,SALMON FALLS LAND & LIVERSTOCK CO,1,1,,
,8020,LOOSLI LAND & CATTLE INC,2,2,,
,8044,SABALA FARMS INC,1,1,,
,8049,BURUSCO FARMS,1,1,,
,8061,DRY CREEK FARMS LLC,1,1,,
,8071,(blank),1,1,,
,8099,5 L RANCH CORP,2,2,,
,8112,KENNETH E JR & JACQUELINE A WHEELE,1,1,,
,8122,NELSON ANGUS RANCH LLC,1,1,,
,8127,MCFARLAND PRODUCE LLC,1,,,1
,8147,K & B FARMS INC,1,1,,
,8148,BRET ROBINS FARMS,1,1,,
,8164,WOERNER FARMS LLC,1,1,,
,8198,"D. YAM FARMS, LLC",1,1,,
,8216,HOLDAWAY RANCH INC,1,1,,
,8220,(blank),1,1,,
,8243,HILLSIDE RANCH,1,1,,
,8270,(blank),1,1,,
,8280,EDWARDS RANCH LLC,1,1,,
,8286,ROSS HANSEN RANCH,1,1,,
,8306,REBISH/ KONEN LIVESTOCK LP,1,1,,
,8335,ANDREW MARTIN FARMS LLC,1,1,,
,8339,(blank),1,1,,
,8346,BILL JENSEN & SON INC,1,1,,
,8366,HIRAI FARMS LLC,1,1,,
,8378,SCHATZ BROTHERS INC,1,1,,
,8393,SANTA MARGARITA RANCH LLC,1,1,,
,8415,SCEIRINE FREDRICKS RANCH,1,1,,
,8423,LB FARMS LLC,1,1,,
,8524,DOUGLAS R MEYERS FARMS,1,1,,
,8531,(blank),1,1,,
,8534,(blank),1,1,,
,8553,ERB LIVESTOCK JOHN ERB,2,2,,
,8585,THOMPSON FARMS INC,1,1,,
,8595,WHITESIDES DAIRY INC,1,1,,
,8634,BRUCE BEAN FARMS INC,1,1,,
,8663,V O ENTERPRISES,1,1,,
,8671,WANG RANCH LLC,1,,,1
,8673,DALLAN JEPPESEN INC,1,1,,
,8675,ROGERS RANCH L L C,1,1,,
,8699,BLUE COLLAR FARMS LLC,1,1,,
,8711,QUARTER CIRCLE W LLC,1,1,,
,8715,JEPPESEN BROTHERS RANCH,1,1,,
,8717,SUNRISE ORGANIC DAIRY LLC,1,2,,
,8764,DELTA TRANSPORT LLC,1,1,,
,8771,LAKEVIEW AG & LIVESTOCK LLC,1,1,,
,8784,DIAMOND K FARMS,1,1,,
,8802,DANCE FARMS LLC,1,,,1
,8812,RODNEY D & REBECCA LAKE DBA LAKE A,1,1,,
,8821,DIXON FARM & RANCH LLC,1,1,,
,8856,H DAVID CHRISTENSEN,1,1,,
,8880,CLEN ATCHLEY DBA CEA CORP INC,1,1,,
,,SILVER RIDGE RANCH INC,1,1,,
,8898,JOHN R MARSHALL FARMS,1,1,,
,8901,BITTERROOT STOCK FARM INC DBA BRSF,1,1,,
,8918,FLYING H FARMS PARTNERSHIP,1,1,,
,8970,CENTURY AG INC,3,3,,
,8973,T L K FARMS INC,1,1,,
,8988,GREGORY A MANN DBA TRIANGLE M FARM,1,1,,
,9001,BALL TRADING CO INC,1,1,,
,9057,NATHAN SCHROEDER DBA N & M FARMS,1,1,,
,9063,M & M FARMING INC,1,1,,
,9096,SUTHERLIN FARMS LLC,1,1,,
,9103,MICHAEL G STEINMANN DBA DOUBLE S F,,1,,
,9107,LS CARSON MINK RANCH LLC,1,1,,
,9115,SUNRAIN VARIETIES LLC,1,1,,
,9128,CEDAR FARMS INC,1,1,,
,9139,(blank),1,1,,
,9170,WOLFE HEREFORD RANCH,1,1,,
,9178,JON WELLS FARMS INC,1,1,,
,9182,HARPER FAMILY LLC,1,1,,
,9183,ROCK CREEK CATTLE CO LTD,1,1,,
,9188,G RANCHES INC,1,1,,
,9190,(blank),1,1,,
,9193,ARKOOSH WILLIAM F & KAREN/WILLIAM,1,1,,
,9297,MITCH NEIBAUR FARMS LLC,1,1,,
,9330,BROWN & BROWN OF MT INC,1,1,,
,9369,PEP PARTNERSHIP,1,1,,
,9387,R & C FARMS,1,1,,
,9395,JURICA CORP,1,,,1
,9475,RALPH JOHNSON FARM PARTNERSHIP,1,1,,
,9488,YOUNG S RIVERFRONT RANCH LP,1,1,,
,9515,ARLAN R ISAAC,1,1,,
,9562,DAVID TUK NEDROW NEDROW BROTHERS F,1,,,1
,9584,BROKEN CIRCLE RANCH,1,1,,
,9593,HUNTSMAN RANCH CO,1,1,,
,9599,EAMES ACRES INC,1,1,,
,9600,MALESICH RANCH CO,1,1,,
,9652,CLARK CANYON RANCH LLC,1,1,,
,9677,DARROW FARMS INC,1,1,,
,9697,KRIS TAYLOR FARMS INC,2,2,,
,9701,AARON POVEY FARMS,1,1,,
,9715,RIVER RANCH ENTERPRISES INC,1,1,,
,9729,GRANT 4 D FARMS LLC,2,2,,
,9745,LUKE HICKS DBA HICKS LIVESTOCK,1,,,1
,9767,"WARD BROTHERS, INC.",1,1,,
,9775,POLATIS BROTHERS FARMS,1,1,,
,9781,C E JACKSON FARMS INC,1,1,,
,9797,DESERT RIDGE FARMS INC,1,1,,
,9814,WOOD AG MGMT INC,1,1,,
,9842,SCHROEDER HOP LLP,1,1,,
,9862,CHRISTENSEN FAMILY FARMS LLC,1,1,,
,9875,NICHOLES SEED FARMS,1,,,1
,9898,MOGUS LAND & LIVESTOCK LLC,1,2,,
,9899,MARTY D & CODY L BEADZ DBA BEADZ B,1,1,,
,,WTR MARTIN FARMS PARTNERSHIP,1,1,,
,9905,DIXON LAND & CATTLE LLC,1,1,,
,9937,(blank),1,1,,
,9943,RISENMAY FARMS INC,1,1,,
,9949,PIERSON FARMS INC,1,1,,
,9972,FESSENDEN CUSTOM FARMING,1,1,,
,9980,GOLDEN SUN FARMS INC,1,1,,
,9982,TRIPLE ACE INC,1,1,,
,9984,BLACKBURN FARMING LLC,1,1,,
,9988,"DB REED FARM, INC",1,1,,
Idaho Total,,,714,708,1,26
Illinois,569,WALKER PLACE,1,1,,
,2023,BASS FARMS,1,1,,
,4812,FRONTIER FARMS,1,1,,
,5802,RJ PORK LLC,1,1,,
Illinois Total,,,4,4,,
Indiana,99,PHENIX FARMS INC,2,1,,1
,430,OZARK FISHERIES,1,1,,
,4172,LORD S SEED LLC,1,1,,
,4350,TOP NOTCH PORK LLC,1,2,,
,4504,WOODY WAREHOUSE NURSERY INC,2,2,,
,4529,GREEN ACRES PRODUCE INC,1,1,,
,5972,PICKIN PATCH INC DBA INDIANA BERRY,1,1,,
,8162,LITTLE BY LITTLE FARM LLC,1,1,,
,8435,BLUEBERRY RANCH LLC,1,1,,
Indiana Total,,,11,11,,1
Iowa,,ALEWELT CONCRETE INC,,1,,
,,L R FORAGE HARVESTING,1,1,,
,,WACHSTETTER FARMS INC,1,1,,
,137,GM DIX INC,1,1,,
,216,LANGAGER STACK MOVERS & ROLL OFF,1,1,,
,574,JESSICA WELDON,,1,,
,628,HF FARMS,1,1,,
,653,MACFARLANE PHEASANTS INC,2,2,,
,693,GEORGE SHELDON,1,1,,
,711,THOUVENEL HARVESTING,1,1,,
,741,D & M HARVESTING LLC,1,1,,
,856,ERIC NYSTUEN,1,1,,
,1253,KUCHENBECKER EXCAVATING INC,1,2,,
,1268,HERITAGE FAMILY FARMS,1,1,,
,1458,KEVIN OPP FARM,1,,,
,,KEVIN OPP FARMS,1,,,1
,1503,REYNOLDS AG TRANSPORT,1,,,1
,1553,TERRICK FARMS LLC,1,1,,
,1726,K FARMS INC,1,1,,
,1732,EKSTRUM FARMS,1,1,,
,1761,DREWELOW & SONS INC,1,1,,
,1832,KLEINSASSER FARMS,1,1,,
,1836,RDS CONSTRUCTION LLC,,1,,
,1928,MURRAY MCMURRAY HATCHERY INC,1,1,,
,1983,EMERICK FARMS,1,1,,
,1992,MARK SUTA FARMS,1,1,,
,2085,ML FARM SYSTEMS INC,4,6,,
,2103,DANNER FARMS INC,1,1,,
,2259,LEE FARMING & HARVESTING INC,1,1,,
,2422,BEBERMEYER FARMS LLC,1,1,,
,2538,PRECISION PUMPING LLC,1,1,,
,2585,LENARD AG CO,1,1,,
,,LENNARD AG CO,1,1,,
,2589,SJS FARMS INC,1,1,,
,2679,MARK PAPLOW HARVESTING & TRUCKING,1,1,,
,2709,WALLIN INC,1,1,,
,2935,LUNDEEN HARVESTING,1,1,,
,3051,FRONTIER DAIRY LLC,2,2,,
,3109,RHEA BROTHERS,2,1,,1
,3255,STONY CREEK PORK CO,1,1,,
,3380,DONALD LAMBOURN,1,,,1
,3406,INGALLS HONEY INC,4,4,,
,3446,CROSSROADS FAMILY FARMS,1,1,,
,3466,S J DOWLING FARMS,1,1,,
,3532,CARL PEPPER FARM,1,1,,
,3577,DUSTIN J SHAW,1,1,,
,3601,PROGRESSIVE AGRICULTURAL MGMT,1,1,,
,3621,ROSTAD FARMS LLP,1,1,,
,3634,L J PATTISON LLC,1,1,,
,3709,HEINRICHS HARVESTING CO,1,1,,
,3721,WHISKEY CREEK ARKANSAS,4,4,,
,3855,GARY & KAREN JACKSON FARMS,1,1,,
,4132,FITTERER FARM,1,1,,
,4134,ROBERT HAY FARMS INC,1,1,,
,4413,WHEELIN & SQUEALIN LLC,1,1,,
,4435,PEARSON LIVESTOCK MGMT LLC,1,1,,
,4480,IOWA RIVER AG LLC,1,1,,
,4517,GUNNEWICK CUSTOM HARVEST INC,1,1,,
,4557,GEMBERLING EXCAVATING INC,1,1,,
,4654,MORGAN FORAGE HARVESTING,2,2,,
,4736,CHARLES BAKER FARMS,1,1,,
,4814,FARMING FRIENDS INC,1,1,,
,4827,CENTRAL VALLEY AG COOPERATIVE COLU,1,1,,
,,CENTRAL VALLEY AG COOPERATIVE GLEN,1,1,,
,,CENTRAL VALLEY AG COOPERATIVE GREE,1,1,,
,,CENTRAL VALLEY AG COOPERATIVE HAMP,1,1,,
,,CENTRAL VALLEY AG COOPERATIVE HINT,1,1,,
,,CENTRAL VALLEY AG COOPERATIVE ORCH,1,1,,
,,CENTRAL VALLEY AG COOPERATIVE RAND,1,1,,
,,CENTRAL VALLEY AG COOPERATIVE WAKE,1,1,,
,4837,RUST RANCHES,1,1,,
,4999,MARK A NOVAK,1,1,,
,5036,VAN KOOTEN FARMS,1,1,,
,5106,CROSSON ENTERPRISES LLC,1,1,,
,5159,TYRONE E UNRUH,1,1,,
,5189,HOOVER S HATCHERY CO LLC,1,1,,
,5211,SUNRISE ORCHARDS INC,1,1,,
,5217,VANZEE RANCH LLC,1,1,,
,5238,JW READY MIX & CONSTRUCTION INC,1,1,,
,5310,GEER HARVESTING,1,1,,
,5356,WILLIAM KEITH CHISHOLM,1,1,,
,5411,VAN KO CHOPPING LLC,1,1,,
,5496,OAK VIEW FARMS,1,1,,
,5539,S T ORGANICS LLC,1,1,,
,5560,BS COMPOST LLC,3,2,,1
,,SMITH FARMS LTD,1,1,,
,5615,FONDOMONTE CALIFORNIA LLC,,1,,
,5627,LEWIS BROTHERS TREE FARM INC,1,1,,
,5628,MIKE BUTIKOFER,1,1,,
,5674,DUTTON FARMS,1,1,,
,5756,4L CONSTRUCTION INC,4,4,,
,5841,RHEA FARMS INC,1,1,,
,5873,CORNELIU PRELIPCEANU DBA ELSI BEES,1,1,,
,5936,FLORES CONSTRUCTION LLC,1,1,,
,5951,HOG SLAT INC,1,1,,
,6043,ALEWELT CONCRETE INC,30,32,2,6
,6357,VINCE RENNER TRUCKING LLC,1,1,,
,6372,STEIDINGER FARMS INC,1,1,,
,6380,NIEMEIER FARMS,1,1,,
,6406,PECC INC,1,1,,
,6479,ALLEN PRIMROSE FARMS,2,2,,
,6675,CHRIS BROWN TRUCKING LLC,1,1,,
,6812,SUMMIT FARMS LLC,1,1,,
,6818,PRECISION PUMPING INC,1,1,,
,6820,MCCLURE CUSTOM PUMPING LLC,1,1,,
,6825,PRESTON BILLADEAU,1,1,,
,6853,PINICON FARM,3,2,,1
,6858,COOPERATIVE PRODUCERS INC,1,1,,
,6868,BALDWIN AG LLC,1,1,,
,6935,L R FORAGE HARVESTING,1,1,,
,7220,S&S JERSEYLAND DAIRY LLC,1,1,,
,7440,SIGNET BUILDERS INC,5,7,,
,7506,PAPLOW HARVESTING,1,1,,
,7524,R B FAMILY FARMS INC,1,1,,
,7643,DIEDRICH AG LLC,1,1,,
,7697,WESTERN ARROW LLC,1,1,,
,7759,ANDREW KONGSLIE,1,1,,
,7766,FARMER DAUGHTERS LLC,1,1,,
,,HOUSER FARMS,1,1,,
,7796,"WESTERN ILLINOIS AGRI-SYSTEMS, INC",1,1,,
,7822,STEVE SWANSON,2,2,,
,7894,JCS FAMILY FARMS,1,1,,
,8074,JEFFERY PAPLOW,1,1,,
,8095,JORDEN AG ENTERPRISES LLC,1,1,,
,8101,RIGGIN FARMS INC,1,1,,
,8178,ELLIS ERWIN,1,1,,
,8280,BUSHMAN CUSTOM FARMING LLC,2,2,,
,8389,ROSEMONT FARMS LLC,1,1,,
,8398,BEIJING TONG REN TANG HLTH USA INC,1,1,,
,8402,D&M WAGNER INC,,,,1
,8450,ROBERT HOMAN,1,1,,
,8460,ED JACKSON AGRICULTURE,,1,,
,8614,TIM METZLER,1,1,,
,8975,WINSOME FARMS GP,1,1,,
,9054,FONDOMONTE ARIZONA LLC,1,1,,
,,SELECT PRIDE CONSTRUCTION INC,1,1,,1
,9069,4L LAND LLC,1,1,,
,9088,BRULL HARVESTING,1,1,,
,9142,ROY UNRUH,1,1,,
,9228,S C CATTLE CO INC,1,1,,
,9237,JASON KADRMAS,1,1,,
,9274,JIM DISHMAN HARVESTING & TRUCKING,1,1,,
,9292,HONEYMANN FARMS,1,1,,
,9295,TJ S FARM AND RANCH INC,1,1,,
,9321,IOWA FAMILY FARMS,1,1,,
,9358,KEVIN HUFFMAN FARMS LLC,2,2,,
,9403,RICHLAND FARMS PARTNERSHIP,1,1,,
,9426,SUSAN KADRMAS,1,1,,
,9434,ERICKSON GRAIN,1,1,,
,9482,4M FAMILY FARMZ INC,,1,,
,9503,CLARK DICKEY & SONS MGMT CO INC,1,1,,
,9540,T SWENSON TRUCKING LLC,1,1,,
,9794,DENNIS WALEN,1,1,,
Iowa Total,,,203,209,2,14
Kansas,119,KRAMER HARVESTING LLC,1,1,,
,134,JOSSERAND HARVESTING LLC,1,1,,
,216,LEO STEPHENS INC,1,1,,
,357,S&J BECKMAN INC,,1,,
,449,HARVEST 1,2,2,,
,470,FREY VIEW DAIRY FARM INC,1,1,,
,884,JMAC FARMS LLC,1,1,,
,891,SNELL HARVESTING INC,1,1,,
,1025,FENSKY HARVESTING,1,1,,
,1331,GREAT PLAINS ALFALFA,1,1,,
,1401,CIRCLE C FARMS HARVESTING,1,1,,
,1723,SUNNYE RIDGE FARM INC,1,1,,
,2123,(blank),1,1,,
,2524,G&R FARMS,1,1,,
,2584,GREG FRIESEN HARVESTING LLC,1,1,,
,2657,KEIMIG HARVESTING & TRUCKING LLC,1,1,,
,2673,E & H FARMS INC,1,1,,
,2941,HANSON FARMS,1,1,,
,3110,SCHLESSIGER FARMS LLC,1,1,,
,3351,"HABIGER FARMS HARVESTING, LLC",1,1,,
,3584,CALLOWAY PLANTING CO,1,1,,
,3599,SEALOCK INC,1,1,,
,3926,S/R FARMS INC,1,1,,
,4240,KOTAPISH FARMS,1,1,,
,5023,CARL OCHS LTD,1,1,,
,5755,LARRY SCHEMPER,1,1,,
,6032,PPI HARVESTING LLC,1,1,,
,6044,JANZEN TRANSPORT LLC,1,1,,
,6382,HIGH PLAINS AGRICULTURAL AND TRANS,1,1,,
,6423,BEFORT FARMS,1,1,,
,6431,HARTLAND FARMS,2,2,,
,6480,TWIN AG FARMS INC,1,1,,
,6489,BRADFORD BROWN,1,1,,
,6528,BARKMAN APIARIES LLC,1,1,,
,6576,J&M,1,1,,
,6637,KELLS FARM PARTNERSHIP,1,1,,
,6650,RANDALL SCHWANKE FARMS,1,1,,
,6935,B S CVF INC,1,,,1
,7170,WETTSTEIN FARMS,1,,,1
,7232,BRUSH CREEK TRUCKING,1,1,,
,7637,BEFORT HARVESTING LLC,2,2,,
,8015,KINKLER FARMS PARTNERSHIP,1,1,,
,8092,FDK PARTNERSHIP,1,1,,
,8257,LOHMANN FARMS,1,1,,
,8333,KEESECKER AGRI BUSINESS INC,1,1,,
,8585,TWO BUDS TRUCKING SOLE PROPIETER,,1,,
,8716,TWO BUDS TRUCKING LLC,1,1,,
,8823,WILLIAMSON SILAGE HARVESTING,1,1,,
,8979,SEBES HAY LLC,1,1,,
,9272,B2J INC DBA CHEM TILL SPRAY CO,1,1,,
,9333,P & D CATTLE,1,1,,
,9402,PHOS FARMS LLC,1,1,,
,9503,SHUGHART HARVESTING,1,1,,
,9567,TIM DEWEY TRUCKING CO,,1,,
,9769,C AND C FARMS,1,1,,
,9815,TURNER FARMS,1,,,1
,9996,SCHIPPERS HARVESTING LLC,1,1,,
Kansas Total,,,57,57,,3
Kentucky,,P & C TOBACCO,1,1,,
,,(blank),1,1,,
,1,NICK SMITH CATTLE CO,1,1,,
,6,SPENDTHRIFT FARM,1,1,,
,17,HIGHBAUGH FARMS TOBACCO LLC,1,1,,
,72,P L TOBACCO INC,1,1,,
,128,G WATTS HUMPHREY JR DBA SHAWNEE FA,1,1,,
,164,(blank),1,1,,
,170,HELP FROM ABOVE FARM INC,1,1,,
,175,JEFF MACK FARMS LLC,1,1,,
,201,(blank),1,1,,
,209,GREENSCAPE CONTRACTORS SOD FARMS L,1,1,,
,220,LYONS LAWN CARE & LANDSCAPE LLC DA,1,1,,
,238,NEWCOME FARMS LLC,1,1,,
,259,WM TOBACCO FARMS LLC,1,,,1
,289,(blank),1,1,,
,311,HSW PARTNERSHIP,1,1,,
,316,SVG FARM LLC,1,1,,
,348,(blank),1,1,,
,370,CHRISTIAN COUNTY TOBACCO FARMS LLC,1,1,,
,381,KY AG PARTNERS LLC,1,1,,
,393,MT VERNON FARMS LLC,1,1,,
,394,FROG FARMS LLC,1,1,,
,500,(blank),1,1,,
,504,ROGER A KNOTH,1,1,,
,509,(blank),1,1,,
,522,JAMES SANDERS NURSERY INC,,1,,
,533,DEER CREEK FARMS LLC,1,,,1
,549,KNOTT FARMS LLC,1,1,,
,557,(blank),1,1,,
,580,(blank),1,1,,
,582,LAKELAND YARD AND GARDEN,1,1,,
,613,(blank),1,1,,
,640,DOSS FARMS LLC,1,1,,
,656,COURTNEY FARMS LLC,1,1,,
,667,FIBER FARMS LLC,1,,,1
,679,(blank),1,,,1
,710,(blank),1,1,,
,734,LANGLEY FARMS LLC,1,1,,
,736,BUSH & SON FARMS,1,1,,
,747,BARTON S CREEK FARM ASSN,1,1,,
,750,JONES ORCHARD PARTNERSHIP,1,1,,
,782,FRANCIES FARMS LLC,1,1,,
,845,(blank),1,1,,
,861,JOE DAN TAYLOR FARMS,1,1,,
,875,FPS FARMS,1,1,,
,893,(blank),1,1,,
,907,DOUBLE F ENTERPRISES INC,1,1,,
,,"TODD CLARK FARMS, INC.",1,1,,
,922,T AND M FARMS LLC,1,1,,
,923,LEESWOOD FARM INC,1,,,1
,947,NORTH AMERICAN TOBACCO CO LLC,1,1,,
,1021,SNOW HILL NURSERY INC,1,1,,
,1027,BARR FARMS ORGANIC PRODUCE LLC,1,1,,
,1049,(blank),1,1,,
,1051,FRANK FLYNN DBA BLOOMFIELD FARMS,1,1,,
,1071,WALNUT GROVE FARMS PARTNERSHIP,1,1,,
,1099,BOARD INVESTMENTS USA LLC,1,1,,
,1119,(blank),1,1,,
,1157,(blank),1,1,,
,1231,CHARLES S FERGUSON DBA FERGUSON FA,1,1,,
,1239,HAYDEN LANDSCAPE & DESIGN INC,1,1,,
,1262,(blank),1,1,,
,1272,(blank),1,1,,
,1341,KERMIT & RAY LEWIS COFFEY PARTNERS,1,1,,
,1381,WARRINGTON FARMS LLC,1,1,,
,1442,GREY YOUNG FARMS,1,,,1
,1484,(blank),2,2,,
,1493,WINSTAR FARM LLC,1,1,,
,1495,DBA GUTHRIE FARMS,1,,,1
,1585,DELVIN FARMS LLC,1,1,,
,1600,NEWBERRY FARMS LLC,1,1,,
,1606,MCKENZIE FARM LLC,,2,,
,1633,DEER RUN NURSERY,1,1,,
,1717,MEADOW BROOK GAME FARM,1,1,,
,1726,(blank),1,1,,
,1728,(blank),1,1,,
,1743,HANNA HILL FARM,1,1,,
,1774,FARMERS TOBACCO,1,1,,
,1804,KIRKS FARM INC,1,1,,
,1819,(blank),1,,,1
,1831,(blank),1,1,,
,1839,GLORY GARDEN S AND GREENHOUSE LLC,1,1,,
,1927,DUNNING HILL FARMS GEN PARTNERSHIP,2,1,,1
,1971,AULBACH LAND USA LLC,1,1,,
,1992,CLARK FARMS,1,1,,
,1994,HAMBY FARMS LLC,1,1,,
,2122,ERIC SMITH DBA ERIC SMITH FARMS,1,1,,
,2151,(blank),1,,,1
,2175,(blank),1,1,,
,2198,(blank),1,1,,
,2218,LANES END STALLIONS INC,1,1,,
,2224,AGKY LLC,1,1,,
,2229,SMITH FARMS,1,,,1
,2243,(blank),1,1,,
,2251,(blank),1,1,,
,2262,(blank),1,1,,
,2291,(blank),1,1,,
,2303,WHH LLC,1,1,,
,2354,(blank),1,1,,
,2358,INSCOE FARMS,1,1,,
,2383,MILLERS & SONS TOBACCO LLC,1,1,,
,2391,HEAD FARMS LLC,1,,,1
,2410,(blank),1,1,,
,2416,(blank),1,1,,
,2429,(blank),1,1,,
,2480,TEXTER MOUTAIN NURSERY INC,1,1,,
,2505,JOINT LABOR LLC,1,1,,
,2509,HOBBS FARM LLC,1,1,,
,2602,GROSS FARMS,1,1,,
,2626,PASCHALL AG OPERATIONS LLC,1,1,,
,2632,TANDY L KING,1,1,,
,2640,(blank),1,1,,
,2671,LANDSCAPERS PARADISE LLC,1,1,,
,2680,M & M FARMS ASSN,1,1,,
,2688,(blank),1,1,,
,2729,SEAY FARMS LLC,1,,,1
,2732,ANDY PERKINS FARMS LLC,1,,,1
,2737,JESSE & SHELBY EMMICK PARTNERSHIP,1,1,,
,2738,FALCON RIDGE FARM LLC,1,1,,
,2743,WORKMAN FARMS INC,2,2,,
,2750,(blank),1,1,,
,2752,BLANKENSHIP FARMS & NURSERY,1,,,1
,2765,TOMMY PINSON DBA PINSON FARMS,1,1,,
,2796,LONG JACKSON LLC,1,1,,
,2804,FROGUE FARMS,1,1,,
,2810,BARNETT FARMS LLC,1,1,,
,2814,J & A FARMS LLC,1,1,,
,2828,(blank),1,1,,
,2844,(blank),1,1,,
,2962,HAMPTON TOBACCO LLC,1,1,,
,2982,C B FARMS LLC,1,1,,
,2984,JONATHAN BROWN,1,1,,
,2991,SYKES FAMILY FARMS LLC,1,,,1
,3027,(blank),1,1,,
,3073,HARTON TOBACCO,2,2,,
,3077,MTL FARMING LLC,1,1,,
,3078,(blank),1,1,,
,3081,(blank),1,,,1
,3104,TRIPLE B FARMS LLC,1,1,,
,3115,PEREZ CITRUS INC,,1,,
,3133,JAMES SCOTT DBA SCOTT FARMS,1,1,,
,3153,(blank),1,1,,
,3188,(blank),1,1,,
,3199,(blank),1,1,,
,3203,(blank),1,1,,
,3214,WADE FARMS LABOR MGMT LLC,1,1,,
,3260,(blank),1,1,,
,3280,(blank),1,1,,
,3297,(blank),1,1,,
,3321,CONSIDINE FARM INC,1,1,,
,3322,(blank),1,,,1
,3344,RWC TLC LLC,1,1,,
,3358,CGCJ ENTERPRISES LLC,1,1,,
,3407,JONES BROTHERS FARMS LLC,1,1,,
,3448,(blank),1,1,,1
,3466,JARED DONALDSON FARMS,1,1,,
,3513,MACKEY ENTERPRISES LLC,1,1,,
,3523,KELLY OVEREBY FARMS,1,1,,
,3583,P & F TOBACCO,2,2,,
,3589,(blank),1,,,1
,3593,DEVINE FARMS,1,1,,
,3597,FARMER BROTHERS PARTNERSHIP,1,,,1
,3615,(blank),1,1,,
,3620,(blank),1,,,1
,3645,VEERING LLC,1,1,,
,3647,BLUE BOY LAWN & LANDSCAPE LLC,1,1,,
,3692,FURNWOOD FARMS LLC,1,1,,
,3739,MDC FARM INC,1,1,,
,3750,(blank),1,1,,
,3755,CUNDIFF FARMS,1,1,,
,3807,FITZGERALD FARMS INC,1,1,,
,3809,(blank),1,1,,
,3847,MORTON FARMS LLC,2,2,,
,3855,MCCORD FARMS LLC,1,1,,
,3857,ELK FORK FARMS LLC,1,1,,
,3863,D & H FARMS LLC,1,1,,
,3918,BIRGE FARMS LLC,1,1,,
,3951,SHULTZ FARMS LLC,1,1,,
,3956,BRIAR ROSE NURSERY,1,1,,
,,WM AUSTIN NEWTON,1,1,,
,3972,JCB FARMS LLC,1,1,,
,4051,MURDOCK FARMS INC,1,1,,
,4067,JULIE RINI DBA CROWNING POINT FARM,1,1,,
,4075,WILKERSON FARMS INC,1,1,,
,4076,TAYLOR FARMS TOBACCO LLC,1,1,,
,4085,SHEMWELL FARMS,1,1,,
,4088,LANTENN FARMS INC,1,1,,
,4093,(blank),1,,,1
,4112,TEASLEY FARMS LLC,1,1,,
,4115,(blank),1,,,1
,4118,(blank),1,1,,
,4127,(blank),1,,,1
,4128,(blank),1,1,,
,4159,(blank),1,1,,
,4164,(blank),1,1,,
,4184,FOREST LAWN NURSERY LLC,1,1,,
,4201,(blank),1,,,1
,4209,PEARSON FARMS LLC,1,1,,
,4216,(blank),1,1,,
,4228,HALLMAN TOBACCO FARM PARTNERSHIP,1,1,,
,4242,JEFFREY D. HOWARD,1,1,,
,4243,(blank),1,1,,
,4272,RED HILL TOBACCO LLC,1,1,,
,4325,(blank),1,1,,
,4395,M AND H TOBACCO FARM INC,1,1,,
,4402,GORDON FARMS,1,1,,
,4418,(blank),1,1,,
,4421,(blank),1,,,1
,4450,SINK HOLE FARMS,1,1,,
,4456,ANDERSON SURSERIES INC,1,1,,
,,(blank),1,1,,
,4465,BOBBY G HOLLOWAY FARMS,1,1,,
,4494,(blank),1,1,,
,4509,(blank),1,,,1
,4518,RIVER BLUFF FARM,,,,1
,4565,NEWMAN TOBACCO CO LLC,1,1,,
,4567,HOOKS FARMS,1,1,,
,4576,MUDD FARM INC,1,1,,
,4578,MARK CUNNINGHAM FARMS LLC,2,2,,
,4595,SMITH & SCOTT OF WESTERN KY LLC,1,1,,
,4650,WILCOXSON FARM LLC,1,,,1
,4653,HOLLIDAY TOBACCO INC,1,,,1
,4667,(blank),1,,,1
,4703,GLENN BROTHERS FARMS LLC,1,1,,
,4745,YOUNG FARMS,1,1,,
,4746,(blank),1,1,,
,4823,(blank),1,1,,
,4829,WARD FARMS INC,1,1,,
,4834,CHESTER FARMS,1,1,,
,4877,A & W SOUTHERN SOD FARMS LLC,1,1,,
,4932,(blank),1,1,,
,4979,MAPLEBREEZE FARMS LLC,1,1,,
,4999,(blank),1,1,,
,5002,MIKE BROWN S WHOLESALE NURSERY LLC,1,1,,
,5025,(blank),1,,,1
,5136,CAMP FARMS LLC,1,1,,
,5163,GARTH MIDDAUGH DBA GM FARMS TOBACC,1,1,,
,5198,JAMES L SCHNELLER,1,1,,
,5227,(blank),1,1,,
,5268,(blank),1,1,,
,5272,(blank),1,1,,
,5313,LANDCASTER LAWN & LANDSCAPING LLC,1,1,,
,5341,KNOX FARM LLC,1,1,,
,5359,PERRY FARMS LLC,1,1,,
,5378,WILSON S CEDAR POINT FARMS LLC,2,2,,
,5398,(blank),1,,,1
,5411,(blank),1,1,,
,5436,HAYCO FARMS LLC,1,1,,
,5478,S K FARMS,1,1,,
,5500,(blank),1,1,,
,5542,(blank),1,1,,
,5566,G A SMITH FARMS LLC,1,,,1
,5587,DRAPER FARMS LLC,1,1,,
,5602,(blank),1,1,,
,5617,(blank),1,1,,
,5719,(blank),1,1,,
,5731,(blank),1,1,,
,5754,ELMWOOD STOCK FARM LLC,1,1,,
,5781,AWGR LLC,1,1,,
,5813,ROBERTSON FARMS LLC,1,1,,
,5898,PETERSON FARMS PARTNERSHIP,1,1,,
,5905,TUCKER FARMS GROUP LLC,1,1,,
,5923,(blank),1,1,,
,5931,(blank),1,1,,
,5945,TRIPLE J FARMS OF CEDAR HILL LLC,1,,,1
,5954,(blank),1,1,,
,5966,CRITCHELOW & SONS LLC,1,1,,
,5977,(blank),1,1,,
,5988,BDH TOBACCO LLC,1,1,,
,6011,(blank),1,,,1
,6022,CDL TOBACCO LLC,1,,,1
,6055,L & H FARMS LLC,1,1,,
,6069,JACKSON ORCHARD AND NURSERY INC,1,1,,
,6141,GREAT JAMES LLC,1,1,,
,6159,TALLGRASS FARM LLC,1,1,,
,6202,OWEN & RUST FARMS LLC,1,1,,
,6226,(blank),1,1,,
,6230,(blank),1,1,,
,6250,8 SUNNYSIDE FARMS LLC,1,1,,
,6275,(blank),1,,,1
,6306,(blank),2,2,,
,6326,LITTLE RIVER LEAF LLC,1,1,,
,6331,MATTINGLY BROS FARMS,1,1,,
,6361,COOTS FARM LLC,1,1,,
,6368,(blank),1,1,,
,6371,(blank),1,1,,
,6381,WIGGINGS FARMS LLC,2,1,,1
,6391,MAYFIELD FARM & NURSERY LLC,1,1,,
,6400,K & L FARMS LLC,1,,,1
,6410,LEE CHILDRESS FARMS LLC,1,1,,
,6419,J B DONOHO NURSERY,1,1,,
,6423,RICHGROVE TOBACCO LLC,1,1,,
,6452,(blank),1,1,,
,6470,HINTON ENTERPRISES LLC,1,1,,
,6472,C & E TOBACCO FARMS LLC,1,1,,
,6497,A & M FARMS LLC,1,,,1
,6547,JEFF DAVIS TOBACCO LLC,1,1,,
,6602,MAHAN FARMS LLC,1,1,,
,6603,FOUR P S FARMS,1,,,1
,6622,(blank),1,1,,
,6640,R & M TOBACCO LLC,1,1,,
,6671,RAINEY FARMS,1,1,,
,6674,(blank),1,1,,
,6675,(blank),1,1,,
,6688,(blank),1,1,,
,6764,H & H AGRI BUSINESS LLC,1,1,,
,,"H & H AGRI BUSINESS, LLC",1,1,,
,6803,CHASE FUTRELL FARMS,1,,,1
,,RBJ TOBACCO FARMS LLC,1,1,,
,6850,(blank),1,1,,
,6875,LYONS FAMILY FARM LLC,1,1,,
,6908,GARY L BRAME FARMS LLC,1,1,,
,6980,(blank),1,1,,
,6998,MANN FARMS LLC,1,1,,
,7020,M & B FARMS LLC,1,1,,
,7059,(blank),1,1,,
,7084,(blank),1,1,,
,7087,(blank),1,1,,
,7088,(blank),1,1,,
,7097,(blank),1,,,1
,7110,(blank),1,1,,
,7118,(blank),1,,,1
,7119,(blank),1,1,,
,7136,WILLIAMSON FARMS LLC,1,,,1
,7143,(blank),1,1,,
,7149,DENNISON FAMILY FARMS PARTNERSHIP,1,1,,
,7166,(blank),1,1,,
,7171,HILLVIEW FARMS,1,1,,
,7185,BRAMER SEARCY SOD INC,1,1,,
,7222,LARRY TUCKER FARMS,1,1,,
,7234,(blank),1,1,,
,7246,WW FARMS,1,1,,
,7284,MAS ASSOCIATION,1,1,,
,7288,(blank),1,,,1
,7291,(blank),1,1,,
,7301,WESTBROOK TOBACCO FARMS LLC,1,1,,
,7306,(blank),1,1,,
,7333,MOUNTAIN CREEK NURSERY LP,1,1,,
,7342,MILLBROOK CRICKET FARM INC,1,1,,
,7362,OVERTON ENTERPRISES LLC,1,1,,
,7368,TURNERS LANDSCAPING LLC,1,1,,
,7373,(blank),1,1,,
,7411,(blank),1,1,,
,7412,(blank),1,1,,
,7415,(blank),1,1,,
,7476,ROWLETT TOBACCO FARMS LLC,1,1,,
,,(blank),,,1,
,7500,AMBER ACRES,1,1,,
,7524,(blank),1,2,,
,7529,BITTEL & BITTEL LLC,1,1,,
,7576,SHANNON PERRY DBA PERRY FARMS,1,1,,
,7586,(blank),1,,,1
,7604,(blank),1,1,,
,7717,TOMMY LITCHFIELD DBA LITCHFIELD BR,1,1,,
,7772,PLEASURE VIEW FARMS LLC,2,2,,
,7778,ERIC HEARD,1,1,,
,7843,RB FARMS,1,1,,
,7891,(blank),1,1,,
,7901,WHITMORE FARMS LLC,1,1,,
,7907,BUTTERWORTH FARMS,1,1,,
,7920,ATLAS FARM LLC,1,1,,
,7937,(blank),1,1,,
,7955,(blank),1,1,,
,7962,JACK GANT FARMS,1,1,,
,7969,NEWCOMB OIL CO LLC DBA STONE CREEK,1,1,,
,7970,TOBACCO WAY FARMS LLC,1,1,,
,8121,SOUTHWEST FARMS LLC,1,,,1
,8123,BLH FARMS LLC,1,1,,
,8142,TURNER FARMS TOBACCO LLC,1,1,,
,8167,(blank),1,1,,
,8184,CECIL TOBACCO CO LLC,2,2,,
,8209,(blank),1,1,,
,8216,CARRAWAY TOBACCO FARMS,1,1,,
,8225,(blank),1,1,,
,8253,DURHAM BROTHERS FARM LLC,2,2,,
,8254,HUNTERTON FARM INC,1,1,,
,8345,R & A BRYANT LLC,1,,,1
,8359,(blank),1,1,,
,8378,PWM FARM PROPERTIES INC,1,1,,
,8379,(blank),1,1,,
,8418,(blank),1,1,,
,8427,LEAR FARMS LLC,1,1,,
,8434,(blank),1,1,,
,8456,WURTH BROS FARMS LLC,1,1,,
,8463,BOLINGER TOBACCO LLC,2,2,,
,8486,ALVIS MONROE FARMS LLC,1,1,,
,8490,(blank),1,1,,
,8523,(blank),1,1,,
,8652,JORDAN FARMS TOBACCO LLC,1,1,,
,8738,S AND J RICHARDS FARMS LLC,1,,,1
,8779,N & A THOMAS FARMS LLC,1,1,,
,8780,BARKLEY HANCOCK,1,,,1
,8782,(blank),1,1,,
,8807,CASTLEPARK FARM LLC,1,1,,
,8839,JACKIE CARSON FARMS,1,1,,
,8863,RUCKER TOBACCO LLC,2,2,,
,8869,O BRYAN COMPOSTING LLC,2,2,,
,8875,HUGHES TRUCKING LLC,1,1,,
,8887,(blank),2,2,,
,8889,(blank),1,1,,
,8894,KEBEN FARMS LLC,1,1,,
,8895,P & S FARNS LLC,1,,,1
,8943,(blank),1,1,,
,8956,EUGENE WRIGHT AND SONS LLC,1,1,,
,8958,(blank),1,1,,
,9014,SUSTAINABLE HARVEST FARM LLC,1,1,,
,9040,SEVEN SPRINGS FARMS,2,2,,
,9051,DAVID BRUMFIELD FARMS,1,1,,
,9085,(blank),1,1,,
,9087,(blank),1,1,,
,9098,N P PRODUCERS ASSN,1,1,,
,9118,WARREN BROTHERS,1,,,1
,9134,KSM FARMS LLC,1,1,,
,9176,SANDY ABRAMS LANDSCAPING CO INC,1,1,,
,9209,WHITE OAK TOBACCO LLC,1,1,,
,9238,AMMON WHOLESALE NURSERY INC,1,1,,
,9239,NUNN FARMS LLC,1,1,,
,9247,BRECK TOBACCO LLC,1,1,,
,9261,ELDRIDGE FARMS LLC,1,1,,
,9284,CHIAPAS TOBACCO CO,1,1,,
,,KUEGEL TAX & ACCOUNTING INC,1,1,,
,9301,CONSOLATION FARMS LLC,2,1,,1
,9353,FOLZ & FOLZ FARMS LLC,1,1,,
,9361,STEPHEN TOBACCO CO LLC,1,1,,
,9369,WOODVIEW PLANTERS LLC,1,,,1
,9371,(blank),1,,,1
,9384,(blank),1,1,,
,9407,(blank),1,,,1
,9436,H & B TREE SVC & LAWN CARE LLC,1,1,,
,9457,KEITH HARRIS FARMS INC,1,1,,
,9575,(blank),1,1,,
,9623,(blank),1,1,,
,9626,(blank),1,,,1
,9660,(blank),1,1,,
,9677,SHACKELFORD FARMS,1,1,,
,9684,(blank),1,1,,
,9694,(blank),1,,,1
,9709,FRIDY FARMS LLC,1,,,1
,9757,(blank),1,1,,
,9759,GRAYSTONE FARMS,1,1,,
,9776,ROBEY FARMS,1,1,,
,9801,(blank),1,,,1
,9821,METCALFE LANSCAPE & GARDEN CTR,1,1,,
,9833,DAVID FEAGIN FARMS,1,,,1
,9841,(blank),1,,,1
,9879,GERMANTOWN FARMS LLC,1,1,,
,9890,(blank),1,1,,
,9897,SHRYOCK FARM INC,1,1,,
,9903,ARNOLD FARMS INC,1,1,,
,,(blank),1,,,1
,9998,(blank),1,1,,
Kentucky Total,,,466,407,1,66
Louisiana,,J & J FARMS / MORRIS PLANTING CO G,,1,,
,,LEVIN SAVOY FARM/ CAJUN CLASSIC CR,1,1,,
,,MORROW FARMS / FLETCHER FARMS,1,1,,
,,PLANTATION CRAWFISH LLC/DESHOTELS,1,1,,
,,SEGURA FARMS LLC AND JAIME SEGUR F,1,1,,
,,SEGURA FARMS LLC AND JAIME SEGURA,1,1,,
,,SEGURE FARMS LLC AND JAIME SEGURA,1,,,1
,46,B & B FARMS L L C,,1,,
,66,3D SUGAR FARMS INC,2,2,,
,83,ROSS C BRUNET,,1,,
,142,CAJUN DUMP TRUCK LLC,1,1,,
,202,RED GUM PLANTING CO NO2,1,1,,
,253,M J NAQUIN INC,1,1,,
,289,JOEY SCHNEIDER,1,1,,
,297,M & W FARMS INC,1,1,,
,301,BRADLEY ZAUNBRECHER FARMS,1,1,,
,319,WOODS FARMS INC,1,1,,
,321,DOUG YOUNG NURSERY L L C,1,1,,
,334,GERALD S TREE FARM LLC,,1,,
,346,RAISING CANE FARMS INC,1,1,,
,396,SOLIMAR EE LLC,1,,,1
,474,TROY WEST FARMS,,,,1
,483,JOHN CARBALAN FARMS,,1,,
,493,PATOUT EQUIPMENT CO,1,1,,
,518,TIQUA MANUEL FARM,,1,,
,520,STEVEN HALBERT FARMS,1,1,,
,539,LOUISIANA AQUACULTURE INVESTMENTS,1,1,,
,549,LYNN FARMS,1,1,,
,614,MCCALEB S FLYING SVC LLC,1,1,,
,,MCCALEB S FLYING SVCS LLC,,1,,
,624,SMITH FARMS,1,1,,
,693,THOMASSON FARMS,1,1,,
,768,WHITE MARSH CRAWFISH LLC,1,1,,
,778,KALI & JASON LALANDE FARMS,1,1,,
,835,ELLIS FARM LLC,1,1,,
,899,HEBERT BROS FARMS INC,1,1,,
,921,ELISE PLANTING CO INC,1,1,,
,961,FLOYED RICE LLC,2,2,,
,962,JOHNNY R COCO FARMS,1,1,,
,1001,TRAVIS STANSEL RICHARD,,1,,
,1089,SEVENTY ONE PLANTATION PLANTING CO,2,2,,
,1179,LEJEUNE AERIAL APPLICATIONS LLC,2,2,,
,1279,IVERSTINE FAMILY FARMS LLC,1,1,,
,1292,JUSTIN BRUCE FARMS LLC,1,1,,
,1298,FREYOU FARMS,1,1,,
,1304,CHARLES A FONTENOT FARMS,1,1,,
,1307,AVOYELLES CRAWFISH & SEAFOOD LLC,1,1,,
,1311,WESLEY JONES FARMS,1,1,,
,1481,LACA LLC,1,1,,
,1493,ST MARY SUGAR COOPERATIVE INC,,1,,
,1507,(blank),1,1,,
,1557,LOUISIANA CTR FOR EQUINE REPRODUCT,1,1,,
,1568,POPE BROTHERS DAIRY LLC,2,2,,
,1675,CRAIG NEAL & SONS FARM LLC,1,1,,
,1728,CANE INC,1,1,,
,1767,M HYMEL & SONS INC,1,1,,
,1769,BRANDON HABETZ LLC,1,1,,
,1808,LUKE R SAYES,1,1,,
,1883,BORDELON S HONEY CO,1,1,,
,,BORDELON' S HONEY CO,,1,,
,1890,WAYNE LUTZ DBA LUTZ FARMS AND TRUC,1,1,,
,1956,HEBERT FARMS,1,1,,
,1958,ROBBIE T GASPARD,1,1,,
,1990,ROSS FREDERICK,1,1,,
,2000,LASUCA FARM L L C,1,1,,
,2210,WILLIAM J O BRIEN,1,1,,
,2260,LEVIN SAVOY FARM/CAJUN CLASSIC CRA,,1,,
,2287,GONS GO LLC,1,1,,
,2344,PATRICK CHURCHMAN,1,1,,
,2371,ARTALL FARMS LLC,1,1,,
,2459,GRADE A CRAWFISH,,1,,
,2534,AARON OLIVIER,1,1,,
,2539,PALO ALTO INC,1,1,,
,2542,MERRICK FARMS / T & M FARMS LLC,1,1,,
,2799,CARMOUCHE PLANTING CO,1,1,,
,2807,ECHO FARMS PARTNERSHIP,1,1,,
,2852,MELANCON SUGARCANE FARMS INC,1,1,,
,2856,LAVERGNE FARMS LLC,1,1,,
,2943,SOUTHDOWN PLANTATION LLC,1,1,,
,3018,JOHNDALES FARM,1,1,,
,3067,CIRCLE A FARM,1,1,,
,3091,KENT SOILEAU FARMS,1,1,,
,3108,TURF GRASS FARMS INC,1,1,,
,3126,LOUISIANA CRAWFISH CO,1,1,,
,3127,A & F FARMS INC,1,1,,
,3132,LIONEL MOUNIER JR FARM,1,1,,
,3144,DESHOTELS BROTHERS FARMS,1,1,,
,3157,TEE & SONS FARM INC,1,1,,
,3185,MONTE ROSINSKI FARMS LLC,1,1,,
,3194,RAYMOND FRUGE,1,1,,
,3195,AZUCAR INC,1,1,,
,3203,FOUR OAKS FARMS,2,2,,
,3221,PASSMORE FARMS,,1,,
,3240,KARL J HENSGENS,1,1,,
,3246,DUFECO PLANTING CO INC,1,1,,
,3251,JOHN GOODE FARMS PARTNERSHIP,1,1,,
,3257,BYRNE S MUDBUGS LLC,1,1,,
,3310,ENGEMANN FARMS,1,1,,
,3329,DOUBLE OAK GARDEN CTR DBA DOUBLE O,,1,,
,3353,C B & C FARMS LLC,1,1,,
,3369,MENARD FARM LLC,1,1,,
,3389,TAYLOR PLANTATION FARMS LLC,1,1,,
,3398,LEONARDS BROTHERS FARMS,1,1,,
,3450,HOLLEY II,1,1,,
,3485,KENNETH OLIVIER FARMS,,1,,
,3486,BIG LEAGUE CRAWFISH LLC,1,1,,
,3487,DENAIS FARMS / ACADIAN RICE MILL L,1,1,,
,3556,NEWTON CANE CO,1,1,,
,3557,KENNEY BOOK FARMS,1,1,,
,3586,JOSEPH O KENT FARMS,1,1,,
,3612,B & T SUGAR CANE FARMS INC,1,1,,
,3615,R DUGAS FAMILY FARM LLC,1,1,,
,3637,KARL A GLASER FARMS LLC,1,1,,
,3649,FIVE S FARMS,1,1,,
,3692,DAMIAN GLASER FARMS LLC,1,1,,
,3696,ROBBIE DEVILLIER FARMS AND SVCS LL,1,,,1
,3710,LONE PINE FARMS,1,1,,
,3714,HENNING MANAGEMENT LLC,1,1,,
,3751,JEREMY CRATON,,2,,
,3799,J & K SCHULTZ FARMS LLC,,1,,
,3894,BLANCHARD & PATOUT INC,1,1,,
,3961,ADELINE ENTERPRISES L L C,1,1,,
,,ADELINE ENTERPRISES LLC,,1,,
,,MATTHEW PERRON,,1,,
,3980,BLACK GOLD FARMS INC,2,1,,1
,4003,D & B FARMS GEN PTR,1,1,,
,4028,LIL E-Z FARM INC,1,1,,
,4045,T LANAUX & SON LLC,1,1,,
,4049,TRIPLE K & M FARMS INC,1,1,,
,4085,GIBKO NURSERY & SIGNS INC,,1,,
,4118,SUN GRP INVESTMENTS LLC,1,1,,
,4156,MEDINE FARMS INC,1,1,,
,4179,S&W BROWN FARMS LLC,1,1,,
,4197,JEFFERY NEWTON FARMS,1,1,,
,4205,HESS RANCH,1,1,,
,4245,DORE CRAWFISH FARMS LLC,,1,,
,4264,MICHAEL DWAIN BULLER,2,2,,
,4297,PURPERA FARMS LLC & SUGARWAY FARMS,1,1,,
,4306,BEN MERRICK FARMS LLC,1,1,,
,4353,EUGENE GRAVOIS SVCS INC,1,1,,
,4358,VARGAS NURSERY,2,2,,
,4390,LAURAN W ATTALES,1,1,,
,4465,KEVIN BLOOD FARMS,1,1,,
,4507,LOUISIANA AG GROUP GP,1,1,,
,4556,CASON TIMBER AND CATTLE CO,1,1,,
,4585,WELDING TESTING LAB DBA HENDERSON,1,1,,
,4605,DAVID HABETZ FARMS,,1,,
,4611,BEN LINK FAMRS LLC,1,1,,
,4675,LIMCO INC,,1,,
,4686,KNOTT S FARM INC,1,1,,
,4690,OLIVIA PLANTATION INC,1,1,,
,4713,DUCOTE S TREE FARM,1,1,,
,4714,NICKIE ROCKFORTE FARMS LLC,1,1,,
,4803,GREEN ACRES,1,1,,
,4810,C & J SMITH FARMS LLC,,1,,
,4850,LANDRY POCHE STRAWBERRY FARM INC,1,1,,
,4852,CLEVELAND THIBODEAUX JR,,1,,
,4884,LANDRY FARMS,1,1,,
,4918,CLINT FREYOU FARMS,1,1,,
,4961,RICKY JUDICE FARMS LLC,1,1,,
,4999,HAMBURG MILLS FARMS/ WAYSIDE FARMS,1,1,,
,5056,S & R FARMS LLC,,1,,
,5090,BONNE IDEE PRODUCE INC,1,1,,
,5130,DAUTERIVE CONTRACTORS INC,1,1,,
,5164,DARYL A DESHOTEL FARMS,1,,,1
,5231,RICKY RIVET FARMS,1,1,,
,5254,CRS LLC,1,1,,
,5257,"YOUNG HOLLOW NURSERY, INC.",1,1,,
,5270,CANEZARO BROTHER S FARMS LLC,1,1,,
,5485,E G ROBICHAUX LLC,1,1,,
,5486,SWEET RIVER FARMS INC,2,2,,
,5499,MARK MIXON DBA MIXON FARMS,1,1,,
,5507,GROS FARMS LLC,1,1,,
,5597,P & G ROY FARMS,1,1,,
,5623,DAVID J JARREAU FARMS,1,1,,
,5645,EARL ROY ENTERPRISES L L C,2,2,,
,5666,NEWTON PRODUCE LLC,2,2,,
,5688,Z FARMS LLC,2,2,,
,5706,F ZAUNBRECHER FARMS LLC,,1,,
,5910,WALET BROS INC,1,1,,
,5915,ANTHONY PLATTSMIER FARMS,1,1,,
,5919,BRIGNAC FARMS LL,1,1,,
,5932,B & T FARMS PARTNERSHIP,1,,,1
,5943,DEVAN MILLER,,1,,
,5981,NASH CATTLE CO LLC,1,1,,
,5987,E & L BIEBER FARMS LLC,1,1,,
,5993,"GLYNN RIVET & SONS, INC.",1,1,,
,6050,JACK RABBIT NURSERY LLC,1,1,,
,6082,HARANG SUGARS INC,1,1,,
,6113,J & P FARMS,2,2,,
,6194,DESHOTEL FARMS,1,1,,
,6200,MOUNGER FARMS,1,1,,
,6205,MISTRETTA FARMS,2,2,,
,6262,LANDRY FARMS LLC,1,,,1
,6269,"STAGG FARMS, INC",1,1,,
,6274,RODRIGUE PLANTING CO,1,1,,
,6326,DANIEL NAQUIN FARMS INC,1,1,,
,6401,CARLTONS CRAWFISH ENTERPRISES LLC,1,1,,
,6528,H & B FARMS LLC,,1,,
,6543,R SCHEXNAYDER & SONS LLC,1,1,,
,6565,GERALD FORET WHOLESALE NURSERY INC,1,1,,
,6591,RUSTIN CASSEDY DBA RUSTIN CASSEDY,1,1,,
,6623,JORDAN NEWTON INC & MIKE NEWTON FA,1,1,,
,6646,MCCAULEY FARM,1,1,,
,,MCCAULEY FARMS,,2,,
,6749,GARBER FARMS,1,1,,
,6840,ALMA PLANTATION LLC,1,1,,
,6855,HARRIS SEAFOOD DISTRIBUTION LLC DB,1,1,,
,6864,R&D FARMS,1,1,,
,6932,DENNIS FARMS PARTNERSHIP,2,2,,
,6935,GODEAUX & GUILLORY FARMS LLC,1,1,,
,6973,KINDER AGRICULTURAL SVC INC,1,1,,
,7036,DOUG YOUNG NURSERY,,,,1
,7041,RYLAND ENTERPRISES INC,1,1,,
,7091,STUTTS BROS FARMS PARTNERSHIP,1,1,,
,7107,FINKIE FARMS,1,1,,
,7117,GERACE FARMING LLC,1,1,,
,7134,CANNATELLA OUTDOORS LLC,1,1,,
,7171,TAYLOR SCAPES,1,1,,
,7225,TATE FARMS LLC,,1,,
,7228,SIMON FARMS LLC,1,1,,
,7240,U & R FARMS LLC,1,1,,
,7244,JOE BEAUD III FARMS LLC,1,1,,
,7301,BRANDON VALL DBA BV FARMS,1,1,,
,7339,HONEY CROSS FARMS PARTNERSHIP,1,1,,
,7368,WALNUT GROVE PLANTATION,1,1,,
,7559,T MILLER FARMS LLC,1,1,,
,7570,CAJUN GATORS INC,1,1,,
,,WESTBANK PLANTING COMPANY PARTNERS,1,1,,
,7586,KENNETH TAYLOR FARMS,1,1,,
,7616,TERRY P BLANCHARD FARMS,1,1,,
,7630,WEST TYLER DBA TYLER WEST FARMS,1,1,,
,7631,BOONE FARMS LLC,1,1,,
,7788,A & M FARMS INC,1,1,,
,7792,ELLIOT & CHRISTINA COLVIN,1,1,,
,7831,LOGAN FARMS PARTNERSHIP,1,1,,
,7890,BONANZA CRAWFISH LLC,3,3,,
,7901,EVERGREEN PROPERTIES LLC,1,1,,
,7923,D & D PLANTERS INC,1,1,,
,7932,ST LOUIS PLANTING INC,1,1,,
,7969,ANDERSON S PRODUCE & PLANT FARM,1,1,,
,7994,FONTENOT & BULLER FARMS GEN PTR,,1,,
,8031,MELANCON FARMS,1,1,,
,8045,L T FAMILY FARMS,,1,,
,8117,CYPERMORT PLANTING CO LLC,1,1,,
,8148,BELLE SOD COMPANY LLC,1,1,,
,8154,POWELL FARM PARTNERS LP,1,1,,
,8210,ROSOURCE ENVIRONMENTAL SOLUTIONS L,1,1,,
,,"ROSOURCE ENVIRONMENTAL SOLUTIONS,",1,1,,
,8211,FRANK PEARCE JR AND SONS FARMS INC,1,,,1
,8295,NUGENT TURTLE FARM LLC,1,1,,
,8384,TODD MORRIS FARMS,1,1,,
,8389,BYRON P ZAUNBRECHER FARMS,1,1,,
,8426,PATOUT PRICE & SMITH DBA TRIANGLE,1,1,,
,8471,RONALD R HEBERT INC,1,1,,
,,RONALD R HEBERT JR,,1,,
,8527,HMC FARMS LLC,1,1,,
,8534,CKC OF BASILE LLC,,1,,
,8548,DWIGHT HOLLIER FARMS,1,1,,
,8609,GLASER FARMS PARTNERSHIP,1,1,,
,8617,DOMINGUES FARMS,1,1,,
,8647,DENNIS HENSGENS FARMS,1,1,,
,8669,TREVOR B HAIR,,1,,
,8675,WESTOVER FARMS INC,1,1,,
,8708,JEFFERY G LEGER & JAMES T LEGER FA,,1,,
,8734,MARK CALLEGAN FARMS LLC,1,1,,
,8758,NATURES OWN NURSERY LLC,1,1,,
,8850,DENTON E & MONA B HADLEY PRTN,1,1,,
,8868,DENISON FARMS LLC,1,1,,
,8945,LUCKETT FARMS LLC,1,1,,
,8956,W J FARMS LLC,1,1,,
,8962,PARKER FARMS PARTNERSHIP WESTCO PA,1,1,,
,8966,MZ GROWERS PARTNERSHIP,1,1,,
,8971,RIVER ROAD RANCH INC,1,1,,
,8995,PAUL SCHEXNAYDER FARMS,1,1,,
,9068,BAIN FARMS PARTNERSHIP,1,1,,
,9090,THE LIRIOPE FACTORY INC,1,1,,
,9294,AUCOIN FARMS INC & KENNETH D SANDI,1,1,,
,9315,S&S CATTLE CO INC,1,1,,
,9391,SPIKE NOEL FARMS,1,1,,
,9414,SWEET B FARMS INC,1,1,,
,9426,SUGAR WEST INC,1,1,,
,9479,B & C UNLIMITED,1,1,,
,9517,BURT OUBRE FARMS,1,1,,
,9572,FRITZ ISLAND FARMS,,,,1
,9644,ALL REGIONS SVCS INC,1,1,,
,9666,(blank),,1,,
,9670,EDWARD J VINCENT FARMS,2,2,,
,9763,LEVERT ST JOHN FARMS INC,1,1,,
,9783,GERARD FREY FARMS,1,1,,
,9862,JOHN A RICHE FARM,1,1,,
,9868,TURNER BROTHERS FARMS,1,1,,
,9886,BERNARD S APIARIES INC,1,1,,
,9945,VERMILION GATOR FARMS INC,1,1,,
Louisiana Total,,,272,304,,11
Maine,2554,CHERRYFIELD FOODS INC,1,1,,
Maine Total,,,1,1,,
Maryland,,FRIENDLY HALL FARM LLC,1,1,,
,352,SCENIC VIEW ORCHARDS INC,1,1,,
,377,ROGER E WOLFE DBA PINE VALLEY FARM,1,1,,
,1083,BAUGHER ENTERPRISES INC,1,1,,
,1485,ALBRIGHT FARMS INC,1,1,,
,1519,WALLS NURSERIES LLC DBA PHYTO ECOL,1,1,,
,1691,MICHAEL W DICKINSON INC,1,1,,
,2430,RINEHART ORCHARDS INC,1,1,,
,2605,FRUITS & VEGETABLES BY LEWIS ORCHA,1,1,,
,3020,WEBERS CIDER MILL FARM INC,1,1,,
,3074,ONE STRAW FARM LLC,1,1,,
,3349,SHLAGEL FARMS,1,1,,
,3503,HARDING S ORCHARD LLC,1,1,,
,3920,"OLD WESTMINSTER WINERY, LLC",1,1,,
,4070,MANOR VIEW FARM INC,1,1,,
,4182,FOXBOROUGH NURSERY INC,1,1,,
,4371,ROCK HILL ORCHARD LLC,1,1,,
,4423,LARRILAND FARM INC,1,1,,
,4448,BUTLER S ORCHARD FARM,1,1,,
,4543,KING S TREE FARM,1,1,,
,4703,BLACK ANKLE VINEYARDS,1,1,,
,5456,GARDENHOUR ORCHARDS INC,1,1,,
,6124,RICHARDSON FARMS,1,1,,
,6329,BRADS PRODUCE LLC,1,1,,
,6387,KOINONIA PERTNERSHIP D B A GRAMERC,1,1,,
,6885,MOUNTAINSIDE FARM LLC,1,1,,
,7006,HOMESTEAD FARM & ORCHARD LLC,1,1,,
,7440,E WESLEY COHEE,1,1,,
,7639,CATOCTIN MOUNTAIN ORCHARD,1,1,,
,7703,HARMAN S PRODUCE LLC,1,1,,
,8775,MOUNTAIN VALLEY ORCHARD LLC,1,1,,
,8848,FREY AGRICUTURAL PRODUCTS INC,1,1,,
,9320,78 ACRES LLC,1,1,,
,9386,ANGELICA NURSERIES INC,1,1,,
,9731,WHITE HOUSE NURSERY,1,1,,
,9744,ARNOLD FARMS LLC,1,1,,
,9805,NEW MARKET PLAINS VINEYARDS LLC,1,1,,
Maryland Total,,,37,37,,
Michigan,,N J FOX & SONS INC / NOAH FOX,1,1,,
,170,FOGLERS ORCHARD AND FARM,1,1,,
,1227,MIKE PARRAN FARM DBA PARRAN S,1,1,,
,1497,DISTERHEFT FARMS LLC,1,1,,
,1623,HENRY ORCHARDS INC,1,,,1
,2021,REDPATH ORCHARDS / ALPERS FARMS LL,1,1,,
,2057,WAGENMAKER FARMS INC,1,1,,
,2343,42 NORTH APPLES LLC,1,1,,
,2397,HARBOR HILL FRUIT FARMS INC,1,1,,
,2406,BERVILLE FARMS LLC,1,,,1
,3612,"GRAJAUSKIS FARMS, INC.",1,1,,
,3971,IOTT FARMS INC,1,1,,
,5214,RAJZER FARMS LLC,1,1,,
,5489,ST JOE VALLEY APIARIES,1,1,,
,5588,JOHNSON FARMS,1,1,,
,5992,JON FIRST,1,1,,
,6104,THEUT S FLOWER BARN,1,1,,
,6208,NEW LEAF ORCHARDS LLC,1,2,,
,6571,FIRSKE ORCHARDS,1,1,,
,6732,A&B COSTANZA FARMS LLC,2,2,,
,6766,(blank),1,1,,
,6839,RUSSELL COSTANZA FARMS,1,1,,
,6918,WINDY RIDGE ORCHARDS,1,1,,
,7009,AGRIVINE INC,1,1,,
,7231,"ELLIS FAMILY FARMS, LLC",1,1,,
,8128,SVF INC,1,,,1
,8621,HART FARM LLC,1,1,,
,8942,LEITZ FARMS LLC,1,2,,
,9281,HAWKEYE FARMS LLC,1,,,1
,9303,JOE RASCH ORCHARDS INC,1,1,,
,9434,TODD GREINER FARMS PACKING LLC,1,1,,
,9609,MANZANA LLC,4,3,,1
,9827,BARTLEY FARMS,1,1,,
Michigan Total,,,37,34,,5
Minnesota,63,WALSH FARM LLC,1,1,,
,91,P & K FARM,1,1,,
,368,HANDY FARMS,1,1,,
,552,CARLSON HARVESTING INC,1,1,,
,672,BAILEY NURSERIES INC,3,3,,
,750,MONDA HONEY FARM INC,1,1,,
,883,CLINTON COX RANCH INC,1,,,1
,1003,ROBERT YAGGIE FARMS,1,1,,
,1254,PROSSER KUZNIA GP,1,1,,
,1586,ALLEN YAGGIE FARMS INC,1,1,,
,1648,FIELD BROTHERS FARMS DBA ROW AGRIC,1,1,,
,1836,SVIHEL VEGETABLE FARM INC.,1,1,,
,1988,FARMCO SUPPLY CO LLP,1,1,,
,2432,FOSSEN FARMS,1,1,,
,2500,VAN ERKEL FARMS INC,1,1,,
,2662,DL FARMS INC,1,1,,
,2670,CIDER HILL FARM,1,,,1
,2687,FISHER FARMS,1,1,,
,2806,DON YAGGIE FARMS,1,,,1
,2927,KARLEN RANCH,1,1,,
,2928,LUCAS SPITZER,1,1,,
,3043,BLUE HILL RANCH GP,1,1,,
,3539,JONSSON FARMS,1,1,,
,3663,DEERE FARMS INC,1,1,,
,3870,CHARLES STEIN,1,1,,
,3908,STEVEN EIDSNESS,1,1,,
,4064,D&H FIELD SVCS INC,1,1,,
,4131,MILL FARMS,1,1,,
,4196,TOWER HILL FARMS INC,1,1,,
,4208,RIVERVIEW LLP,6,6,,
,4547,WHEELER BROTHERS GRAIN CO,1,1,,
,4630,SCOTT HOWATT GRAIN FARMS,1,1,,
,5041,JERGENSON MINK RANCH INC,1,1,,
,5360,PUEPPKE FARMS,1,1,,
,5534,HOVE FARMS,1,,,1
,5843,SORUM FARMS,1,1,,
,5916,NISSEN FARMS,1,1,,
,6022,JIM WHITING NURSERY & GARDEN CTR I,1,1,,
,6038,THRONSON FARMS,1,1,,
,6050,JW SCOTT FARM,1,1,,
,6066,RAFFERTY FARMS,1,1,,
,6156,WESCOTT AGRI PRODUCTS INC,1,1,,
,6235,WILMER FARMS INC,1,,,1
,6447,SOUTHWIND ORCHARDS,2,2,,
,6454,LB PORK INC,1,1,,
,6553,ANDREW P MERRON,1,,,1
,6566,NOVAK S GROWN RIGHT VEGETABLES,1,1,,
,6573,SCHROEDER FARMS,1,1,,
,6776,NBBO FARMING,1,1,,
,6854,KAHNKE BROTHERS INC,1,1,,
,7079,P & J TURKEYS INC,1,1,,
,7373,GERTEN GREENHOUSES,1,1,,
,7383,GERTEN GREENHOUSE,1,1,,
,,GERTEN GREENHOUSES,1,1,,
,7418,BARB YAGGIE FARMS,1,1,,
,7562,JARVIS STEIN,2,2,,
,7595,"DIEKMANN FARMS, INC",1,1,,
,7726,RINKE CUSTOM HARVESTING LLP,1,1,,
,7804,TRUMAN RAGUSE FARMS,1,1,,
,7866,NELSON FARMS,1,1,,
,7885,SOYKO INTL INC,1,1,,
,8085,E CLAN INC,1,1,,
,8087,KEN IVERSEN FARMS,1,1,,
,8088,BACHMAN S INC,1,1,,
,8471,HICKORY ORCHARD LLC,1,1,,
,8609,SPEAR FARMS INC,1,1,,
,8803,SCHAEFER FARMS INC,1,1,,
,8928,PETERSON FARM,1,,,1
,8939,YARDMASTERS LANDSCAPE & NURSERY IN,1,1,,
,8955,DAVID LINSTAD FARM,1,1,,
,8971,PEDERSON BROTHERS FARMS,2,1,,1
,9026,NEW HORIZON DAIRY,2,2,,
,9176,J AND H HARVESTING,1,1,,
,9206,LIMA FAMILY FARMS,1,1,,
,9359,COUNTRY GARDENS FLORAL & GREENHOUS,1,1,,
,9567,BYRON FARMS,1,1,,
,9575,HARASETH BROTHERS,1,1,,
Minnesota Total,,,88,80,,8
Mississippi,,PHILLIPS BROTHERS FARM & DUTCH BRA,1,1,,
,815,SUNRISE PLANTING CO LLC,,1,,
,816,GRACE ROAD FARMS,1,1,,
,1515,CLARK PLANTING PARTNERSHIP,1,1,,
,2236,CLARK & CO,,1,,
,2475,HARRY SIMMONS FISH FARM,1,1,,
,2631,T & D FISH FARM INC,1,1,,
,2792,PARKER SMITH FARMS,1,1,,
,3024,4S TURF FARMS LLC DBA SANSING SOD,1,,,1
,3341,M & M LEASING CO INC,1,1,,
,3880,RYAN ALEXANDER FARMS,1,1,,
,4037,LMG GROWERS LLC,1,1,,
,4102,PRISOCK BROTHERS LOGGING INC,1,1,,
,4242,FLYING TATER FARM INC,1,1,,
,4984,BLUFFVIEW FARM PARTNERSHIP,1,1,,
,5160,W W M COMPANY,1,1,,
,5458,WILL NOBILE FARMS INC,1,1,,
,5572,E FARM LLC,1,,,1
,6275,BROWER FARMS,2,1,,1
,6293,H2A COMPLETE II INC,5,5,,
,6296,SELBY HONEY LLC,1,1,,
,6445,ELLENDALE PLANTING CO III,1,1,,
,6816,ABA FARMS PARTNERSHIP,1,1,,
,6973,DAVID DOYLE FARMS,1,1,,
,7197,EM FARMS LLC,1,,,1
,7238,TWO P FARMS INC,1,,,1
,7303,TRICOTN II,1,1,,
,7491,BRAD MALONEY FARMS,1,1,,
,7610,C&E FARM,1,1,,
,7672,MASCOT PLANTING CO,1,1,,
,7703,NEEDMORE FISHERIES LLC,1,1,,
,8166,GREAT SOUTHERN FARMS LLC,4,4,,
,8282,WILLIAMSON & WILLIAMSON FARMS PART,1,1,,
,8301,BULLDOG FARMS LLC,1,1,,
,8332,DELTA HYBRID FARMS INC,1,1,,
,8959,BAILEY COMPANY,1,1,,
,8977,JF PHILLIPS FARMS,1,1,,
,9046,REM OF SHAW INC,1,1,,
,9302,4E FARMS PARTNERSHIP,1,1,,
,9572,FRITZ ISLAND FARMS,1,1,,
,9622,BATTLE FISH FARM NORTH,1,1,,
,9681,LITTLE THAILAND FARMS II,,1,,
,9771,E & E FARMS LLC,1,1,,
,9865,E3 PARTNERSHIP,1,,,1
,9871,GEN 4 FARMS,1,1,,
,9872,DELTA PLANTING CO LLC,1,1,,
Mississippi Total,,,51,48,,6
Missouri,,DUSTIN L SCHUBERT,1,1,,
,20,KYLAN MEIER,2,1,,1
,21,BAMS FARMS PARTNERSHIP,1,1,,
,94,PILLOW FARMS,1,1,,
,200,MESSER FARMS,1,1,,
,240,HANEY FARMING PTR,1,1,,
,310,NORTHSTAR AG,1,1,,
,345,MIKE S TURF FARM INC,1,1,,
,441,WINTER FARMS FAMILY PARTNERSHIP,2,2,,
,482,PHERSON COMBINING,1,1,,
,607,KB CUSTOM AG SVCS LLC,1,1,,
,762,EASTOVER PLANTATION INC,1,1,,
,809,RANDY HELLE,1,1,,
,890,RODGERS PLANTING CO,1,1,,
,,SHOGUN FARMS,1,1,,
,916,BREINIG FARMS INC,1,1,,
,974,SPH FARM,1,1,,
,1047,RUSSELL EDGAR,1,1,,
,1052,FUGLEBERG FARMS,1,1,,
,1106,UNRUH FARMS,1,1,,
,1154,MARVIN RAGETH,1,1,,
,1255,JIMMY B TACKETT DBA BRAD TACKETT F,1,1,,
,1302,PLUS Z FARMS INC,1,1,,
,1320,AERIAL CROP CARE,1,1,,
,1367,HAUGEN COMBINING,1,1,,
,1404,KENT ALAN DUNN,1,1,,
,1477,PARADISE FARMS PARTNERSHIP,1,1,,
,1482,RIVERBEND PLANTATION,1,1,,
,1564,GEORGE L SWANSON,1,1,,
,1686,WRIGHT LIBERTY FARMS LLC,2,2,,
,1903,DELTA FLATLAND FARMS LLC,1,1,,
,1978,PATTERSON & SONS,1,1,,
,2014,REED FARMS PARTNERSHIP,1,1,,
,2042,TRI STATE AG CORP,2,2,,
,2054,OLSEN CUSTOM FARMS LLC,1,1,,
,2075,E&E HARVESTING,1,1,,
,2122,MALONEY FARMS,1,1,,
,2156,SHAFER FARMS INC,1,1,,
,2193,CHENOAH PLANTING,1,1,,
,2271,NEEDMORE PLANTING CO,1,1,,
,2326,TACKETT FISH FARM,1,1,,
,2403,FORFAR GRAIN COMPANY,1,1,,
,2511,INTREPID INC,1,1,,
,2624,WIN TEX AG SERVICES,1,1,,
,2634,RAINBOW PONDS INC,1,1,,
,2790,HEATON LAND COMPANY II,1,1,,
,2841,CONNELLY ENT INC,1,1,,
,2864,CORY PRESKEY,1,1,,
,3134,SOUTHERN PLANTING CO,1,1,,
,3270,D & G FARMS PARTNERSHIP,2,2,,
,3314,TALLEY LAND MGT,1,1,,
,3350,LUBIN FARMS PARTNERSHIP,1,1,,
,3457,WENTZ ENTERPRISES LLC,1,1,,
,3513,JEFF LEIDHOLM,1,1,,
,3516,MIKE SWINDOLL FARMS PARTNERSHIP,1,1,,
,3707,ROBERT SCHAEFER,1,1,,
,3857,TRIPLE RUN FARMS,1,1,,
,3879,LAWREN WOLD,1,1,,
,4026,LEES CUSTOM HARVESTING INC,1,1,,
,4207,P&S FARMS PARTNERSHIP,1,1,,
,4228,RODNEY H WALKER FARMS PARTNERSHIP,1,1,,
,4232,CARY ASSOCIATES,1,1,,
,4271,4 B PLANTING CO INC,1,1,,
,4322,JR FARMS INC,1,1,,
,4339,WILLIAM DUNN FARMS II,1,1,,
,4342,DRY RAIN FARMS LLC,1,1,,
,4384,WIDE HORIZON FARMS,,1,,
,4466,FJ SMYTHE AND SONS,1,1,,
,4491,BARE BONES FARM,1,1,,
,4513,J&D PLANTING,1,1,,
,4608,JOHN RAY ROBERSON JR FARMS,1,1,,
,4609,BRADASH FARMS INC & JEFFREY SHIVER,1,1,,
,4628,D&D HARVESTING & TRUCKING LLC,1,1,,
,4644,THURLOW FARMS INC,1,1,,
,4678,FLAUTT FARMS,1,1,,
,4856,ABELN FARMS LLC,1,1,,
,5053,B&H FARMS PARTNERSHIP,1,1,,
,5063,AUGUSTA WINE CO D/B/A AUGUSTA WINE,1,1,,
,5093,VAN BUREN FARMS II,1,1,,
,5231,ILS FARM PARTNERSHIP,1,1,,
,5237,MICHAEL DENNIS PETERSON,1,1,,
,5366,MOORE COMPANY,1,1,,
,5507,DAVE OLSON INC,1,1,,
,5628,DAKOTA VALLEY GROWERS LLLP,,1,,
,5652,SRB AERIAL APPLICATORS LLC,1,1,,
,5675,JASON R SCHMALENBERGER,1,1,,
,5683,RANDOM SHOT FARMS,1,1,,
,5767,R AND S RICE FARMS,1,1,,
,5830,DODSON FARMS LLC,1,1,,
,6022,ANTHONY FARMS PARTNERSHIP,1,1,,
,6123,DON BOK FARM BY DONG SOO W BOK,1,1,,
,6146,TWIN BAYOU FARMS,1,1,,
,6227,ADRON FARMS,1,1,,
,6246,BECKHAM BROTHERS,1,1,,
,6276,JAG FARMS PARTNERSHIP,1,1,,
,6327,SPLIT TREE FARMS LLC,1,1,,
,6709,FAIR WEATHER ACRES INC,1,1,,
,6769,BC FARMS,1,1,,
,6865,BOAIR INC,1,1,,
,6942,MURRELL FARMS,1,1,,
,6976,JONES PLANTING CO III,1,1,,
,7116,LYNNDALE PARTNERS,1,1,,
,7192,KIN GROWERS PARTNERSHIP,1,1,,
,7207,GIL SCHROEDER SOD SALES INC,1,1,,
,7254,ITTA BENA PLANTATION III,1,1,,
,7255,J SIX FARMS LLC,1,1,,
,7306,ADAMS TRUCKING,,,,1
,7318,BARR HARVESTING INC,1,1,,
,7472,C&P FARMS,1,1,,
,7701,WALTER PILLOW & SONS PLANTING CO,1,1,,
,7802,RJR FOUR FARMS PTN,1,1,,
,7803,FORREST CITY FARMS,1,1,,
,7817,BELL FARMS PARTNERSHIP,1,1,,
,7819,DEAN INC,1,1,,
,7857,B CHASTAIN FARMS,1,1,,
,7962,L & A FARMS,1,1,,
,7977,PITTS FARMS PARTNERSHIP,1,1,,
,8045,BASS FARMS,1,1,,
,8057,COSTELLO LABOR SVC LLC,1,1,,
,8114,SCHANK FARM,1,1,,
,8123,KILLEBREW COTTON CO PTR,1,1,,
,8147,BATA BROTHERS LLC,1,1,,
,8149,LORANG GRAINS LLC,1,1,,
,8151,VOLK FARM,1,1,,
,8178,TOFTELAND FARMS,1,1,,
,8222,CLYDE F KRAENZEL,1,1,,
,8287,CALEB SCOTT CHRISTIANSON,1,1,,
,8420,THUNDERSTRUCK FARMS LLC,1,1,,
,8519,WESLEY NELSON,1,1,,
,8526,PREWITT FARMS,1,1,,
,8586,WELLS AG LLC,1,1,,
,8620,TOM FARMS PAYSERV LLC,1,1,,
,8666,FOUR FARMS,1,1,,
,8729,PORTER CUSTOM HAULING LLC,1,1,,
,8792,OUTBACK LAND CO,1,1,,
,8932,TYSON PRICE FARMS,1,1,,
,8975,WRIGHTS TRUCKING & HARVESTING LLC,1,1,,
,8987,WRIGHTS TRUCKING LLC,,1,,
,9109,GRITTMAN FARMS PARTNERSHIP II,1,1,,
,9152,GOODMAN FARMS JOINT VENTURE,1,1,,
,9170,ESTES FARMS HAY SVC LLC,1,1,,
,9216,CY FARMS LLC,1,1,,
,9341,JOHN HAAS,1,1,,
,,RANDALL J MYERS FARM,1,1,,
,9360,LOCHIRCO FRUIT & PRODUCE INC DBA H,,1,,
,9403,MATTHEW W GATES FARM,1,1,,
,9508,BUCKHORN FARMS PARTNERS,1,1,,
,9567,MURPHY FARMS,1,1,,
,9599,WEST CURTIS FARMS LLC,1,1,,
,9605,RAY CRAWFORD FARMS,1,1,,
,9772,ANDERSON PLANTING CO II,1,1,,
,9885,PEDDICORD HARVESTING,1,1,,
,9934,GARRY MAKAMSON FARMS,1,1,,
Missouri Total,,,153,156,,2
Montana,236,SW & CREW,1,1,,
,339,HALTERMAN SHEEP INC,1,1,,
,685,LEGACY RANCHES PARTNERS LP,,1,,
,711,MCNABB FARMS PARTNERSHIP,1,1,,
,740,STEVE PUST FARMS INC,1,1,,
,759,JEFF PENTZ SHEEP RANCH LLC,1,1,,
,1095,FAUTH FARM,1,1,,
,1202,PRIBYL RANCH INC,1,1,,
,1743,(blank),1,1,,
,1765,COFFEE CATTLE CO,1,1,,
,1773,NEUTRAL VIEW HARVESTING,1,,,
,1903,SCOTT STUBBS LIVESTOCK,1,1,,
,2039,KOMBOL RANCH,1,1,,
,2195,MONTANA TREES INC,1,,,1
,2408,MISKE FARMS INC,,1,,
,2442,(blank),1,1,,
,2839,KA ENTERPRISES INC,2,2,,
,2872,BRANDON REDDIG,1,1,,
,2966,STRAND SPRAYING SERVICE,1,1,,
,3177,CHAUVET CATTLE CO,1,,,1
,3235,LADDER LIVESTOCK CO LLC,2,2,,
,3285,JOHN UHALDE AND CO,1,1,,
,3291,MARGARET M NOYCE REVOCABLE TRUST C,1,1,,
,3612,KEEWAYDIN RANCH,1,1,,
,3747,COLE BROTHERS,1,1,,
,3898,EDDLEMAN OAR LOCK RANCH LLC,1,1,,
,4212,CRAZY MOUNTAIN CATTLE CO,1,1,,
,4503,SKZ HARVESTING INC,1,1,,
,4516,MOUNTAIN AIR CATTLE CO LLC,2,2,,
,4700,BROKEN O LAND & LIVESTOCK LLC,1,1,,
,4844,SID NEWMAN RANCH TRUST,1,1,,
,4909,(blank),1,1,,
,5068,NEUFELD FARMS PARTNERSHIP,1,1,,
,5097,EATON RANCH,1,1,,
,5595,MOOSE FARMS INC,1,1,,
,5693,NEWMAN RANCH LLC,,1,,
,5832,PAUGH INC,1,1,,
,6154,TODD F WAGNER,1,1,,
,6338,(blank),1,1,,
,6361,HA FARMS INC,2,2,,
,6530,HARDY AG INC,1,1,,
,6543,BASS LAKE FARMS LLC,,1,,
,6621,MATERIALS BIO INC / QUAD FIVE,1,1,,
,,MATERIALS BIO INC /QUAD FIVE,2,2,,
,6789,GORDON CATTLE CO,1,1,,
,6791,PARADISE VALLEY FARMS LLC,1,1,,
,6811,R L LANKFORD FARMS INC,1,1,,
,6832,BLISS FARMS PARTNERSHIP,1,1,,
,6950,TULE CREEK RANCH,,1,,
,8297,HONEYLAND INC,1,1,,
,8325,INDRELAND RANCH,1,1,,
,8474,NASH RANCHING CORP,1,1,,
,8479,JENSEN RANCH CO,1,,,1
,8483,CLAY D PALFREYMAN TRUCKING INC,2,2,,
,8592,(blank),1,1,,
,8898,SEE FARMS,1,1,,
,8978,THISTLEDEW LAND & CATTLE LP,1,1,,
,9045,R & C SUPPLY LLC,1,1,,
,9103,FAST AG INC,1,1,,
,9639,JON C WILDE RANCH,,1,,
,9689,LEHFELDT RAMBOUILLETS,1,1,,
,9719,SKINNER RANCH SEEDSTOCK LLC,1,1,,
,9898,VALLEY VIEW CHAROLAIS RANCH INC,,1,,
Montana Total,,,62,65,,3
Nebraska,,(blank),,,,1
,146,CSS FARMS INC,2,2,,
,976,DANIELS PRODUCE LLC,2,2,,
,2826,TEN WEST CATTLE INC,1,1,,
,2919,HELDT PRODUCE INC,2,2,,
,3177,AMAZING GRAINS FAMILY FARMS,1,1,,
,3835,DON OPPLIGER FARMS,1,1,,
,4218,TINANT RANCH LLC,1,1,,
,4340,WEEKS FAMILY FARMS,1,1,,
,4631,THOMPSON SEED POTATO PTR,2,2,,
,5887,TERCEL LAND & CATTLE,1,1,,
,6169,GARY ROBISON D/B/A ROBISON CUSTOM,1,1,,
,7628,BOW & ARROW RANCH,,1,,
,7639,CSS POTATO FARMS LLC,1,1,,
,7683,R&R CHRISTO CONSTRUCTION LLC,1,,,1
,8628,ROEDER HONEY FARMS INC,2,2,,
,8884,THOMPSON SEED POTATO OF ND,1,1,,
Nebraska Total,,,20,20,,2
Nevada,912,PERI & SONS FARMS OF CA LLC,1,1,,
,,PERI & SONS FARMS OF CA LLC18,1,1,,
,,PERI & SONS FARMS OF CALIFORNIA LL,6,6,,
,3200,LAZY GF RANCH,1,1,,
,3631,JOHN GRETLEIN,2,3,,
,4362,NNIMA BEE CO LLC,1,1,,
,4788,PAM S KITCHEN SVCS LLC,1,1,,
,5412,PERI & SON FARMS INC,1,1,,
,,PERI & SONS FARMS INC,5,5,,
,5794,SNYDER LIVESTOCK CO INC,1,1,,
,6392,DESERT VALLEY HONEY LLC,,1,,
Nevada Total,,,20,22,,
New Hampshire,,CLARK BROTHERS ORCHARDS LLC,1,1,,
,38,SALMON FALLS NURSERY INC,1,1,,
,428,STANDARD ORCHARDS,2,2,,
,740,VERRILL FARM LLC,2,2,,
,759,SUNNYCREST FARM INC,1,1,,
,853,B W BISHOP & SONS INC DBA BISHOP S,1,1,,
,1148,ROTA SPRING FARM,2,2,,
,1361,COOPER FARMS INC,1,1,,
,1407,BROOKSBY FARM,1,1,,
,1487,HENRY J STEERE DBA STEERE ORCHARD,1,1,,
,1503,AHLHOLM INC,1,1,,
,1512,STONEFIELD FARM,1,1,,
,1718,HARPERS FARM & GARDEN LLC,1,1,,
,1731,SULLIVAN FARM LLC,1,1,,
,1906,WINDING BROOK TURF FARM DRIVERS,1,1,,
,,WINDING BROOK TURF FARM HARVEST,1,1,,
,,WINDING BROOK TURF FARM HARVEST 2,1,,,
,,WINDING BROOK TURF FARM MECHANICS,1,,,1
,1920,DAVIDIAN BROTHERS FARM,1,,,1
,2140,LYNDY FARMS OF CT LLC,1,1,,
,2484,VOLANTE FARMS INC,1,1,,
,2593,THE LYMAN FARM INC,1,1,,
,2663,RUSSELL ORCHARDS INC,1,1,,
,2671,ROGERS ORCHARDS INC,1,1,,
,2762,ROBERT CIRCLE R FRUIT FARMS INC,1,1,,
,2888,BREEZY GARDENS FARM,1,,,1
,2936,MARCH FARM,1,1,,
,3107,JACOBS FARM INC,,1,,
,3199,HINDINGER FARM,1,1,,
,3534,FAIRVIEW FARMS INC,1,1,,
,3670,GILSON FAMILY HERB ENT,1,1,,
,3879,SCOTT S ORCHARD AND NURSERY AKA SC,1,1,,
,4059,KING FARM INC,2,2,,
,4060,WOODSTOCK ORCHARDS LLC,1,1,,
,4405,DICK S MARKET GARDEN INC,1,1,,
,4700,BLUE HILLS ORCHARD INC,1,1,,
,4815,LEOBARDO MONDRAGON DBA FOREST HARV,1,1,,
,5038,LYNN ETTE AND SONS INC,1,1,,
,5166,HARTIKKA TREE FARMS,1,1,,
,5616,ATLAS FARMS LLC,1,1,,
,5656,LAVOIES FARM LLC,1,1,,
,5710,JOHNNY S ROADSIDE MARKET GARDEN,1,1,,
,5817,NOURSE FARMS INC,1,1,,
,6012,PHILBIN ORCHARDS INC,1,,,1
,6206,TORREY FARMS INC,1,2,,
,6381,WESTWARD ORCHARDS INC,1,,,1
,6667,SUNFLOWER GARDENS LLC,1,1,,
,6739,LULL FARM LLC,2,1,,1
,6868,PATTERSON FARM & FOUR STAR FARMS,1,1,,
,6894,DBA NICHOLS TREE FARM,1,1,,
,7004,BOLTON ORCHARDS,1,1,,
,7039,PLEASANT VALLEY GARDENS,1,1,,
,7088,OLIVER FARMS INC,1,1,,
,7237,ORCHARD MADE PRODUCTS DBA MANN ORC,1,1,,
,7338,FAIRVIEW ORCHARDS INC,1,1,,
,7760,CARVER HILL ORCHARD,1,1,,
,7781,BIG O FARMS INC,2,2,,
,8113,BOYS IN BERRIES LLC DBA WARD S BER,2,1,,1
,8172,PINELAND FARMS / GILLESPIE FARMS D,1,1,,
,8188,SHARON RITTER,1,1,,
,8241,J W ANDERSON AND SONS,1,1,,
,8296,GERARD BEIRNE ENTERPRISES DBA BERL,1,,,1
,8317,SUROWIEC FARM,1,1,,
,8487,R BELANGER & SONS FARMS,1,1,,
,8502,DONDERO ORCHARDS LLC,1,1,,
,8530,CONNECTICUT VALLEY ORCHARDS LLC,2,2,,
,8654,MEADOWBROOK ORCHARDS INC,1,1,,
,8660,GLENN STILLMAN DBA STILLMAN S FARM,3,2,,1
,8668,SUNNY CREST ORCHARDS,1,1,,
,8678,HART S GREENHOUSE & FLORIST LLC,1,3,,
,8696,MULBERRY FARM,1,1,,
,8707,BROOKDALE FRUIT FARM INC,1,1,,
,8755,CARLSON ORCHARDS INC,1,1,,
,8926,GOTTA S FARM,1,1,,
,9391,HONEY POT HILL ORCHARDS,1,1,,
,9569,MEADOW VIEW FARM LLC,1,1,,
,9687,VINCENT FARMS,1,1,,
,9893,TOUGAS FAMILY FARM LLC,1,1,,
New Hampshire Total,,,87,81,,9
New Jersey,489,R & A LEONE FAMILY FARMS LLC,1,1,,
,1211,(blank),1,1,,
,1737,ALSTEDE FARMS LLC DBA ALSTEDE FARM,1,2,,
,2187,RUTGERS NURSERY INC,1,1,,
,2690,HOPEWELL VALLEY VINEYARDS LLC,1,1,,
,2988,HONEY BROOK ORGANIC FARM LLC,1,1,,
,4733,GIALANELLA EVERGREENS & NURSERY IN,1,1,,
,4780,MAPLE LEAF FARMS INC,1,1,,
,4852,STONY HILL GARDENS LLC,1,1,,
,5117,J & S BROTHERS FARMS LLC,1,,,1
,6479,VELASQUEZ FARMS LLC,1,1,,
,6624,BATTIATO FARMS,1,1,,
,7038,STORMY ACRES,,,,1
,7268,PASTORE ORCHARDS INC,1,1,,
,7546,JERSEY FARM PRODUCE INC,1,1,,
,8234,VILLA MILAGRO VINEYARDS LLC,1,1,,
,8818,OVERDEVEST NURSERIES LP,1,1,,
,9611,PHILLIPS FARMS LLC,1,1,,
New Jersey Total,,,17,17,,2
New Mexico,335,JJ&M TRUCKING,1,1,,
,621,BOS DAIRY LLC SOUTH,1,1,,
,1576,BROTHERS TRANSPORTATION LLC,,1,,
,1680,ROCKY TOP DAIRY FARM,1,1,,
,1861,ALVIDREZ TRUCKING LLC,1,1,,
,2736,NS TRUCKING,1,1,,
,3586,LUIS MIGUEL CHAVEZ DBA MYC TRUCKIN,1,1,,
,4288,VP,1,1,,
,5175,TODD & HONEY POLING,1,1,,
,5927,BLACK MAMBA TRUCK SVCS,1,,,1
,6000,M & D INC,1,1,,
,6851,ENCHANTED PRODUCTS OF NEW MEXICO,,,,1
,7491,MIDWAY TRUCKING CORP,1,1,,
,7559,SOUTHERN DRAW DAIRY,1,1,,
,7580,SALVADOR RIVERA DBA SEED TRUCKING,1,1,,
,7692,J & V TRUCKING,1,1,,
,7815,GRADY CONTRACTING INC,1,1,,
,7873,RORROS TRUCKING LLC,1,1,,
,8015,SPRA GREEN,1,1,,
,8084,RYM TRUCKING LLC,1,1,,
,8336,OLIVAS TRUCKING LLC,1,1,,
,8383,ROBINSON FARMS INC,2,2,,
,8724,TRIPLE G TRUCKING LLC,1,1,,
,8726,R & M TRUCKING,1,1,,
,8859,CWBC INC,1,1,,
,9271,FDZ TRUCKING,1,1,,
,9504,FINNEY FARMS INC,1,1,,
,9778,CONLEY S NURSERY INC,1,1,,
,9938,NAC TRUCKING,1,1,,
,9999,WALTERSCHEID TRUCKING AND FAMRS IN,1,1,,
New Mexico Total,,,29,29,,2
New York,,R&G PRODUCE LLC & YURCHUCK FARM IN,1,1,,
,7,DEER RUN FARMS LLC,1,1,,
,18,EVOLUTIONARY ORGANICS,1,1,,
,52,PANTALEONS FARM INC,1,1,,
,118,PEDERSEN FARMS INC,1,,,1
,306,ALLSTATE APPLE EXCHANGE DBA HUDSON,1,1,,
,549,KENT FAMILY GROWERS,1,1,,
,594,PETER STEFANOPOULOS INC,1,,,1
,706,NORMAN KEIL NURSERIES INC,3,3,,
,709,CANDELLA S FARM & GREENHOUSES LLC,1,1,,
,716,ONTARIO ORCHARDS,1,1,,
,758,MORGIEWICZ PRODUCE INC,1,1,,
,766,NORMAN KEIL NURSERIES INC,1,1,,
,887,L & M FARMS,1,1,,
,907,MAYNARD FARMS,1,1,,
,984,OCHS ORCHARD,1,,,1
,1022,SIMPELAAR FRUIT FARMS,1,1,,
,1100,AMEELE FARMS LLC,1,1,,
,1173,HERMENET FRUIT FARM,1,1,,
,1185,STONELEDGE FARM LLC,1,1,,
,1331,TOWER FAMILY LLP,1,1,,
,1421,CLEARVIEW ORCHARDS,1,1,,
,1433,JAMES J PIEDIMONTE & SONS INC,1,1,,
,1493,LAKESIDE SOD SUPPLY CO INC,1,1,,
,1886,MARKRISTO FARM,1,1,,
,1930,VAN PUTTE SEED CO INC,1,1,,
,1983,YONDER FRUIT FARM INC,1,1,,
,1989,YOUNGMAN BROS FRUIT FARM,1,1,,
,2074,TASSONE FARMS,1,1,,
,2135,CRITZ FARMS,1,1,,
,2424,WERTMAN FARM,1,,,1
,2430,ELHANNON WHOLESALE NURSERY INC,1,1,,
,2929,DB ORCHARDS LLC,1,1,,
,3112,DENISON FARM,1,1,,
,3356,WICKHAM S FRUIT FARM LLC,1,1,,
,3418,SCHICHTEL S NURSERY INC,2,2,,
,3452,GABRIELSON FARMS LLC,1,1,,
,3455,S & SO PRODUCE FARMS LLC,1,1,,
,3523,FISHKILL FARMS,1,1,,
,3684,RMV FARMS LLC DBA CORNER STONE,1,1,,
,3801,ANYELAS VINEYARDS LLC,1,1,,
,3924,ABENDROTH S APPLE RIDGE ORCHARD,1,1,,
,3963,MAPLEVIEW DAIRY LLC,1,1,,
,3989,GOLDEN HARVEST FARM,1,1,,
,4274,PLUMMER ORCHARDS LLC,1,1,,
,4293,KAPPUS FARMS INC,1,1,,
,4341,REEVES FARMS LLC,1,1,,
,4746,M&M PRODUCE FARMS & SALES,3,3,,
,4882,CAHOON FARMS INC,1,1,,
,4942,YAN S GINSENG FARM INC,1,1,,
,5028,FOX FRUIT FARMS LLC,1,1,,
,5068,SOONS ORCHARDS,1,1,,
,5141,FORKING PATHS VINEYARDS INC AND AS,,1,,
,5223,BRADFORD REEVE SR AND PAUL REEVE I,1,1,,
,5343,JUNIPER HILL FARM,1,,,1
,5385,PRECISION RE DEVELOPMENT CORP,1,,,1
,5426,THANKSGIVING FARM AT THE CTR FOR D,1,1,,
,5526,LEDGE ROCK FARMS LLC,1,1,,
,5668,G FAMILY PASSAIC LLC TIME EQUITIES,1,1,,
,5683,MARSHALL SKIFF ORCHARD LLC,1,1,,
,5760,ZINO NURSERIES & LANDSCAPING,2,2,,
,5832,LJM GROWER INC,1,1,,
,5841,KLEIN HILL FRUIT FARM,1,1,,
,5843,CHILDSTOCK FARMS INC,1,1,,
,5852,JAM OF NEW PALTZ INC,1,1,,
,5940,W G MINARD & SONS,1,1,,
,6014,ARMINGTON NURSERY,1,1,,
,6065,RAYMOND LUHRMAN DBA FOX CREEK FARM,1,1,,
,6154,TWIN PONDS NURSERY,1,1,,
,6178,WINDFLOWER FARMS LLC,1,1,,
,6194,BIELER ENTERPRISES,1,1,,
,6195,CHERRY LAWN FRUIT FARMS LLC,1,1,,
,6201,GADE FARM LLC,1,1,,
,6265,BEHLING ORCHARDS,1,1,,
,6279,FRESH START ORCHARDS LLC,1,1,,
,6284,BURGER S FARM,1,1,,
,6363,LAKESIDE ORCHARDS INC,1,1,,
,6478,INDIAN LADDER FARMS,1,1,,
,6481,SCHREIBER ORCHARDS,1,1,,
,6534,ALTAMONT ORCHARDS INC,1,1,,
,6614,GARDEN TIME INC,1,1,,
,6629,EVERETT ORCHARDS LTD,1,1,,
,6733,MILK PAIL LLC,1,1,,
,6813,OVERLOOK FARMS INC,1,1,,
,6838,BECKER S FARM LLC,1,1,,
,6930,ERWAY FARMS,1,1,,
,7035,A. ZIMMERMAN & SONS INC,1,1,,
,7096,VAN DE WALLE FRUIT FARM LLC,1,1,,
,7125,ORCHARD DALE FRUIT CO LLC,1,1,,
,7130,HICKORY HILL FARM LLC,1,1,,
,7149,G & G FARMS INC,1,1,,
,7188,WILKLOW ORCHARDS LLC,2,2,,
,7486,KAST FARMS INC,1,1,,
,7609,GOOLD ORCHARDS,1,1,,
,7686,M G HURD & SONS,2,2,,
,7729,DONATO FARMS INC,1,1,,
,7795,ENGEL S ACRES,1,1,,
,7798,THOMAS S ROE DBA ROE ORCHARDS,1,1,,
,7807,BEAK AND SKIFF APPLE FARMS INC,1,1,,
,7822,FINO FARMS LLC,1,1,,
,7850,STANTON S FEURA FARM/ STANTON BROS,1,1,,
,7883,JANGSOO FARM INC,1,,,1
,7977,MILLBROOK VINEYARD AND WINERY INC,1,1,,
,8077,BUHRMASTER FRUIT & PRODUCE,1,1,,
,8126,BLACKHORSE FARM INC,2,2,,
,8179,SARATOGA SOD FARM INC,1,1,,
,8181,SAMASCOTT ORCHARDS,1,1,,
,8211,KC BAILEY ORCHARDS INC,1,1,,
,8256,MAMMOSER FARMS INC,1,1,,
,,MAMMOSER FARMS INCORPORATED,1,,,1
,8286,KUTIK S HONEY FARM LLC,1,1,,
,8297,HH DOBBINS & SON LLC,1,1,,
,8359,MIKE WALSH AND SONS GREENHOUSES IN,1,1,,
,8421,CHUCK HAFNER FARMS LLC,1,1,,
,8458,PORPIGLIA FARMS INC,2,2,,
,8493,GAIA S BREATH FARM,1,1,,
,8648,PHILIP WAGER FARM,1,1,,
,8776,PAVERO COLD STORAGE,1,1,,
,8802,HUDSON VALLEY GROWN - DBA HEPWORT,1,1,,
,8818,THE FARM AT MILLER S CROSSING LLC,1,1,,
,8923,DOUBLE D PRODUCE,1,1,,
,8979,APPLE ACRES LLC,1,1,,
,9162,PURE GROWN LLC,1,1,,
,9170,GEORGE W SAULPAUGH & SON INC,1,1,,
,,GEORGE W SAULPAUGH AND SON INC,1,1,,
,9261,WAFLER FARMS INC,1,1,,
,9479,HARVEST QUEEN FARMS LTD,1,1,,
,9583,HILLTOP HOPS AND BARLEY CO INC,1,1,,
,9623,NATURAL LANDWORKS INC,1,1,,
,9691,BINLEY FLORIST INC,1,1,,
,9706,HOLMQUEST FARMS,1,1,,
,9772,MIGLIORELLI FARMS LLC,1,1,,
,9826,HAGER HOPS CO LLC ET AL,1,,,1
,9832,NORWICH MEADOWS FARM LLC,1,1,,
,9901,JOHN MARK & MAUREEN J TORREY PARTN,1,,,1
,9971,OLIVER PAINE GREENHOUSE,1,1,,
,9978,DEBUCK S SOD FARM OF NY INC,1,1,,
,9985,FREE BIRD FARMS LLC,1,1,,
New York Total,,,147,138,,10
North Carolina,,A & L LAWSON PARTNERSHIP & SINGLE,1,1,,
,,MELLEMA PARTNERS,1,1,,
,,PINECREST TREE FARMS LP,1,1,,
,5,DENNIS HAUGEN FARMS,1,1,,
,27,MOUNTRAIL FARMS PARTNERSHIP,1,1,,
,54,CHERRY BAY ORCHARDS,1,1,,
,73,MOUNTAIN VIEW FARMS,1,1,,
,81,TWIN PINE FARMS LLC,1,1,,
,111,ZABLOTNEY FARM,2,2,,
,123,WEAKLEY FAMILY FARMS,1,1,,
,136,LEONARD ARTZ,1,1,,
,156,TRAIL PARTNERSHIP DBA T & T PARTNE,1,1,,
,185,DMB FARMS INC TSK 3 LLC & 7 SOUTH,1,1,,
,197,GENE PARKER FARMS LLC,1,1,,
,214,CONDREY FARMS,1,1,,
,223,KYLE MILLS FARMS,1,1,,
,231,DOUG & BRENDA ZINK,1,1,,
,251,HOFF FARMS,1,1,,
,261,DKH INC,1,1,,
,298,STEINERT FARMS,1,1,,
,318,CODY HOFFMAN,1,1,,
,320,TROY JANGULA,1,1,,
,327,TRAVIS FIESER,1,1,,
,370,ROUSE FARMING INC,1,1,,
,388,GREGG DAHLE,1,1,,
,405,TYLER FARMS,1,1,,
,447,BEN TUFTE,1,1,,
,475,BLASE HENDRICKSON,1,1,,
,482,TOM VINSON JR,1,1,,
,507,NINETY SIX FARMS INC,1,1,,
,509,BP MILLER FARMS,1,1,,
,525,TREW JAMES,1,1,,
,538,DOUBLE K FARMS,1,1,,
,547,ROSS E FISHER,1,1,,
,557,FELAND BROTHERS FARMS,1,1,,
,572,D&T FARMS INC,1,1,,
,597,BUY SOD USA LLC,2,2,,
,612,TYBRIT INC,1,1,,
,678,BLACKJACK EXPRESS LLC,3,3,,1
,691,ASSMAN CATTLE CO,1,1,,
,703,FDN FEEDERS INC,1,1,,
,723,RUSSELL S TREE AND SHRUB FARMS LLC,1,1,,
,729,SOL HARVESTING LLC,1,2,,
,742,"KNOBEL FARMS, INC",1,1,,
,756,DLR FRUIT & VEGETABLE,1,1,,
,786,PROMISE LAND FARMS,1,1,,
,807,JNA CUSTOM LLC,1,1,,
,810,ECKERT ORCHARDS INC,1,1,,
,827,REDDING FARMS INC,1,1,,
,870,J R FARMS OF LAGRANGE INC,1,1,,
,904,TRAVIS MEIER,1,1,,
,915,TRESURE STATE GRAIN INC,1,1,,
,938,POPE & SON INC,1,1,,
,966,JONES & CHURCH FARMS INC,1,2,,
,1027,KEVIN AHLEMEIER FARMS INC,,,,1
,1035,LANIE FARMS INC,2,2,1,
,1041,DAVID VINSON FARMS INC,1,1,,
,1057,BRUCE YOUNG FARM,1,1,,
,1065,BLUE J FARMS INC,1,1,,
,,KLG FARMS,1,1,,
,1072,STEVEN STOKER FARMS,1,1,,
,1094,(blank),1,1,,
,1097,SHUMOCK FARM,1,1,,
,1098,WADE BILLADEAU FARMS,1,1,,
,1109,RDL INC,1,1,,
,1140,WC LANIE & SONS INC,1,1,,
,1160,M&M PLANT FARMS INC,1,1,,
,1162,COURTNEY FARMS LLC,1,1,,
,1206,ELVIS L BELLAR DBA BELLAR FARMS,1,1,,
,1249,MELON ACRES INC,2,2,,
,1259,HOOD BROTHERS FARMS,1,1,,
,1274,SIMONS FARM SVC,1,1,,
,1293,DONALD GUNLIKSON,1,1,,
,,WABASH VALLEY GROWERS LLC,1,1,,
,1330,G & S FARMS,1,,,1
,1376,BAUMANN FARMS LLP,1,1,,
,1382,FRANK HOWEY FAMILY FARMS,1,2,,
,1407,WAYNE COUNTY EGG LLC,1,1,,
,1437,ROBERSONVILLE AG LLC,1,1,,
,1450,CHAD BERG FARMS,1,1,,
,1462,PANHANDLE FARMS PARTNERSHIP,1,1,,
,1504,CARTNER BROTHERS LLC,1,1,,
,1514,L F R FARMS & GREENHOUSES,1,1,,
,1586,NZ RANCH,1,1,,
,1608,HEINLE FARMS,1,1,,
,1636,UNIVERSITY OF TENNESSEE HIGHLAND R,1,1,,
,1684,OPLAND FARM,1,1,,
,1703,GIESE FARMS,1,1,,
,1719,RIES FARMS LLC,1,1,,
,1783,TIM FISHER FARM,1,1,,
,1797,WIVHOLM FARMS,1,1,,
,1815,HOBGOOD FARMS GPTR,1,1,,
,1833,O LOUGHLIN FARMS LLC,2,2,,
,1851,MORGAN FARMS,1,1,,
,1863,JOEY KNIGHT DBA KNIGHT FARMS,1,,,1
,1905,HILLCREST ORCHARDS LLC,1,1,,
,1913,JAMES RAMBO LLC,1,1,,
,1921,LUCAS NURSERY,2,2,,
,1970,J & V FARMS LLC,1,1,,
,1977,FRB HARVESTING,2,2,,
,2007,ST MICHAELS FARMS LLC,1,1,,
,2036,DENVER DEAVER,1,1,,
,2048,MICHAEL BEJMA DBA BEJMA FARMWS,1,1,,
,2064,JACKSONS FARMING CO OF AUTRYVILLE,1,1,,
,2103,OURSO FARMS INC,1,1,,
,2120,J ROLAND WOOD FARMS INC,1,1,,
,2133,JAMES & SONS FARMS,1,,,1
,,JAMES AND SONS FARMS,1,1,,
,2140,ARROWHEAD FARMS,1,1,,
,2156,(blank),1,1,,
,2191,R & R FARMS,1,1,,
,2264,MARK BOURNE,1,1,,
,2266,CANNON FARMS,1,1,,
,2270,SHELTON & SON FARMS INC,1,1,,
,2284,LCN HOLDINGS LLC DBA LAKE COUNTY N,1,1,,
,2305,HOFFMAN FARMS LLP,1,1,,
,2316,SAVELKOUL HARVESTING,1,1,,
,,(blank),1,1,,
,2352,TOSH FARMS,1,1,,
,2358,STEVEN BOYD DBA BOYD FARMS,1,1,,
,2365,JEFFREY D ELLIS DBA JETT ELLIS,1,,,1
,2370,SCHNITZLER CORP,1,1,,
,2431,MCLAIN FARMS,2,2,,
,2454,TWIN ACRES LLC,1,1,,
,2485,ROBERT L MENEES,1,1,,
,2543,TRI - W FARMS INC,1,1,,
,2544,FRANK S SHEPARD,1,1,,
,2548,C N FARMS INC,1,1,,
,2565,ROBERT RATLIFF,1,1,,
,2600,T BELL DETASSELING LLC,1,1,,
,2631,BOYKIN FARMS INC,1,1,,
,2650,MURPHY FAMILY VENTURES LLC,2,2,,
,2653,DUTCHMAN TREE FARMS LLC,1,1,,
,2682,A E SHOFFNER LTD,1,1,,
,2683,LIEBELT FARMS,1,1,,
,2691,KYLE LARSON,1,,,1
,2701,HAMILTON FARMS INC,1,1,,
,2722,EASTERN VIRGINIA NURSERY LLC,1,1,,
,2723,NORTHWEST AG SUPPLY,2,2,,
,2740,SHATLEY FARMS LLC,1,1,,
,2744,WILLIAM G BALTHROP,1,,,1
,2746,P S & J CRAWFISH,1,1,,
,2749,RAMBO NURSERY LLC,1,1,,
,2756,MEIER FARMS GP,1,1,,
,2793,SUN VALLEY ORCHARDS LLC,1,1,,
,2818,CERVEZA ACRES LLC,1,1,,
,2845,BASARABA FARMS,1,1,,
,2857,ARBOR FIELDS INC,1,1,,
,2859,BBF BAILEY & BAILEY,1,1,,
,2878,DL&B ENTERPRISES INC,1,1,,
,2882,PATRICK AND SANDRA RIVINIUS,1,1,,
,2891,SHAWN SUNDBERG,1,1,,
,2899,A & M FARMS,1,1,,
,2966,STEVE B NELSON,1,1,,
,2972,CHAD HEER,1,1,,
,2982,ALAN LOPATA DBA LOPATA GARDENS,1,1,,
,2993,RSK FARMS,1,1,,
,2995,STEVEN EDGE,1,1,,
,2996,CARTER FARMS INC,1,1,,
,3066,(blank),1,1,,
,3071,CRAIG WEIGEL,1,,,1
,3084,EDMONDSON AG LLC,1,1,,
,3177,COLEMAN FARMS,1,1,,
,3225,FLOWER GRP USA LLC DBA ONE FLORAL,1,1,,
,3282,JOHN J HATZENBUHLER,1,1,,
,3304,DOIN BOWERS III FARMS,1,1,,
,3327,TOM VESTERSO,1,,,1
,3346,GOOD LUCK FARM,1,1,,
,,WILLOWBEND NURSERIES LLC DBA WILLO,2,2,,
,3360,SOUTHERN PRODUCE DISTRIBUTORS INC,1,1,,
,3398,RITA NYGARD,1,1,,
,3418,DUSTIN ERICKSON,1,1,,
,3468,SANDY KNOLL FARMS INC,2,2,,
,3471,ALTON LANDRY INC,1,1,,
,3524,HEARN FARMS INC,1,1,,
,3532,WALTER P RAWL & SONS INC,2,3,,2
,3538,(blank),1,1,,
,3543,RICK NEUMILLER,1,1,,
,3597,ADAMS PLANTING CO LLC,1,1,,
,,TOM S FARM MARKET & GREENHOUSES IN,1,1,,
,3603,MILLER GRAIN CLEANING CO,1,1,,
,3627,OLD CHURCH SOD LLC,1,1,,
,3634,CHAPMAN SOD LLC,1,1,,
,3643,LHF PARTNERSHIP,2,2,,
,3644,GUY A SOLEMSAAS,1,1,,
,3646,RUSTY KEMP,1,1,,
,3670,JONATHAN MOSELEY,1,1,,
,3677,HAALAND GRAIN FARMS,1,1,,
,3682,NEVETS HOFF FARMS,1,1,,
,3693,HIGHLANDBROOK NURSERY LLC,1,1,,
,3717,TIMOTHY GANNON FARMS,1,1,,
,3733,(blank),1,1,,
,3734,CALHOON RANCH,1,1,,
,3750,CARTER TOBACCO FARM,1,1,,
,3761,DRANGSHOLT FARMS INC,1,1,,
,3764,DORE FARMS LLC,2,2,,
,3765,ZUBKE FARMS LLC,1,1,,
,3781,ROCK HILL FARMS,2,2,,
,3799,VOSS C & C FARMS,1,1,,
,3804,BRYANT NURSERY,1,1,,
,3805,JEREMY NITSCHKE FARM,1,1,,
,3822,GALEN GEISLER FARMS,1,1,,
,3840,AALUND FARM SHERWOOD,1,1,,
,3885,DAN PFEIFLE,1,1,,
,3887,KIRKEIDE NORTHLAND BEAN AND SEED,1,1,,
,3898,TEHANDON CONTRACTORS,1,1,,
,3924,DAVIS TOBACCO FARMS LLC,1,1,,
,3940,LINDSKOV THIEL CHAROLAIS RANCH,2,2,,
,3942,VALENTINO LOPEZ,1,,,1
,3944,HOBBS & PETERSON FARMS INC,1,1,,
,3982,GERLACH FARMING,1,1,,
,4012,BANGEN FARMS,1,1,,
,4038,THE WILBANKS APIARIES INC,2,2,,
,4052,(blank),1,,,1
,4100,JAEGER FARMS,1,1,,
,4158,RAVEN AGRICULTURE LLC,1,1,,
,4169,MSCP INC,1,1,,
,4223,P & M CRAWFISH LLC,1,1,,
,4238,KOSKAN S,1,1,,
,4252,ONSTAD LAND CO,1,1,,
,4320,GOEBBERTS FARM INC,1,1,,
,4343,BLUE VIEW INC,1,1,,
,4351,NCGA,,,,1
,,NCGA & JOINT EMPLORS VG11,1,,,1
,,NCGA & JOINT EMPLOYERS,2,2,,
,,NCGA & JOINT EMPLOYERS - EQTB,1,1,,
,,NCGA & JOINT EMPLOYERS - VG8,1,1,,
,,NCGA & JOINT EMPLOYERS A 13 5 WK,,,1,
,,NCGA & JOINT EMPLOYERS A 19 5 WK,,,,1
,,NCGA & JOINT EMPLOYERS A1,1,1,,
,,NCGA & JOINT EMPLOYERS A1 5 WK,,1,,
,,NCGA & JOINT EMPLOYERS A10,1,1,,
,,NCGA & JOINT EMPLOYERS A10 5 WK,,1,,
,,NCGA & JOINT EMPLOYERS A11 5 WK,,1,,
,,NCGA & JOINT EMPLOYERS A13 2 WK,,,1,
,,NCGA & JOINT EMPLOYERS A14 5WK,,1,,
,,NCGA & JOINT EMPLOYERS A15 5 WK,,,1,
,,NCGA & JOINT EMPLOYERS A16 2 WK,,1,,
,,NCGA & JOINT EMPLOYERS A16 5 WK,,,,1
,,NCGA & JOINT EMPLOYERS A17 5 WK,,1,,
,,NCGA & JOINT EMPLOYERS A2,1,1,,
,,NCGA & JOINT EMPLOYERS A2 5 WK,,1,,
,,NCGA & JOINT EMPLOYERS A20 5 WK,,1,,
,,NCGA & JOINT EMPLOYERS A22 5 WK,,,,1
,,NCGA & JOINT EMPLOYERS A2L,1,1,,
,,NCGA & JOINT EMPLOYERS A3,1,1,,
,,NCGA & JOINT EMPLOYERS A3 5 WK,,,1,
,,NCGA & JOINT EMPLOYERS A3L,1,1,,
,,NCGA & JOINT EMPLOYERS A4,1,1,,
,,NCGA & JOINT EMPLOYERS A4L,1,1,,
,,NCGA & JOINT EMPLOYERS A5,1,1,,
,,NCGA & JOINT EMPLOYERS A5 5 WK,,1,,
,,NCGA & JOINT EMPLOYERS A5L,1,1,,
,,NCGA & JOINT EMPLOYERS A6,1,1,,
,,NCGA & JOINT EMPLOYERS A6 5 WK,,1,,
,,NCGA & JOINT EMPLOYERS A6L,1,1,,
,,NCGA & JOINT EMPLOYERS A7,1,1,,
,,NCGA & JOINT EMPLOYERS A7L,1,1,,
,,NCGA & JOINT EMPLOYERS A8,1,1,,
,,NCGA & JOINT EMPLOYERS A8L,1,1,,
,,NCGA & JOINT EMPLOYERS A9,1,1,,
,,NCGA & JOINT EMPLOYERS A9L,1,1,,
,,NCGA & JOINT EMPLOYERS AIL,1,1,,
,,NCGA & JOINT EMPLOYERS EQT1,1,1,,
,,NCGA & JOINT EMPLOYERS EQT11,1,,,1
,,NCGA & JOINT EMPLOYERS EQT4,1,1,,
,,NCGA & JOINT EMPLOYERS EQT6,1,1,,
,,NCGA & JOINT EMPLOYERS EQT7,1,1,,
,,NCGA & JOINT EMPLOYERS EQT9,1,1,,
,,NCGA & JOINT EMPLOYERS FLDREP,1,1,,
,,NCGA & JOINT EMPLOYERS N3,1,1,,
,,NCGA & JOINT EMPLOYERS N4,1,1,,
,,NCGA & JOINT EMPLOYERS N4L,1,1,,
,,NCGA & JOINT EMPLOYERS N5,1,1,,
,,NCGA & JOINT EMPLOYERS N6,1,1,,
,,NCGA & JOINT EMPLOYERS VG1,1,1,,
,,NCGA & JOINT EMPLOYERS VG10,1,1,,
,,NCGA & JOINT EMPLOYERS VG10L,2,2,,
,,NCGA & JOINT EMPLOYERS VG11L,1,,,1
,,NCGA & JOINT EMPLOYERS VG11LL,1,,,1
,,NCGA & JOINT EMPLOYERS VG12,1,,,1
,,NCGA & JOINT EMPLOYERS VG2L,1,1,,
,,NCGA & JOINT EMPLOYERS VG3,1,1,,
,,NCGA & JOINT EMPLOYERS VG4,1,1,,
,,NCGA & JOINT EMPLOYERS VG4L,1,1,,
,,NCGA & JOINT EMPLOYERS VG5,1,1,,
,,NCGA & JOINT EMPLOYERS VG52 5 WK,,1,,
,,NCGA & JOINT EMPLOYERS VG5L,1,1,,
,,NCGA & JOINT EMPLOYERS VG6,1,1,,
,,NCGA & JOINT EMPLOYERS VG6L,1,1,,
,,NCGA & JOINT EMPLOYERS VG7,1,1,,
,,NCGA & JOINT EMPLOYERS VG7L,1,1,,
,,NCGA & JOINT EMPLOYERS VG8L,1,1,,
,,NCGA & JOINT EMPLOYERS VG9,1,1,,
,,NCGA & JOINT EMPLOYERS VG9L,1,1,,
,,NCGA & JOINT EMPLOYERS VGIL,1,1,,
,,NCGA & JOINT EMPLOYERS XT 3 2W,,,,1
,,NCGA & JOINT EMPLOYERS XT10,1,1,,
,,NCGA & JOINT EMPLOYERS XT2,1,1,,
,,NCGA & JOINT EMPLOYERS XT3,1,1,,
,,NCGA & JOINT EMPLOYERS XT4,1,1,,
,,NCGA & JOINT EMPLOYERS XT5,1,1,,
,,NCGA & JOINT EMPLOYERS XT6,1,1,,
,,NCGA & JOINT EMPLOYERS XT7,1,1,,
,,NCGA & JOINT EMPLOYERS XT8,1,1,,
,,NCGA & JOINT EMPLOYERS XTHN 2 TRF,,,,1
,,NCGA & JOINT EMPLOYERS XTHN TRF,,1,,
,,NCGA D638,,,,1
,4353,WALTER P RAWL & SONS INC,,,,1
,4371,BENWOOD FARMS,2,3,,
,4421,TIDEWATER AG LLC,2,2,,
,4468,ISLINGTON PLANTATION,1,1,,
,4473,ANDERSON BROS FARMS LLC,1,1,,
,,DAVID HAMAN,1,1,,
,,FANN FARMS INC,2,3,,
,4490,STONER AND SONS,1,1,,
,4494,DAMER FARMS LLC,1,,,1
,4604,BROKE FARMS LLC,1,1,,
,4619,LINDSEY SWEET POTATO FARM INC,1,1,,
,4625,MARK BIRDSALL FARM,1,1,,
,4657,LANCE HOLLINGER,1,1,,
,4714,(blank),1,1,,
,4728,MATTHEW B THOMAS,1,1,,
,4791,PURE BEAUTY FARMS INC,2,2,,
,4809,FREDDY M BOST JR DBA BOST FARM,1,1,,
,4811,CARLSON FARMS,1,,,1
,4820,MARK TIMMERMAN,1,1,,
,4833,D & T EASON FARMS INC,1,1,,
,4834,FLICK FARMS,1,1,,
,4841,BEZNER PARTNERSHIP,1,1,,
,4852,TRIPLE C FARMS INC,1,1,,
,4853,GLEN BUMMER,1,1,,
,4918,HOBBY & ASSO LTD DBA HOBBY NURSERY,1,1,,
,4933,MID STATE FARMS LLC,1,1,,
,4935,LYNN BILLADEAU,2,1,,1
,4980,AHLEMEIER FARMS INC,1,1,,
,4984,(blank),1,1,,
,5014,HERMANSON FARM AND RANCH,1,1,,
,5033,MICHAEL STAMER FARMS GEN PARTNERSH,1,1,,
,5043,JBAR LLC,1,1,,
,5066,JOHNSTON FAMILY FARMS LLC,1,1,,
,5070,ADAMS TRUCKING INC,,1,,
,5073,MAPLE CREEK AG,1,1,,
,5082,WADE AND MICHELLE BILLADEAU,,1,,
,5088,HANNON FARMS LLC,1,1,,
,5133,KEVIN ROORDA FARM,1,1,,
,5139,LA THERIOT FARMS LLC,,1,,
,5169,MOSELEY BROS FARM,1,1,,
,5189,CRAIG WIENBAR,1,1,,
,5191,JACKSON UNRUH FARMS,1,1,,
,5212,BLAKE GEISLER FARMS,1,1,,
,5254,SEWARD FARMS,1,1,,
,5288,DARREN PAULSON FARMS,1,1,,
,5310,JOE BEAR,1,1,,
,5322,FLATLAND FARMS PARTNERSHIP,1,1,,
,5330,TRIPLE T FARMS INC,1,1,,
,5345,CENTRAL TURF FARMS,2,1,,1
,5367,RICHARDS AND JUDISCH FARMS,1,1,,
,5393,ARKANSAS WELL SUPPLY INC,3,3,,
,5406,JOHN B HOLT DBA HOLT FARMS,1,,,1
,5425,CRAFTY ACRES,2,2,,
,5444,MILLER BUFFALO RANCH,1,1,,
,5452,JEFF WALTMAN,1,1,,
,5471,KEITH MIKEL FARMS,1,1,,
,5494,LUNDBY FARMS,1,1,,
,5601,"BJORNSTAD HARVESTING, LLC",1,1,,
,5603,STACEY ROBERTS FARMS INC,2,2,,
,5612,DARRYL MILLER NURSERY,1,1,,
,5627,LARCHMONT FARMS INC,2,2,,
,5642,EVAN AND BRETT PETERSON FARMS,1,1,,
,5660,JEFFREY G STRAND,1,1,,
,5674,D31LLC,1,1,,
,5683,BOBBY DARNELL SR DBA DARNELL FARMS,1,1,,
,5718,HILL TOP FARMS INC,1,1,,
,5754,HIGH PLAINS AGRICULTURE CO,1,1,,
,5780,GAIA HERBS INC,1,2,,
,5820,CONOHO FARMS INC,2,2,,
,5825,WADE HARPESTAD,1,1,,
,5859,WAGONER S NURSERY LLC,1,1,,
,5861,JOHN H SMITH DBA SMITH FARMS,1,1,,
,5891,GUMBO FARMS,3,3,,
,5903,DBA GALLMEYER FARMS,1,1,,
,5907,Y & R HARVESTING INC,1,1,,
,5911,FISHER ORCHARDS,1,1,,
,5919,FREY BROTHERS,3,2,,1
,5935,TRUESDELL FAMILY FARMS PARTNERSHIP,1,1,,
,5939,RAUSCH GRAIN AND LIVESTOCK INC,1,1,,
,5955,KLM FARMS,1,1,,
,5960,DAVID LAUGHLIN FARMS,1,1,,
,5997,FLAMM ORCHARDS INC,1,1,,
,6021,CRAIG BIRDSALL FARM,1,,,1
,6089,FOWLERS PEACHES & VEGETABLES,1,1,,
,6101,FARMS OF BUSHY FORK INC,1,1,,
,6111,SMOKEY ALLEY FARMS PARTNERSHIP,1,1,,
,6112,L E ROUSE FARMS LLC,1,1,,
,6202,JES FARMS PARTNERSHIP,1,1,,
,6212,M D HARER FARMS,1,1,,
,6215,JE COOLEY FARMS INC DBA JE COOLEY,1,1,,
,6223,STACY ARTZ,1,1,,
,6228,PRODUCE OF CARROLL COUNTY,1,1,,
,6231,TIM OSTENRUDE,1,1,,
,6238,PAUL GRANN,1,1,,
,6256,STEDMAN FARMS,1,1,,
,6259,LIZZACLAIRE FARMS,1,1,,
,6260,KJELSTRUP FARMS,1,1,,
,6262,LANE A BLANCHARD FARMS LLC,3,3,,
,6290,BEBB FARMS,1,1,,
,6322,TOBACCO PRIDE LLC,1,1,,
,6343,KEVIN J LEE,1,1,,
,6344,PALMORE FARMS,1,1,,
,6346,SHOTKOSKI HAY CO,1,1,,
,6356,BOLLWEG FARMS,1,1,,
,6357,JONES SWEET POTATO EQUIPMENT INC,1,1,,
,6367,CBP FARMS,1,1,,
,6370,MORLOCK FARMS,1,1,,
,6382,DEEUGENIO FARMS LLC,1,1,,
,6390,LAMONT FRUIT FARM INC,1,1,,
,6420,TRIPLE M FARMS LLC,1,1,,
,6507,HIGH ROAD FARMS,1,1,,
,6532,JERRY R STUARD DBA SOUTHERN LIGHT,2,2,,
,6604,DONNA LAUFER,1,1,,
,6610,"HARVEST READY, INC",1,1,,
,6622,(blank),1,1,,
,6645,KALIR ENTERPRISES INC,1,1,,
,6654,VAN DER LAAN DAIRY,1,1,,
,6660,NATHAN BRENNA FARMS,1,1,,
,6676,HARSTAD TRUCKING,1,1,,
,6677,STREAM WETLAND SVCS LLC,1,1,,
,6681,(blank),1,1,,
,6687,CATNIP RIDGE MANURE APPLICATION IN,1,1,,
,6691,JOHN IHRY,1,,,1
,6714,COTTLE FARMS INC,1,1,,
,6810,SKR FARMS,1,1,,
,6843,REH FARMS INC,1,1,,
,6860,DENNIS EDWARDS,1,1,,
,6876,SCHARF FARM INC,1,1,,
,6883,ALLHAY FARM LLC,1,1,,
,6895,DAHL FAMILY FARM PARTNERSHIP,2,2,,
,6910,MILLS FARMS PARTNERSHIP,1,1,,
,6912,TOM AND CORRIE ENANDER,1,1,,
,6939,CHOWNING & SLOAN FARMS LLC,1,1,,
,6947,WINTERS FARMS LLC,1,1,,
,6956,RACOTA VALLEY RANCH PARTNERSHIP,1,1,,
,6983,CROSSFAITH LC,1,1,,
,6992,GLG FARMS LLC,1,1,,
,7069,BRANDON PETERSON FARM,1,1,,
,7094,DENTON OVERTON,1,1,,
,7132,SANDHILL TURF INC,1,1,,
,7143,KORNEGAY FAMILY FARMS LLC,1,1,,
,7160,PATRICK MURPHY,2,2,,
,7196,K&C FARMS OF NORTH CAROLINA LLC,1,1,,
,7213,ISLAND PARK LLC,1,1,,
,7214,DWIGHT SCHILLING,1,,,1
,7229,SPENCER WILSON,1,1,,
,7237,ARCHER BROS PARTNERSHIP,1,1,,
,,ARCHER BROS. PARTNERSHIP,1,1,,
,7238,JON HOFER DBA HOFER SEED,1,1,,
,,TWO P FARMS,1,1,,
,7253,HUESKE FARMS,1,1,,
,7269,LORIN JOHNSON,1,1,,
,7277,SCOTTS STRAWBERRY & TOMATO FARMS I,2,2,,
,7279,GARRETT FARMS INC,1,1,,
,7280,INMAN HOLDING CO DBA INMAN SOD,1,1,,
,7301,G & K FARMS,,1,,
,7311,HIGH FAMILY FARMS LLC,1,1,,
,,HIGHT FAMILY FARMS LLC,1,1,,
,7347,JOHN CHEFAS DBA HART T TREE FARMS,1,1,,
,7435,LEWIS NURSERY & FARMS INC,1,1,,
,7446,MARK RUSTAD FARM,1,1,,
,7457,CHERRY VALLEY RANCH LP DBA THE MAR,2,2,,
,7521,DOUG KIZZIRE,1,1,,
,7559,TRIPLE T MACHINERY INC,1,1,,
,7561,LOWER ARKANSAS LABOR MGMT LLC,1,1,,
,7566,DWANE WANZEK,1,2,,
,7622,SWANSON FARMS,1,1,,
,7648,(blank),1,1,,
,7653,OAK HILL TREE FARM LLC,1,1,,
,7667,SWEET BERRY FARMS LLC,1,1,,
,7669,GARNER S PRODUCE LLC,1,1,,
,7684,DAVID PRESLER,1,2,,
,7695,LITTLE WICOMICO OYSTER LLC,1,1,,
,7751,JAKE SCHAUER,1,1,,
,7809,ROCKING HR RANCHES LLC,1,1,,
,7862,LAZY 5 RANCH INC,1,1,,
,7866,DEAN TANNER FARMS,1,1,,
,,SOUTH RIVER BERRY FARMS INC,1,1,,
,7884,ALEX CRAFT,1,1,,
,7905,MCPHERSON FARMS,1,1,,
,7907,QUIETT FARM,2,2,,
,7935,ANDREW GATES,1,1,,
,7987,R HART HUDSON FARMS INC,2,2,1,
,8052,SHEPPARD FARMS INC,1,1,,
,8077,TODD ZAHNOW FARMS INC,1,1,,
,8101,SBHLP INC,1,1,,
,8103,HOBBS FARMING INC,1,1,,
,,MITCHELL MCEVERS,1,1,,
,8105,BERRIES BY BILL INC,1,1,,
,8132,TRIPLE W FARMS,2,2,,
,8133,BOBBY HENARD INC,1,1,,
,8159,GARCIA CITRUS HARVESTING,1,1,,
,8164,RWL FARMS INC,1,1,,
,8179,MORTENSON FARMS,1,1,,
,8182,"TRI STATE TURF, INC.",1,1,,
,8246,MID DELTA EQUIPMENT,1,1,,
,8256,THE CABBAGE FARM,1,1,,
,8270,SUGARLAND ACRES LLC,2,2,,
,8276,BRYAN WAGONER TREE FARM LLC,1,1,,
,8289,MATEHS FARMS,1,1,,
,8298,ANDERSON WHEAT FARMS INC,1,1,,
,8321,"J & L MAHER, INC",1,1,,
,8324,RAYMOND SCHEPP,1,1,,
,8410,BAR NX RANCH,1,1,,
,8424,MIDTENN FARMS LLC,1,1,,
,8433,TIDEWELL S BERRY FARM,1,1,,
,8450,KOOPMAN DAIRIES INC,1,1,,
,8468,JENNIFER & SAMUEL MEDFORD FARMS,1,1,,
,8518,WADE FISCHER,1,1,,
,8521,THORNBURG FARMS,1,1,,
,8522,KIRK ROBINSON,1,1,,
,8526,I & J BLUEBERRY FARM,1,,,1
,8528,SHADY RIDGE CORP,2,2,,
,8530,JOHN L BOURNE & SON,1,1,,
,8546,KEN RUSTAD FARMS,1,1,,
,8559,CARL AND KARA HOELSCHER FARM,1,1,,
,8574,MOSER FARMS,1,2,,
,8582,L AND L JONES PARTNERSHIP,1,1,,
,8592,BRADY CHAUTIN FARMS,1,1,,
,,STROHAUER FARMS INC,1,1,,
,8633,GARRET SWINDLER FARMS,1,1,,
,8660,BRYNJULSON FARMS,1,1,,
,8671,BLAKE INMAN FARM,1,1,,
,8684,GENERAL GRAIN CLEANING CO,1,1,,
,8719,JERRY CARNEY DBA HOOK C FARM,1,1,,
,8729,D & S BUCKMIER FARM,2,2,,
,8736,MOUNTAIN VIEW FARMS OF VIRGINIA L,1,2,,
,,MOUNTAIN VIEW FARMS OF VIRGINIA LC,1,1,,
,,TOMMY JORDAN DBA JORDAN FARMS,1,,,1
,8740,JAY ANDERSON,1,1,,
,8752,SWJJ INC DBA SERNAK FARMS,1,1,,
,8758,LINDSKOV RANCH,2,2,,
,8765,BOX L FARMS,1,1,,
,8791,DIAMOND S FARMS,1,1,,
,8797,R & M POEPPEL INC,1,1,,
,8845,T & P HARVESTING LLC,1,1,,
,8874,BLUE RIDGE FISH HATCHERY,1,1,,
,8909,ALFRED G SLATE DBA SLATE FARMS,1,1,,
,8916,HOMESTEAD CATTLE CO LLC,1,1,,
,8940,RYAN WITTNEBEL FARMS,1,1,,
,8980,MCCABE AGRIBUSINESS INC,1,1,,
,9027,N&L FARMING LLC,1,1,,
,9038,SHARIDEN FARMS PARTNERSHIP,1,1,,
,9040,SEVEN SPRINGS FARMS,1,1,,
,9075,DEANS NURSERY,1,1,,
,9090,BUCK CREEK HOPS LLC,1,1,,
,9103,S & P MCKINVEN FARMS INC,1,1,,
,9110,MOLITOR BROS FARM,1,1,,
,9111,BOYD & JERRY JONES DBA JONES FARM,1,1,,
,9133,AUTUMN RIDGE LANDSCAPING,3,3,,
,9165,LANDIS MCDONALD,1,1,,
,9179,BRUCE PAULSON,1,1,,
,9198,TEHANDON NURSERY,1,1,,
,9218,H & D FARMS INC,2,2,,
,9224,L & K TREE & SHRUB INC,1,1,,
,9234,STOREY FARMS,1,1,,
,9252,CURL FARMS,1,1,,
,,MARSHALL CRAFT FARMS LLC MARSHALL,1,,,1
,9263,BRODAL FARMS LTD,1,1,,
,9278,DE SU HOLSTEINS LLC,1,1,,
,9328,BARLOW FARMS,1,1,,
,9378,A & T FARMS,1,1,,
,9483,FAR AWAY FARMS LLC,1,1,,
,9506,DANNY VOYLES FARMS,1,1,,
,9512,JOHNSON NURSERY CORP,2,2,,
,,TC FARMS,1,1,,
,9528,ROBERT K ARTZ,1,1,,
,9549,CROMWELL S PRODUCE LLC,1,1,,
,9567,CLW FAMILY LLP,2,2,,
,9569,ADAMS FARMS,1,1,,
,9604,V VALENCIA HARVESTING INC,5,6,,1
,9605,FAULKNER FARMS LLC,1,1,,
,9647,BRADLEY K MOBERG AND ERIC MOBERG,1,1,,
,9691,PAUL ANDERSON,1,1,,
,9692,JOSEPH HEBERLE FARMS,1,1,,
,,T BAR C FARMS LLC,2,2,,
,9739,(blank),1,1,,
,9742,WATERFOWL FARMS INC,1,1,,
,9745,JAMES AND VIRGINIA KNAPP,1,1,,
,9760,(blank),1,1,,
,9799,MONTCALM COUNTY GROWERS ASSN LLC,1,1,,
,9800,NORTHERN PLAINS FEEDERS LLP,1,1,,
,9811,RSB FARMING,1,1,,
,9815,GREG HUTCHISON,1,,,1
,,MCCULLAR PEACH ORCHARDS,1,1,,
,9839,MATTHEWS RIDGEVIEW FARMS,3,3,,
,9853,(blank),1,1,,
,9856,BSS FARMS,1,1,,
,9865,LAZY ARROW FARMS,1,1,,
,9870,LEHIGH VALLEY HOME & GARDEN CENTER,1,1,,
,9879,HEAD BROTHERS FARM LLC,1,1,,
,9901,PHIL PIRANI FARMS INC,1,1,,
,9906,ZINGLER FARMS INC,1,1,,
,9911,RIVAHVIEW FARMS,1,,,1
,9923,WELSTAD FARMS,2,1,,1
,9929,JAN ENTERPRISES LLC,1,1,,
,9941,HOCUTT BROTHERS INC,1,1,,
,,"HOCUTT BROTHERS, INC.",1,1,,
,9942,DAVID BLASEY FARMS,1,1,,
,9955,LINCOLN COUNTY FEEDYARD,2,2,,
,9981,KSG FARMS,1,1,,
,9994,WF PARTNERSHIP,2,2,,
North Carolina Total,,,648,646,6,43
North Dakota,,LEIF JELLESED FARM,1,1,,
,,VOLK HONEY LLC,1,1,,
,146,FOUR STAR AG,,1,,
,288,LARRY DOLL FARM,1,1,,
,328,ROBERT MARTIN FARMS,1,1,,
,329,SQUARE BUTTE FARM,1,1,,
,351,RYAN WEINLAEDER FARM,1,,,1
,437,GEORGE BROWN FARMS,1,1,,
,440,OWAN FARMS,1,1,,
,448,JOHN WEINAND FARM,1,1,,
,499,GALEN SCHERESKY FARMS,1,1,,
,554,LIONEL DOLL FARM,1,1,,
,570,GRAND RIVER HONEY CO INC,1,1,,
,755,WES DOEPKE,1,1,,
,944,KEVIN BRYL,1,1,,
,991,KELLY HERBERHOLZ,,1,,
,992,GREG VANBEEK,1,1,,
,1032,MERTZ FARMS JV,1,1,,
,1093,STEVE ERFLE FARMS,1,1,,
,1094,MIKE ERFLE FARM,1,1,,
,1126,MOUNTAIN AVE BEES INC DBA GARRISON,1,1,,
,1155,MIKAL SCHOLLMEYER FARMS,1,1,,
,1291,MILO WISNESS FARM,1,1,,
,1301,KELLY & PATRICK HALL,1,1,,
,1304,WEINLAEDER SEED CO,,1,,
,1314,ZENKER FARMS INC,1,1,,
,1390,LEVI BOEHM FARMS,1,,,1
,1586,DAKOTA WEST FARMS,1,1,,
,1700,RANDY S BARNYARD SERVICE,1,1,,
,1743,MONTE BERTSCH DBA JR S HARVESTING,1,,,1
,1852,BRIAN VCULEK FARM,1,1,,
,1870,HOLLMAN APIARIES,,,,1
,1882,SEA VIEW FARM LLP,1,1,,
,1910,FETCH HONEY AND BEES,1,1,,
,1919,NELSON FARMS,1,1,,
,1967,JAMES ARNOLD FARMS,1,1,,
,2033,WILLOW CREEK RANCH,2,2,,
,2052,LAND FARMING INC,1,1,,
,2054,SANDLAND RANCH,1,1,,
,2067,MATT PETERSON,1,1,,
,2076,HOGERVILLE DAIRY,1,1,,
,2206,TRACY HOHERZ FARM,1,1,,
,2253,BAKERS BRIDGE HONEY,1,1,,
,2326,DUSTY WILLOW DAIRY,1,1,,
,2352,HARLAN KELIN,1,1,,
,2403,GLENN HEUCHERT FARMS,1,,,1
,2410,ERIC & LYNN SCHMIESS,1,1,,
,2515,RICHARD WOODROW,1,1,,
,2683,BERNHOFT FARMS,1,1,,
,2685,(blank),1,,,1
,2698,JORDE CERTIFIED SEED CO,1,1,,
,2705,WHITMAN RANCH,1,1,,
,2806,TRIPLE H LLC,1,1,,
,2914,BOTNO BEE CO LLC,1,,,1
,,BOTNO BEE COMPANY LLC,1,1,,
,2941,HANSON FARMS,,1,,
,2980,SAUERESSING FARMS,1,1,,
,3016,WILLIAM ONGSTAD,1,1,,
,3045,HOVERSON BROTHERS,1,1,,
,3200,LKT CATTLE CO,1,1,,
,3323,KOKES AG SVCS,1,1,,
,3348,KENNETH MOGEN FARMS,1,1,,
,3555,ERLANDSON FARM PARTNERSHIP,1,1,,
,3639,AMUNDSON LAND & CATTLE,1,1,,
,3688,HELENA CHEMICAL CO,2,2,,
,3721,THOMPSON APIARIES,1,1,,
,3937,HART FARMS,1,1,,
,3995,LANCE DOLL FARM,1,1,,
,4010,GULLICKSON ANGUS INC,1,1,,
,4043,SICKLER FARM,1,1,,
,4106,DEAN GERVING FARMS,1,1,,
,4147,LAGODINSKI FARMS,1,1,,
,4206,DAWSON FARMS,2,1,,1
,4329,THOMAS VETTER,1,1,,
,4429,BUFFALO FARM SUPPLY,1,1,,
,4451,KIM HART,1,1,,
,4518,GREG QUARNE,1,1,,
,4576,DAKOTA HONEY LLP,1,1,,
,4598,PRESLER FARM SVC INC,1,1,,
,4693,BAR V RANCH LTD,,1,,
,4980,PRICE CATTLE RANCH LLP,1,1,,
,4995,PEERBOOM FARMS,1,1,,
,5027,PETER SHOCKMAN,1,1,,
,5200,CHARLES APIARIES,1,1,,
,5270,NEY WAY FARMS,1,1,,
,5295,R G S BEES,1,1,,
,5325,HENKE FARM,,,,1
,,RANDY HENKE DBA HENKE FARMS,1,1,,
,5366,HAMILTON BEES,1,1,,
,5403,DALE ZAHRADKA FARMS,1,1,,
,5433,MELIN FARMS,1,1,,
,5596,CELLEY FARMS,1,1,,
,5704,WECKERLY FARMS,1,1,,
,5864,BOB ANDERSON,1,1,,
,5868,JAMES LONGTIN FARM,1,1,,
,5895,DIANE SCHURR DBA KH INC FARMS,1,1,,
,6246,DONALD HEUCHERT FARM,1,1,,
,6280,JEFFREY HOCHHALTER,1,1,,
,6281,TOM MURPHY FARMS,1,1,,
,6373,GLENN GERVING,,1,,
,6525,(blank),1,1,,
,6562,ANDERSEN FARM,1,1,,
,6590,KTM FARM,1,1,,
,6707,VOLK HONEY LLC,1,1,,
,6771,RICHARD OLSON FARM,1,1,,
,6811,MACKRILL HONEY FARMS & SALES INC,1,1,,
,6843,BRIAN SCHMIESS,1,1,,
,7023,THOMAS SHEPHARD FARM,1,1,,
,7033,SZUDERA FARMS INC,1,1,,
,7129,DONALD K ZIMBLEMAN,1,1,,
,7163,KUSMENKO KUSTOM FARMING LLC,1,1,,
,,LARRY SIGNALNESS FARMS,1,1,,
,7215,HOVERSON FARMS,1,1,,
,7357,STRAMER FARMS,1,1,,
,7370,FEREBEE CROPS AND CATTLE LLC,2,2,,
,7398,MW MAXWELL HONEY LLC,1,1,,
,7410,GUNTER HONEY INC,1,1,,
,7447,TIM DOLL FARMS,1,1,,
,7500,MILTON ERICKSON FARMS,1,,,1
,7635,RYAN KADRMAS FARMS,1,1,,
,7811,DAVID GLINZ FARMS,1,1,,
,7865,BINA FARMS,1,1,,
,7932,JOE DUFNER FARMS,1,1,,
,8123,PERRY RODENBURG FARMS,1,1,,
,8439,KALIL FARMS INC,1,1,,
,8487,DAVID GUTHMILLER FARMS,1,1,,
,8495,(blank),1,1,,
,8554,GPH ENTERPRISES INC,1,1,,
,8598,R FARM INC,2,2,,
,8730,TERRY BERNHARDT FARMS,1,1,,
,8940,FRUEH FARMS,1,1,,
,8956,LANGTON HARVESTING,1,1,,
,9197,(blank),1,1,,
,9293,KRAFT HARVESTING,1,1,,
,9311,CHARLIE SORENSON,1,1,,
,9392,UNITED AGRONOMY LLC,2,2,,
,9400,DANIEL MILLER FARM PARTNERSHIP,1,1,,
,9439,SHANE OLSON,1,1,,
,9531,MIKE BRANDENBURG,1,1,,
,9888,LEWIS AND CLARK FEEDERS INC,1,1,,
,9908,NOYES APIARIES INC,1,,,1
,9910,LINDSETH BROTHERS,1,1,,
,9913,BRYAN GLASS FARMS,1,,,1
,9961,PAUL Q ANDERSON,1,,,1
,9967,TROFTGRUBEN FARMS,1,1,,
North Dakota Total,,,143,138,,13
Ohio,121,KILE FARMS,1,1,,
,605,STACHOWSKI ALPACAS LLC,1,1,,
,690,WHITEBARN ORGANICS LLC,1,1,,
,917,SCHULTE S PRODUCE LLC,1,,,1
,1601,RAINBOW FARMS NPO LLC,1,1,,
,2123,LANDSCAPE CREATIONS NURSERY LLC,1,1,,
,2234,WITTEN'S PRODUCE PATCH INC,1,1,,
,4605,RED ROCK NURSERY INC,1,1,,
,4989,KLOSTERMAN FARMS LLC,1,1,,
,5966,NORTH BRANCH NURSERY INC,1,1,,
,6568,HOMAN INC,1,1,,
,6801,LEUTY NURSERY LLC,1,1,,
,7454,HOLLAND PYKE LLC,1,1,,
,7576,T & D DAYTON NURSERIES INC,1,1,,
,7791,ANGIULI FARM,1,1,,
,7985,MADISON SHORE GROWERS LLC,1,1,,
,8242,STROPKEY NURSERIES INC,1,1,,
,8873,STRAUSBURG NURSERY,1,1,,
,8898,WILLOWAY NURSERIES INC,3,3,,
Ohio Total,,,21,20,,1
Oklahoma,434,K&K APPLICATION LLC,1,1,,
,452,3B FARMS PTN,1,1,,
,516,HUGHES HARVESTING LLC,1,1,,
,560,AR CONSTRUCTION LLC,1,1,,
,579,BLACKBERRY RANCH INC,1,1,,
,601,EICHELBERGER FARMS LLC,1,1,,
,746,PETE S GREEN S INC,1,1,,
,797,MAGILL HARVESTING,1,,,1
,822,FARMERS UNION COOP GIN HUMPHREYES,1,1,,
,,FARMERS UNION COOP GIN HUMPHREYS,1,1,,
,878,SFR SERVICES LLC,1,1,,
,887,FEGLEY FARM LLC,1,1,,
,892,STABEL TRUCKING,3,1,,2
,914,(blank),1,1,,
,960,MCLOUD FARM,1,1,,
,1260,OLSON FARMS,1,1,,
,1459,(blank),1,,,1
,1509,ROCKIN R HARVESTING LLC,1,1,,
,1599,ERIC & STEPH MAASKE GP,1,1,,
,1688,GARCIA S REGISTERED JERSEYS,1,1,,
,1717,K&C ACRES,1,1,,
,1751,F&F AG CONSTRUCTION LLC,2,1,,1
,1769,D&L FARMS,,1,,
,2033,PEPIN HEIGHTS ORCHARDS,1,1,,
,2176,BUHLER FAMILY LLP,1,1,,
,2225,WORRELL FARMS PARTNERSHIP,1,1,,
,2264,LEON MALSON FARM,1,1,,
,2387,GINTHER FARMS,1,1,,
,2610,(blank),1,1,,
,2615,HERNKE S INC,2,2,,
,2647,UNTIEDT S VEGETABLE FARM,1,1,,
,2673,KINZLER ROCKING K FARM,1,1,,
,2730,TRIPLE S FARMS,1,1,,
,2756,STEVE JANSA FARMS,1,1,,
,2762,BEKKER FARMS,1,1,,
,2822,(blank),1,1,,
,2851,LAKE CREEK FARMS,,1,,
,2996,MAH HOLDINGS LLP,1,1,,
,3011,RIVERSIDE FARMS,1,1,,
,3082,FRISCHE FARMS,1,1,,
,3406,CARNEY FARMS,1,1,,
,3499,(blank),1,1,,
,3514,ZACHER FAMILY FARM,1,1,,
,3585,WILTON H KUEHN III,1,1,,
,3736,STANLEY FARMS,1,1,,
,4087,BLUE CHIP FARMS,1,1,,
,4094,COTTON GROWERS COOP,1,,,1
,4117,KLC FARM,1,1,,
,4238,LANCE & SAHALA GAILLARD,1,1,,
,4249,C R TROUT,1,1,,
,4375,(blank),1,1,,
,4385,TRIANGLE H,1,1,,
,4500,W T WAGGONER ESTATE,1,1,,
,4509,HADER FARMS PARTNERSHIP,1,1,,
,4521,PINE TREE APPLE ORCHARD,1,1,,
,4677,(blank),1,1,,
,4679,(blank),1,1,,
,4876,BRAD MILLER RANCH LLC,1,1,,
,5026,RAY KINDRED,1,1,,
,5031,ONATAH FARMS,1,1,,
,5075,BT HARVESTING,1,1,,
,5206,L&B THEIS FARMS,1,1,,
,5379,A L BAUCOM CO INC,1,1,,
,5629,D&A FARMS,1,1,,
,5669,FARMERS COOPERATIVE EXCHANGE,1,1,,
,5706,CHUCK HURT SWATHING & BALING,,1,,
,5730,FARMERS COOP MILL AND ELEVATOR,1,1,,1
,5829,JONES FARM,1,1,,
,5831,CLF INC,1,1,,
,5842,(blank),1,1,,
,5843,(blank),1,1,,
,5893,FRISCHE BROS FERTLIZER INC,1,1,,
,5979,TEGGS HORSE FARM,,,,1
,6064,(blank),1,1,,
,6178,JENEHR FAMILY FARM,1,1,,
,6188,SOUTHWOOD LANDSCAPE & NURSERY CO I,,1,,
,6417,THURMAN HARVESTING INC,1,1,,
,6529,VULGAMORE LAND & CATTLE CO INC,3,3,,
,6625,OZARK FARMS,1,,,1
,6651,ANDRESEN FARMS,1,1,,
,6771,TODD GOVEN FARMS INC,1,,,1
,6778,A&T FARMS INC,1,1,,
,6818,4 CORNERS FARM,1,1,,
,6909,BRYAN AND LAVONNE KROEKER,1,1,,
,6913,SORG FARM PARTNERSHIP,1,1,,
,6929,(blank),1,1,,
,7118,DOUBLE H FARMS INC,1,1,,
,7141,WILSON HARVESTING,1,1,,
,7227,YACKLEY RANCHES,1,1,,
,7339,WOLF HARVESTING,1,1,,
,7397,WASHITA COTTON,,1,,
,7471,STONEY BROOK FARMS INC,1,1,,
,7509,JESS MARK NICHOLS FARM INC DBA NIC,1,1,,
,7594,WICKSTRUM CATTLE LLC,,1,,
,7723,AANSTAD FARM,1,1,,
,7823,MEINKE CUSTOM COMBINING,1,1,,
,7955,(blank),1,1,,
,8189,ANDERSON HARVESTING LLC,1,1,,
,8247,TRIPLE B TRUCKING,3,2,,1
,8294,STONE BLUFF CELLARS PONCA CITY LLC,1,1,,
,8390,COX FARMS,1,1,,
,8449,PLYMOUTH VALLEY CELLARS,1,1,,
,8495,THE GARDEN S EDGE,1,1,,
,8513,(blank),1,1,,
,8520,BROWN HARVESTING,1,1,,
,8541,ROBERT W WRIGHT TRUST,1,1,,
,8569,BROWN FARMS,1,1,,
,8599,MEIDINGER FARMS,1,1,,
,8723,STEVEN HEGER,1,1,,
,8985,LAMBLEY FARMS,5,4,,1
,9023,WILLIAM STANLEY FARMS,1,1,,
,9066,(blank),1,1,,
,9117,SHEPHERD HARVESTING,1,1,,
,9170,HANSON GRAIN FARMS INC,1,1,,
,9193,DAVE PRINCE TRANSPORT LTD,1,1,,
,9261,NEWGARD FARMS,1,1,,
,9384,NELSON FARMS,2,1,,1
,9412,(blank),2,1,,1
,9441,ROGER ENTZ,1,1,,
,9583,DEPOT MARKET,1,1,,
,9628,NIKOLAISEN LLP,1,1,,
,9632,MERTENS FARMS,1,1,,
,9647,JUSTIN AND AMY ABERNATHY JV,1,1,,
,9648,JKD INC,1,1,,
,9815,HAAS FARMS,1,1,,
,9887,WOOD FLYING INC,1,1,,
,9915,(blank),1,1,,
,9941,(blank),1,1,,
Oklahoma Total,,,135,129,,14
Oregon,1398,TOWNSEND FARMS INC,1,1,,
,3636,AVALON ORCHARDS INC,1,1,,
,4810,FROERER FARMS,2,2,,
,5315,CAL FARMS INC,1,1,,
,5827,HUFFORD ESTATE,1,1,,
,6297,SIRI AND SON FARMS INC,2,2,,
,7639,CSS POTATO FARMS LLC,1,1,,
,9234,ADVANCED ORNAMENTALS INC,1,1,,
Oregon Total,,,10,10,,
Pennsylvania,13,FEENEY S WHOLESALE NURSERY,1,1,,
,425,CHERRY HILL ORCHARDS INC,1,1,,
,1192,GEORGE GODWIN DBA GODWIN S NURSERY,1,1,,
,3752,REID S ORCHARD & WINERY,1,1,,
,4369,WEXFORD FARMS INC,1,1,,
,5347,ADAMS COUNTY NURSERY INC,1,1,,
,5934,LORY FRUIT FARMS INC,1,1,,
,6118,KEMMERER FARMS LLC,1,1,,
,6638,DILLER NURSERY INC,2,2,,
,6923,GEISSLER TREE FARMS INC,1,1,,
,6995,SIMMONS FARM INC,1,1,,
,7126,JANOSKI FARMS INC,1,1,,
,7329,SAI FRESH FARMS INC,1,,,1
,7418,PARADOCX VINEYARD LTD,1,1,,
,7922,HF LLC,1,1,,
,7946,EATON FARMS PRODUCTION LLC,1,1,,
,8659,KUHN ORCHARDS LLC,1,2,,
,8942,HUBER NURSERIES,1,1,,
,9520,BEECHWOOD ORCHARDS INC,1,1,,
Pennsylvania Total,,,20,20,,1
South Carolina,193,BERRY PLANTATION INC,1,1,,
,411,TITAN PEACH FARMS INC,1,1,,
,614,GREEN ACRES TURF FARM LLC,1,1,,
,1127,DEL VALLE FRESH INC,1,1,,
,1182,COTTON HILLS FARM LLC,1,1,,
,1697,ONSITE AG SVCS INC,1,1,,
,1863,RICKENBAKER GIN INC,1,1,,
,2020,COTTON HOPE ORCHARDS INC,1,1,,
,2631,CAROLINA FARMS & HARVESTING INC,1,1,,1
,,"CAROLINA FARMS & HARVESTING, INC.",1,1,,
,2807,JOLLEY S AAA FARMS,1,1,,
,3189,DWIGHT STEVENS,1,1,,
,3830,PALOMA HARVESTING INC,2,2,,1
,4107,SPRINGS FARM,1,1,,
,5052,PALLMAN ENTERPRISES INC DBA PALLMA,1,,,1
,5075,COSTA LAYMAN LLC,1,1,,
,,TOWNSEND COMPANIES LLC,1,1,,
,5109,NIMMER TURF & TREE FARM INC,,1,,
,5148,JERROLD A WATSON & SONS,2,2,,
,5708,S&R TURF & IRRIGATION EQUIPMENT LL,1,1,,
,5820,FRANK M SENN AND SONS,,,,1
,5931,CULLER HOLSTEIN GIN INC,,1,,
,6090,CHAPPELL FARMS INC,1,1,,
,6225,TRIPLE C FARMS,1,1,,
,6506,C S MCLEOD FARMS INC,2,2,,
,6903,TITAN FRUIT AND VEGETABLE CO,,1,,
,7059,CROWN ORCHARD CO LP LLP,1,1,,
,7193,GEARY C JOLLEY FARMS,1,1,,
,7735,LANDA INVESTMENTS LLC,1,1,,
,7803,BOONE HALL FARMS,,1,,
,8028,HOOD FARMS,1,1,,
,8099,COOSAW AG LLC,2,2,,
,,"COOSAW AG, LLC",1,1,,
,8316,DIXIE BELLE INC,1,1,,
,9307,PE AND J INC,1,1,,
,9767,PHIL SANDIFER & SONS FARMS,2,1,,1
South Carolina Total,,,36,38,,5
South Dakota,105,GARY HOFER FARMS,1,1,,
,228,ERICKSON S CUSTOM HARVESTING & TRU,1,1,,
,371,ELSEN HOMESTEAD FARM,1,1,,
,461,B&B HARVESTING,1,1,,
,504,JOHN WIECZOREK HARVESTING,1,1,,
,806,AJB PARNERSHIP,1,1,,
,859,ROCKY WIECZOREK HARVESTING,1,1,,
,995,HRK ACRES LLC,1,1,,
,1030,J&N HAEFNER INC,1,1,,
,1529,MUNDT FARM PTN,1,1,,
,1596,MARCHUK HONEY,1,1,,
,1985,BROKEN ANVIL INC,1,1,,
,2142,JUSTIN JESCHKE,1,1,,
,2924,BTB AG LLC,2,3,,
,3280,STAHLMAN APIARIES INC,1,1,,
,3319,KENT SCHNEIDER,1,1,,
,3398,VERMONT LLC,1,1,,
,3504,WALLMAN FARMS,1,1,,
,3555,GISI PHEASANT FARMS LLC,2,2,,
,3856,GREGER BEE FARMS INC,1,,,1
,4002,CA APIARIES LLC,1,1,,
,4212,SOUTH BRANCH FARMS LLC,1,1,,
,4261,ROBERT VANDERPOL FARMS,1,1,,
,4270,DIAMOND W LAND AND CATTLE CO,1,1,,
,4388,GRANITE PEAK SHEEP CO,,,,1
,4472,HERMANN RANCH,1,1,,
,4767,EDWARD VAN BEEK DBA VAN BEEK HARVE,1,1,,
,5146,LAKE COUNTY DAIRY,,1,,
,5395,VAN KOOTEN AG SVC,1,2,,
,5465,TEXAS DAKOTA PARTNERS RANCH,1,,,1
,5485,BART RANDALL,1,1,,
,5612,PRO X BUILDERS INC,,,,1
,5710,TRI STATE AG SVCS LLC,1,1,,
,5920,CHAD AND RHONDA WOSJE,1,1,,
,6118,MARTIN J ANDERSON,1,1,,
,6207,SWENSON PARTNERSHIP,1,1,,
,6918,ADEE HONEY FARMS,1,1,,
,7081,JADA BULGIN HARVESTING,2,2,,
,7119,ANDREW DAHL FARMS,2,2,1,
,7122,EDINGER BROTHERS PARTNERSHIP,1,1,,
,7128,MACK LAND LLP,1,1,,
,7407,ALAN M AUGHENBAUGH,1,1,,
,7499,JOHN OLINGER,1,1,,
,8148,GROHS FARMS PARTNERSHIP,1,1,,
,8239,THREE M FARMS PARTNERSHIP,1,1,,
,8497,FRESZLER FARMS INC,1,1,,
,8578,OLINGER FARMS PARTNERSHIP,1,1,,
,8888,DAN VONEYE JR,1,1,,
,9602,AJAR FAMILY FARM LLC,1,1,,
South Dakota Total,,,50,51,1,4
Tennessee,6,SDR TOBACCO FARMS LLC,,,1,
,21,DANNY L WHITENER,1,1,,
,61,SDR TOBACCO FARMS LLC,1,,,1
,499,(blank),1,1,,
,626,(blank),1,1,,
,1193,TRIPLE S TABACCO FARMS LLC,1,1,,
,1248,H J T PACKAGING L L C,1,1,,
,1481,C D ELLIS PRODUCE,1,1,,
,1701,UNDERWOOD ACRES,1,1,,
,1796,CENTER HILL NURSERY,1,1,,
,2789,WOFFORDS NURSERY & TREE FARM LLC,1,1,,
,3794,DONALDSON PRODUCE,1,1,,
,3921,FARMAC INC,1,1,,
,3930,CROSSROAD SOD FARM LLC,1,1,,
,4166,RODRIGUEZ PRODUCE,1,1,,
,4647,CREEKRIDGE II LLC,1,1,,
,4708,TRI TURF SOD FARMS INC,1,1,,
,4723,SMOKY MOUNTAIN FARM,1,1,,
,4832,BLYTHEWOOD FARMS LLC,1,1,,
,4935,JEPSON FAMILY FARM PARTNERSHIP,1,1,,
,5113,TENNESSEED EROSION CONTROL,1,,,1
,5173,FREEDOM TREE FARMS,1,1,,
,5544,RIVERSIDE FUQUA FARMS LLC,1,1,,
,5567,RMR TOBACCO FARMS LLC,1,1,,
,6023,(blank),1,1,,
,6313,BAGGETT GRAIN INC,1,1,,
,6414,GEORGE S PLANT FARM,1,1,,
,7093,TRIVETT S NURSERY,1,1,,
,7406,WOFFORDS NURSERY OF CLARKSVILLE LL,1,1,,
,7572,FOUR SEASON NURSERY & GARDEN CTR L,1,1,,
,7759,(blank),1,1,,
,8148,VAUGHN NURSERY,1,1,,
,8312,G & C FARMS LLC,1,1,,
,8356,OXBOW FARMING PARTNERSHIP I,1,1,,
,8445,(blank),1,1,,
,8502,WRIGHT BROTHERS CONSTRUCTION CO LL,1,1,,
,8505,WRIGHT BROTHERS CONSTRUCTION CO LL,,1,,
,8613,K&K TOBACCO FARM LLC,2,2,,
,8953,THUMBS UP NURSERY,1,1,,
,9409,TIMS FAMILY FARM,2,2,,
,9630,DRY SHAVE MOUNTAIN NURSERY,1,1,,
,9722,BATTLE DITCH SOD FARM,1,1,,
Tennessee Total,,,42,41,1,2
Texas,,FARMHOUSE VINEYARDS LLC,1,1,,
,,TURNER POLLARD DBA LZ HAY,1,1,,
,97,D BAR RANCH,1,1,,
,134,PANHANDLE HARVESTING SVCS LLC,1,1,,
,139,M&M ARABIAN ENTERPRISES,1,1,,
,164,CRENWELGE RANCHES,,1,,
,225,LOS GUEVARAS,1,,,1
,271,JEFFERY ROPER FARMS,1,1,,
,462,MCINTYRE FLYING LLC,1,1,,
,737,RED S RUF FARM LLC,1,1,,
,904,TRIANGLE SPRAYING INC,1,1,,
,913,ROLLIN J FARMS,1,1,,
,1042,C SCOTT INC DBA RANCHO ENCINO,1,1,,
,1062,INTEGRATED AGRIBUSINESS SOLUTIONS,2,2,,
,1092,WETUSKI FARM AND RANCH,1,,,1
,1150,CARRIKER LAKE FARMS,,,,1
,1177,JOHN NOBLE,1,1,,
,1227,GARRETT ADMINISTRATIVE SVC LTD,2,2,,
,1229,DUBOSE PROPERTIES LLC DBA VAQUERO,1,1,,
,1230,SOUTHWEST AG FARMS LLC,1,1,,
,1276,PFISTER FARMS LLC,1,1,,
,1281,H BAR H FARMS,2,2,,
,1303,WEEKS RANCHES LLC,1,1,,
,1370,J SILVA CUSTOM HAULING AND FARM,1,1,,
,1395,HANSEN FARMS,1,1,,
,1402,ATKINSON PECAN CO LLC,1,,,1
,1420,COX ANGUS RANCH,1,1,,
,1479,COTTONMOUTH FARMS INC,1,1,,
,1480,BROKEN ARROW RANCH INC,1,1,,
,1495,BASSE ORCHARD & RANCH LLC,1,1,,
,1537,(blank),1,1,,
,1713,PIERTSJE VANDERLEI DBA FIVE STAR D,1,1,,
,1798,JEROME RAABE JR,1,1,,
,1837,TEXAS BEST HONEY INC,,1,,
,1899,TWIN COUNTY AIR AG INC,1,1,,
,1992,3C CATTLE COMPANY,1,1,,
,2052,T & R FARMS,1,1,,
,2075,BRISCOE RANCH INC,1,1,,
,2111,BERGER CATTLE CO,1,1,,
,2192,MATT ADAMS FARMS,1,1,,
,2194,FRANK FARMS,1,1,,
,2197,TWO S FARMS INC,,1,,
,2229,SALEM OPERATING JV,1,1,,
,2251,CC PERFORMANCE HORSES LLC,1,1,,
,2263,JEROME F HOELSCHER INC,1,,,1
,2278,FLORATECH INC,1,1,,
,2297,LIBERTY 3H RANCH LTD,1,1,,
,2342,JOURNEAY & JOURNEAY FARMS INC,1,1,,
,2344,AUTUMN VISTA OF TEXAS,1,1,,
,2345,GENESIS PROJECT,1,1,,
,2353,MIDKIFF DOUBLE S RANCH LTD,1,1,,
,2413,P&JY LIVESTOCK FARMS LLC,1,1,,
,2520,GOOD TIME FARMS,1,1,,
,2524,DAVID W STROOPE HONEY CO,1,1,,
,,HENRICHSON RANCHES LTD,1,1,,
,2574,CUCARACHA CATTLE CO LLC,1,1,,
,2580,D BRANDON SMITH,1,,,1
,2702,MCPEAK ORCHARDS,1,,,1
,2781,SJ RANCH LLC,1,1,,
,2859,RD GUETERSLOH FARM,1,1,,
,2927,KUIPER DAIRY LLC,1,1,,
,2932,CUATE TRUCKING LLC,1,1,,
,3003,GARRETT FLYING SERVICE INC,1,1,,
,3039,SAWYER FARMS PARTNERSHIP DBA FAMIL,1,1,,
,3075,WETHINGTON INC,1,1,,
,3150,EUNICE UVONNE MORGAN,,,,1
,3162,TAUCER HONEY AND BEE CO,,1,,
,3164,AB RANCH,,,,1
,3330,ANDERSON TUCKER FARM HOLDING LP,1,1,,
,3350,JOLLISANT FARMS,1,1,,
,3425,KOTHMAN RANCH CO,1,1,,
,3450,MINICK RANCH,1,,,1
,3478,CC TREE FARMS LLC,1,1,,
,3520,ADDISON FARMS,1,1,,
,3569,STAR RANCH,1,1,,
,3707,ROCKIN L TREE FARM INC,1,1,,
,3725,SWEET RIVER CO LLC,1,1,,
,3796,BRADY BEES & HONEY CO,1,,,1
,3835,DON OPPLIGER FARMS,3,3,,
,3846,PITCHFORK CATTLE OPERATION LLC,1,1,,
,3937,GRUHKEYS,1,1,,
,4005,PECOS PECAN COMPANY LLC,1,1,,
,4064,CAMP MYSTIC INC,1,1,,
,4082,RUSTIN KNIGHT,1,1,,
,4093,FABIAN MORALES TRUCKING LLC,,1,,
,4102,CRIDER DAIRY INC DBA RFAFTER C FAR,1,1,,
,4143,R MEZA TRUCKING,1,,,1
,4195,STEPHEN KRAEMER DBA BUENA TIERRA,1,1,,
,4273,STEINBRING PARTNERS LTD,,1,,
,4360,D MCMULLIN RANCH LLC,1,1,,
,4437,PECOS SWEET,1,1,,
,4444,INTEGRIBEES LLC,2,2,,
,4494,MESA VINEYARDS L P,1,1,,
,4503,G & T FARMS,1,1,,
,4545,R & M GERIK FARMS,1,1,,
,4611,IMHOFF RANCH,1,1,,
,4719,TRIANGLE TURF CO INC,1,1,,
,4766,TECH FARMS LLC,1,1,,
,4798,HIGH RIDGE RANCH LLC,1,,,1
,4918,KIEHNE CENTERFIRE CATTLE CO,,,,1
,4995,MAPHET AND WILSON DBA TEXAS GRASS,1,1,,
,5023,ALBERT ROSAS,1,1,,
,5111,1879 ROBINSON FARM LLC,1,1,,
,5182,PAUL BROYLES,1,1,,
,5198,PHIL JAY JONES,1,1,,
,5209,MELISSA FEEDERS LLC,1,1,,
,5252,BRAZOS BARTON FARMING PARTNERSHIP,1,1,,
,5332,CARPENTER & DAY RANCH HOLDINGS LLC,1,1,,
,5341,JASON POOLE FARMS JV,1,1,,
,5351,FRIESEN HAY INC,1,1,,
,5364,OOPW LLC,1,1,,
,5440,(blank),1,1,,
,5566,NO WATER FARMS LLC,,,,1
,5734,(blank),1,1,,
,5753,RUSSELL CUSTOM FARMING,1,,,1
,5942,5 B FARMS,1,1,,
,6036,WILLIAM J HALFMANN,1,1,,
,6055,DSB FARMS JV,,1,,
,6058,REATA COTTON CO,1,1,,
,6132,ALH FARMS LLC,1,1,,
,6157,NELSON AND DIANA BULANEK FARMS,1,1,,
,6161,LITTLEFIELD RANCH,1,1,,
,6191,SAHA FISH PARTNERSHIP,1,1,,
,6193,FORTEX GRASS LLC,1,1,,
,6199,APPELHANS HARVESTING INC,1,1,,
,6376,CROWNOVER FARMS DBA LONE STAR FAMI,2,2,,
,6392,STREHLOW BEES INC,2,2,,
,6449,HANK & LESLIE CRANEK FARMS,1,1,,
,6535,CHRIS B STELZER,1,,,1
,,CHRIS STELZER,1,,1,
,6576,M MENDOZA & SON TRUCKING,1,1,,
,6604,GEORGIA H PRUCHA JR DBA HOME GROWE,1,1,,
,6676,TIPPS RANCH INC,1,1,,
,6719,JOHN S CARS INC,1,1,,
,6734,COWHOUSE FARM,1,1,,
,6771,SPOOR FARMS JV,1,1,,
,6825,MAPLES SHORTHORNS,1,1,,
,6858,B & J AG INC,1,,,1
,6923,DELS GRASS FARMS LTD,1,1,,
,6927,BRUCE & DEVON WHITE JV,1,1,,
,6998,SUNNY CLIME FARMS,1,1,,
,7005,(blank),1,1,,
,7017,TEXAS SPECIALTY CUT FLOWERS,1,1,,
,7062,MAASS FARMS,1,1,,
,7108,TEXAS FARM PATCH LLC,1,,,1
,7243,PURTIS CREEK FARMS LLC,1,1,,
,7346,BOWEN LANDSCAPE CONSTRUCTION,1,1,,
,7354,(blank),1,,,1
,7362,BIERI & SON,1,1,,
,7363,HARWELL FARMS,,,,1
,,HARWELL FARMS JV,1,1,,
,7500,SOUTHWEST STALLION STATION LLC,1,1,,
,7613,WROBLESKI CUSTOM FARM SVC,1,1,,
,7639,CSS POTATO FARMS LLC,1,1,,
,7816,ALLPHIN FARMS,1,1,,
,7887,ZENNER ORCHARD,,1,,
,7941,LESLIE T WILCOX FARM,1,1,,
,7942,FLAG RANCH LTD,1,1,,
,7981,STEPHEN & CYNTHIA HEARD AND HOLUB,1,,,1
,7992,MANDUJANO BROTHERS,1,1,,
,8000,ALBRECHT S ANGEL HONEY,1,1,,
,8049,A OLIVAREZ HARVESTING LLC,1,1,,
,8085,SONDER FARMS LLC,1,1,,
,8150,PROSPECT ACRES,1,1,,
,8261,WILLIAM GAVRANOVIC JR FARMS,1,1,,
,8307,ARTHUR RAY YANTA,1,,,1
,8333,HULINGS RANCH,,1,,
,8408,VALENTINE REINING HORSES INC,,,1,
,8445,COOPER FARM & RANCH DBA COOPER TUR,1,1,,
,8525,GARRY & LAFY SAHA FARMS,1,1,,
,8628,TEXAS HILLS VINEYARD,1,1,,
,8638,NATIVE TEXAS GROWERS LTD DBA NATIV,1,1,,
,8798,RODERICK CATTLE CO LLC,1,1,,
,8841,BARON S CREEK FARMS,1,1,,
,8885,HEAVIN RANCH,1,1,,
,9043,PATSY A ANDERTON DBA A1 GRASS CO,1,1,,
,9063,RELIANCE REALTY DBA MAGILL PEAK RA,1,1,,
,9078,RIVER CREEK RANCH,1,1,,
,9119,HOLUBEC FARMS,1,1,,
,9179,(blank),1,1,,
,9225,CELTIC L LAND & LIVESTOCK LLC,1,1,,
,,CLAYTON WILLIAMS FARMS,1,1,,
,9248,HAROLD ALLEN,1,1,,
,9280,AVINA CONTRACTORS,1,1,,
,,PECOS CROSSING HEADQUATERS,1,1,,
,9378,LONESTAR TREES,1,1,,
,9395,WOODLAND AG LLC,1,1,,
,9406,TURFWAY INC,1,1,,
,9413,MONDO GARDENS DBA THOMAS TURFGRASS,2,2,,
,9474,RCB VENTURES LLC DBA TRI TEX GRASS,1,1,,
,9486,(blank),1,1,,
,9503,FRANKS NURSERY LLC,1,1,,
,,SPICER RANCHES LTD,1,1,,
,9525,SM CATTLE CO,1,1,,
,9582,VAZ MAR FARM INC,1,1,,
,9645,GOLDEN CONSTRUCTION SVCS INC DBA N,1,,,1
,9652,DOGUET RICE FARM,,1,,
,9662,JIMMY AND CAROLYN STRUBE FARMS DBA,1,1,,
,9788,DONALD WAYNE WILCOX,1,1,,
,9880,KRUEGER FARM SVCS,1,1,,
,9912,CYPRESS MILL RANCH,1,1,,
,9930,MCCLOY FAMILY FARMS PARTNERSHIP,1,1,,
,9960,MARK TOMLINSON FARMS,1,1,,
,9961,FMR TRUCKING,1,1,,
,9978,FRANZ FARMS II PARTNERSHIP,1,1,,
Texas Total,,,197,188,2,24
Utah,,STANLEY BINGHAM,,,,1
,,WESTERN RANGE ASSN,,,,1
,504,WAGSTAFF SEED CO,,,,1
,794,PINEAE GREENHOUSES INC,1,1,,
,886,COX HONEY OF UTAH LLC,1,1,,
,2009,COUNTRYSIDE GARDEN CTR DBA LINDEN,1,1,,
,2675,COOK S FARM & GREENHOUSE,1,,,1
,3026,LAZY S & K LLC,1,1,,
,3290,ALLRED ORCHARDS INC,1,1,,
,3560,W F GORING & SON INC,2,2,,
,3817,EAST FARMS LC,1,1,,
,3823,ROWLEY S SOUTHRIDGE FARMS,1,1,,
,4041,4 - C CORPORATION,1,1,,
,5944,ROCKIN E FARMS LLC,2,2,,
,6094,SUNSHINE GREENHOUSE INC,,1,,
,6265,OLSON S GREEHOUSE GARDENS INC,1,1,,
,,OLSON S GREENHOUSE GARDENS INC,1,1,,
,,"OLSON S GREENHOUSE GARDENS, INC.",1,1,,
,6298,SLIDE RIDGE LLC,1,1,,
,6375,PETERSEN FAMILY FARMS LLC,1,1,,
,6739,SCHMIDT S AGRICULTURAL ENTERPRISES,1,1,,
,6857,SOUTHSHORE FARMS LC,,1,,
,6883,CHERRY HILLS FARMS INC,3,3,,
,7413,PERENNIAL FAVORITES NURSERY,1,1,,
,7465,SMITH FARM & LIVESTOCK,1,1,,
,7953,WALL BROTHERS ORCHARDS / ALAN RILE,1,1,,
,8904,GREEN FARMS,1,1,,
,9069,LUND LAND & LIVESTOCK,2,2,,
,9179,ROJAS FARMS LLC,1,1,,
,9369,HARWARD FARMS SWEET CORN INC,2,1,,1
,9980,CHAVEZ FARMS LC,1,1,,
Utah Total,,,32,32,,5
Vermont,,LEWIS CREEK FARM LLC,1,1,,
,11,BOWMAN ORCHARDS LLC,1,,,1
,476,ROCKVILLE MARKET FARM,1,1,,
,552,SOUTHERN VERMONT ORCHARDS INC,1,1,,
,1216,HEMINGWAY FARMS LLC,1,1,,
,2244,HAPPY VALLEY ORCHARD INC,1,1,,
,3461,BLAIS PRODUCE LLC,1,1,,
,3899,NORTHERN ORCHARD CO INC,1,1,,
,3956,EDGEWATER FARM LLC,1,,,1
,4084,PAUL MAZZA S FRUIT & VEGETABLE STA,1,1,,
,4251,DBA ADAMS TURKEY FARM,1,1,,
,4304,"SULLIVAN ORCHARD, INC.",1,1,,
,4713,GILSUM GARDENS,2,2,,
,5043,ALLEN BROTHERS INC,2,2,,
,5068,BLUFF GARDENS INC,1,1,,
,5963,PEACEABLE HILL FARM,1,1,,
,6053,NORTHWOODS APIARIES LLC,,1,,
,6202,FULL BELLY FARM LLC,1,1,,
,6368,FORRENCE ORCHARDS INC,1,1,,
,6987,CHAMPLAIN ORCHARDS INC,1,1,,
,7066,JERICHO SETTLERS FARM INC,1,1,,
,7237,GIROUX ORCHARDS LLC DBA CHAZY ORCH,,1,,
,7328,PICADILLY FARM LLC,1,1,,
,7369,DOG RIVER FARM LLC,1,1,,
,7664,DUTTON BERRY FARM,2,1,,1
,7820,DBA FOOTE BROOK FARM,1,,,1
,8308,CHAMPLAIN VALLEY APPLE STORAGE INC,1,1,,
,8400,RULFS ORCHARD LLC,1,1,,
,8439,S MAZZA FARM INC,1,1,,
,8529,GUNNISON LAKESHORE ORCHARDS INC,1,1,,
,9515,GREEN MOUNTAIN ORCHARDS INC,1,1,,
,9690,LILYQUEST LLC DBA WOODS MARKET GAR,1,1,,
Vermont Total,,,33,31,,4
Virginia,,BECKLEY HARVESTING,,,,4
,,EASTERN SOD FARMS LLC,1,1,,
,,LEWIS M BAILEY IV FARMS INC,1,1,,
,26,PERRAULT FARMS INC,1,1,,
,374,DAN & JERRY S GREENHOUSE INC,2,2,,
,376,CUPP & SONS LLC,1,1,,
,440,VAN ZANDT SUPPLY LLP,1,1,,
,441,K S DATTHYN FARMS,1,1,,
,480,RC ORCHARDS LLC ET AL,1,1,,
,501,REED REED REED FARMS,1,1,,
,627,INCHES NURSERY INC,2,2,,
,712,PENN OHIO WHOLESALE GARDENS LLC,1,1,,
,732,MAROA FARMS INC,1,1,,
,765,BLACKBERRY BOTTOM FARM LLC,1,,,1
,,FRATANGELO GARDENS MARKET & NURSER,1,1,,
,813,DOWNTOWN JB INC,1,1,,
,821,PETE S PRODUCE FARM LTD,1,1,,
,838,ROBSON HONEY CO LLC,1,1,,
,852,BRANDI HONEY & FARMING LLC,1,1,,
,860,VARNER S TREE FARM & CIDER MILL LT,1,1,,
,897,TRAVELING HONEY BEES INC,1,1,,
,917,RED JACKET ORCHARDS INC,1,1,,
,939,HENLEY FARM LP,1,1,,
,964,WALNRIDGE FARM INC,1,1,,
,971,GRITT'S FARM,1,1,,
,986,MOUNTAIN FRESH LLC,1,,,1
,987,WA FARM MGMT LLC,1,1,,
,1047,RALPH LEE SPENCER DBA SHANESVILLE,1,1,,
,1128,KRETSCHMANN FARM,1,1,,
,1130,HUGGETT SOD FARM INC,1,1,,
,1176,STADLER GARDEN CENTERS INC STADLER,1,1,,
,1178,COLUMBUS TURF NURSERY LTD,2,2,,
,1181,DEMARAY HARVESTING & TRUCKING LLC,1,1,,
,1246,LINVILLA ORCHARDS INC,1,1,,
,1261,KOPEC VETERINARY ASSOCIATES PC,1,1,,
,1316,DAVIS TREE FARM & NURSERY INC,1,1,,
,1322,CLOVERDALE FARMS INC,1,1,,
,,SEVERT S TREE FARM LLC,1,1,,
,1324,GREEN COUNTRY HONEY LLC,2,2,,
,1364,LAUREL SPRINGS NURSERY LLC,1,1,,
,1410,HSU GINSENG FARMS LLP ET AL,1,1,,
,1429,BURNT CREEK NURSERY LLC,1,1,,
,1481,WATKINS NURSERIES INC,1,1,,
,1490,EVANS FARMS INC,2,2,,
,1523,RANDY ALLRED ORCHARDS LLC,1,1,,
,1614,LOIS S PRODUCE LLC,1,1,,
,1727,FOWLER BROTHERS INC,1,1,,
,1761,KRAYNAKS INC,1,1,,
,1783,LEE GUSCETTE FARMS,1,1,,
,1907,HANSEN FARMS LLC & HEMDALE FARMS I,1,1,,
,1929,APPLESTONE FARM INC,1,1,,
,1994,COVEYOU FARMS LLC DBA COVEYOU SCEN,1,1,,
,1995,PATTERSON FARMS INC,1,1,,
,2000,KORY LEISTIKOW,1,1,,
,2182,TRIPLE D LAND CO LLC,1,1,,
,2234,WITTEN S PRODUCE PATCH INC,1,1,,
,2378,DOUBLE R HOP RANCHES INC,1,1,,
,2422,STEPHEN L DYGERT DBA FANTASY FRUIT,1,1,,
,2438,PRIDES CORNER FARMS INC,4,4,,
,2470,BOORDY VINEYARDS INC,1,1,,
,2490,N G HEIMOS GREENHOUSE INC,2,2,,
,2575,HALE & HINES NURSERY INC,2,2,,
,2611,LAKE FOREST GARDENS INC,1,1,,
,2625,ROBINSON HARDWARE OF NS CORP,1,1,,
,2695,ED S PLANT WORLD INC,1,1,,
,2718,BIG SKY HONEY INC,1,1,,
,2720,CONSOLIDATED FARMS LLC DBA ELK MOU,1,1,,
,2801,PINK TRACTOR FARMS LLC,1,1,,
,2875,MACKENZIE FARMS INC,1,1,,
,2883,SPIRAL PATH FARM LLC DBA SPIRAL PA,2,2,,
,2988,T2 HONEY CO LLC TEXAS,1,1,,
,3026,RUBY S APIARIES INC,1,1,,
,3126,BROTZMAN S NURSERY INC,1,1,,
,3134,BEEROM APIARIES INC,,1,,
,3280,MARTIN LAWNCARE LLP DBA MARTIN NUR,1,1,,
,3299,BMR ORCHARDS LLC ET AL,1,1,,
,3323,ENGEL FAMILY FARMS,1,1,,
,3343,COX FARMS INC,1,1,,
,3353,RHOADS FARM INC,2,2,,
,3387,BARRY S GROUND COVER LLC,,1,,
,3436,DAVID HOFFMAN LANDSCAPING & NURSER,1,1,,
,3454,ABERNETHY & SPENCER GREEN HOUSES,1,1,,
,3512,WESTLAKE TREE FARMS LLC,1,1,,
,3525,BREMO TREES LC,1,1,,
,3545,DONZELL S FLOWER & GARDEN CTR INC,1,1,,
,3592,DAVID MANN,2,2,,
,3619,ELIZABETH FARMS,1,1,,
,3632,LUNDEBY EVERGREENS,2,2,,
,3662,BLOOMING GLEN FARM LLC,1,1,,
,3702,WARD OYSTER CO,1,1,,
,3705,Q & H HONEY FARM LLC,1,1,,
,3724,LEE S BEES INC,1,1,,
,3768,SILVER CREEK ORCHARDS INC,1,,,1
,3788,MERRIMACK VALLEY APIARIES INC,1,1,,
,3804,WENAS HOP FARM LLC,1,1,,
,3850,WILLIAM F HAMMELL NURSERIES LLC,1,2,,
,4004,TERRA FARMS INC,1,1,,
,4056,MICHAEL BINDER,1,1,,
,4107,UTR CORP DBA ABUNDANT LIFE ORGANIC,1,1,,
,4115,EAGLE TREE FARM LLC,1,1,,
,4140,S A FLICK SEED CO,1,1,,
,4159,BRIGGS TRADITIONAL TURF FARM INC,1,1,,
,4196,HALABURA FARMS,1,1,,
,4197,K&D FARMS,1,1,,
,4258,SAGEMOOR GROUP MGMT SVCS INC,2,2,,
,,SAGEMOOR GRP MGMT SVCS INC,3,3,,
,4275,LAWRENCE J SECOR DBA SECOR S NURSE,1,1,,
,4309,KULLAGRUPPEN USA HOLDING CO,1,1,,
,4324,LONGHORN FARMS PARTNERSHIP,1,1,,
,4329,CANDELARIO SEPULVEDA JUAREZ DBA SE,1,1,,
,4379,GRIZZLY CREEK MGMT CO DBA BRANT AG,1,1,,
,4491,NUTRIENT MGMT PARTNERS LLC,1,1,,
,4682,MACK BROTHERS & ASSOCIATES LLC,2,2,,
,4704,GEORGIA SELECT FISHFARM LLC,1,1,,
,4773,FARMLAND CONVERSION CONSULTANTS LL,2,3,,
,4816,VIRGINIA AGRICULTURAL GROWERS ASSN,4,4,,
,4886,FAULKNER FARMS INC,1,1,,
,4888,CHERRYLAKE INC,2,2,,
,4889,ERNST CONSERVATION SEEDS INC,1,1,,
,4923,CD ACRES LLC,,1,,
,4942,ALTMAN SPECIALTY PLANTS INC,4,4,,
,,ALTMAN SPECIALTY PLANTS INC TX,1,1,,
,5017,L WALTHER & SONS INC GA,3,2,,1
,,L WALTHER & SONS INC INDIANA,,,1,
,,L WALTHER & SONS INC MI,1,3,,
,,L WALTHER & SONS INC NE,2,2,,
,,"L WALTHER & SONS, INC- MI",1,1,,
,5137,CENTRAL WISCONSIN EVERGREENS INC,1,1,,
,5191,FIVE STAR HONEY FARMS,1,1,,
,5194,JB FARM MARKET LLC,1,1,,
,5219,KIRBY FARMS LLC,2,1,,1
,5327,WILLIAM H PERRY DBA PERRY APIARIES,,1,,
,5330,FITZHUGH FARMS INC,1,1,,
,5435,SAND SLOPE ACRES INC,1,1,,
,5474,BLACK BRIDGE WINERY LLC DBA ORCHAR,1,1,,
,5562,HONL S BEES INC,1,1,,
,5586,FITZGERALD S ORCHARDS,1,1,,
,5602,TWO SISTERS FARM INC,1,1,,
,5639,SAUNDERS BROTHERS INC,,1,,
,5739,WARREN H BOYER INC,1,1,,
,5816,BROOKFIELD FARM INC,1,1,,
,5859,NORTHERN FAMILY FARMS LLP,2,2,,
,5871,P IANIRO S LAWN & GARDEN INC,1,1,,
,5928,PEPPERCO USA INC,1,1,,
,5929,BRUCE SHOCKMAN,1,1,,
,5982,STIRLING FRUIT & VEGETABLE COMPANY,1,1,,
,6034,BACKYARD FARMS LLC,1,1,,
,6106,NORTHERN NURSERY INC,1,1,,
,6134,QUALITY GREENHOUSES & PERENNIAL FA,1,1,,
,,QUALITY QUEENHOUSES & PERENNIAL FA,1,1,,
,6275,COUNTRY NEST CORP,2,2,,
,6410,RIVER RIDGE LAND & CATTLE CO LLC,1,1,,
,6444,NEW CENTURY CSA LLC,1,1,,
,6473,FIFER ORCHARDS INC,2,2,,
,6566,ROUGE RIVER FARMS INC,1,1,,
,6581,CUSTOM ORCHARDS INC ET AL,1,1,,
,6598,SMP FARMS INC,1,1,,
,6622,STILES APIARIES LLC,1,1,,
,6677,THE CHEF S GARDEN INC,1,1,,
,6695,SNAKE CREEK FARMS LLC,1,1,,
,6725,SCHWOPE BROTHERS TREE FARMS LLC,1,1,,
,6823,JUAN & MARIA PINEDA DBA HAPPY FAMI,1,1,,
,6842,LEGGE FARMS INC,1,,,1
,6878,ASSOCIATED FRUIT GROWERS INC DBA M,1,1,,
,6942,NOKOMIS FARM,1,,,1
,6954,C & C HOP FARM INC,1,1,,
,7098,C & R FARMS,,1,,
,7110,FOWERS FRUIT RANCH LC,1,1,,
,7127,GRACE ESTATE WINERY LLC,1,1,,
,7151,LAVERY S SOD FARM INC,1,1,,
,7169,CRIMSON LANE FARM LLC,1,1,,
,7212,CLARK BROTHERS NURSERY LLC,1,1,,
,7217,KINNICO LLC,1,1,,
,7250,7K FARMS LLC,1,1,,
,7279,WARREN MORGAN ORCHARDS LLC,1,1,,
,7280,TALBOTT S MOUNTAIN GOLD LLLP,1,1,,
,7344,WILLARD J HARMON DBA BILL HARMON F,1,1,,
,7347,JOHN CHEFAS DBA HART T TREE FARMS,1,1,,
,7421,BEDNER S FARM & GREENHOUSE INC,2,2,,
,7460,RAH HONEY FARM LLC,1,1,,
,7478,SNELLS GREENHOUSES INC,1,1,,
,7659,UPLAND VINEYARDS LLC ET AL,1,1,,
,7661,BELLE MEADOW FARM,1,1,,
,7732,SPRINGLAKE NURSERY,1,1,,
,7740,TRUMP VINEYARD ESTATES LLC,1,1,,
,7817,TENNESSEE VALLEY NURSERY INC,1,1,,
,7820,WAYNESBORO NURSERIES INC,1,1,,
,7849,PURPOSE POINT HARVESTING LLC,1,1,,
,7867,MORLOCK HONEY FARMS LLC,,1,,
,7967,BERRY S BLOOMS LTD,1,1,,
,8022,PEGGY S GARDENING INC,1,1,,
,8050,KIOWA VALLEY ORGANICS INC DBA GOLD,1,1,,
,8064,DAVID STOCK FARM SVCS INC,1,1,,
,8236,STUDEBAKER NURSERIES INC,2,2,,
,8276,WELTON ORCHARDS AND STORAGE LLC,1,1,,
,8296,WILLIAM AUSTIN WITT DBA DISTRICT 6,1,1,,
,8361,HEART SEVENTEEN INC,2,1,,1
,8388,TIDEWATER MULCH & MATERIAL INC,1,1,,
,8521,STEVEN G BAUER,1,1,,
,8541,BRISK WIND FARMS LLC,1,1,,
,8566,MADISON COUNTY WINES LLC DBA EARLY,1,1,,
,8590,ROBA S TREE FARM INC,1,1,,
,8640,RED SUN FARMS LLC,1,1,,
,8646,WAVERLY FARM LLC,1,1,,
,8669,W S YOE NURSERIES R & D INC,1,1,,
,8705,HOMEWOOD FARMS LLC ET AL,1,1,,
,8735,GARY M CRAFT DBA G & S ORCHARDS,1,1,,
,8800,THE WM A NATORP CO,2,2,,
,,THE WM A NATORP COMPANY,1,1,,
,8807,BRIAN CAMPBELL FARMS,1,1,,
,8821,D R SNELL NURSERY INC,,1,,
,8824,SPRING VALLEY FARMS LLP,1,1,,
,8864,LEROUX CREEK FOOD CORP,1,1,,
,8922,DECKER S NURSERY INC,1,1,,
,8926,ARNIE BOCCAFOGLI LAWN MAINTENANCE,1,1,,
,9046,KERSHAW FARM LABOR MGMT INC,1,1,,
,9049,MARY S ALPACA LLC,1,1,,
,9085,BYRD FARM ENTERPRISES LLC,1,1,,
,9087,HORTON VINEYARDS INC,1,1,,
,9171,MERCER RANCHES INC,1,1,,
,9217,SPRING VALLEY FARM & ORCHARD,1,,,1
,9237,ROGERS HONEY FARM,1,1,,
,9253,PAULUS ORCHARDS,1,1,,
,9266,POLTER BERRY FARM INC,2,2,,
,9338,JUAN CARLOS ORDAZ DBA ROSA S GARDE,1,1,,
,9382,HOUWELING S UTAH OPERATIONS INC,3,3,,
,9528,WONDERFUL BEES LLC,2,,,2
,9534,DICKIE BROS ORCHARD LLC,1,1,,
,9586,LANCASTER FARMS INC,1,1,,
,9623,CLEARBROOK HONEY FARMS INC,,1,,
,9646,WHO COOKS FOR YOU FARM,1,1,,
,9677,SPANGLER FARMS MARKET,1,1,,
,9691,J C HILL TREE FARMS INC,1,1,,
,9713,LAUREL GROVE FARMS LLC,1,1,,
,9716,MEADOWSPRING TURF FARM LLC,1,1,,
,9722,BARTON NURSERY ENTERPRISES INC DBA,,1,,
,9868,CARMICHAEL S HONEY FARM INC,,1,,
,9883,DOLINSKY BROTHERS INC,1,1,,
,9912,BURNAP FRUIT FARM LLC,1,1,,
Virginia Total,,,267,271,1,15
Washington,50,CASCADE VIEW FRUIT AND COLD STORAG,1,1,,
,151,PIEPEL PREMIUM FRUIT CO LLC,1,,,1
,216,CHIAWANA ORCHARDS LLC,1,1,,
,330,JAYHAWK ORCHARDS LLC,1,,,1
,591,PRONZINI CHRISTMAS TREE FARM,1,,,1
,633,HIGH VALLEY ORCHARDS LLC,1,2,,
,1008,S MARTINEZ LIVESTOCK INC,,,,1
,1302,ABOVE THE DIRT LLC,1,1,,
,1893,AGRIMACS INC,2,2,,
,1911,WAFLA,3,5,,1
,1930,BLACK STAR RANCH LLC,1,1,,
,1944,SPORTFISHER LLC,1,,,1
,2213,MCDOUGALL FAMILY FARMING,1,1,,
,2216,T&L NURSERY INC,4,4,,
,2301,DOUBLE M ORCHARDS LLC,1,1,,
,2824,ALAMO ORGANIC ORCHARDS LLC,1,,,1
,2888,K&K FAMILY PROPERTIES,1,1,,
,2905,AURORA FARMS LLC,1,1,,
,3074,MCDOUGALL FAMILY FARMING,1,2,,
,3113,POTENTIALITY ORCHARDS,2,2,,
,3137,DOUGLAS AG SVCS,1,1,,
,3671,KYLE MATHISON ORCHARDS,1,1,1,
,3722,(blank),,,,1
,3986,DINSDALE FARMS SO LLC,,1,,
,4004,BURNETT ORCHARDS,1,1,,
,4053,A&R SPADA FARMS LLC,1,1,,
,4099,LAWRENCE ORCHARDS LLC,1,1,,
,4617,GREEN ACRE FARMS INC,1,1,,
,4780,SWEENEY ORCHARD INC,1,1,,
,4912,V F ADMINISTRATIVE SERVICES INC,1,1,,
,,V F ADMINISTRATIVE SVCS INC,1,1,,
,5093,MALDONADO ORCHARDS LLC,1,1,,
,5357,OREGON PRIDE NURSERIES INC,1,1,,
,5537,THE HIGHLAND PARTNERSHIP,2,1,,1
,5586,DOG RIVER RANCH LLC,1,1,,
,6119,C & S ORCHARDS II L P,1,1,,
,6147,BRONZE STAR INC,1,1,,
,6155,WYCKOFF FARMS INC,1,1,,
,6235,EVERGREEN AGRICULTURAL SVCS LLC,1,1,,
,6286,CARPINITO BROTHERS INC,2,3,,
,6386,ROBINSON NURSERY INC,2,2,,
,6581,CUSTOM ORCHARDS INC NORTH ORCHARD,1,1,,
,6674,ROBISON ORCHARDS INC,1,1,,
,6680,SATHER MANAGEMENT INC,1,2,,
,7102,BOUNTIFUL FARMS,1,1,,
,7270,WEBER FARMS,1,1,,
,7390,DICKY FARMS INC,1,1,,
,7402,CENTRAL WASHINGTON AG SVCS INC,2,2,,
,7880,HIGH ROLLS RANCH INC,1,1,,
,7997,PLANT SCIENCES INC,1,1,,
,8033,B T LOFTUS RANCHES INC,1,1,,
,8096,NORTHWESTERN ORCHARDS LLC,1,1,,
,8103,KING FUJI RANCH INC,2,2,,
,8274,OLYMPIC ORCHARDS INC,1,1,,
,8309,HERBCO INTL,1,1,,
,8335,WASHINGTON BULB CO INC,1,1,,
,8397,COLUMBIA ORCHARD MANAGEMENT,1,1,,
,8496,GODWIN FAMILY ORCHARD LLC,1,1,,
,8615,LARSON ORCHARD MGMT INC,1,1,,
,8623,TABER INVESTMENT INC,1,1,,
,8717,COLEMAN INDUSTRIES & COLEMAN AGRIC,1,1,,
,8828,CENTRAL COVE HOP,2,2,,
,8840,WASHINGTON FRUIT ADMINISTRATIVE SV,1,1,,
,8922,TAYLOR ORCHARDS MANAGEMENT INC,,1,,
,,TAYLOR ORCHARDS MGMT INC,3,1,,2
,8949,KS ORCHARDS INC,1,1,,
,8967,HIATT HONEY LLC,1,1,,
,9203,CRYSTAL VIEW RASPBERRY FARM INC,1,,,1
,9254,TROUT LAKE FARM,1,1,,
,9444,G&C FARMS LLC,1,1,,
,9489,DNS FARM SVCS,1,1,,
,9506,ZIRKLE FRUIT CO,2,3,,
,,ZIRKLE FRUIT COMPANY,1,1,,
,9526,HOWARD CALCAGNO FARMS,1,1,,
,9680,NORTHERN FRUIT CO INC,1,1,,
,9714,HANSEN ADMINISTRATIVE SVCS INC,2,1,,1
Washington Total,,,89,88,1,13
West Virginia,3727,G & G NURSERY INC,1,1,,
West Virginia Total,,,1,1,,
Wisconsin,677,GWENYN HILL FARM LLC,1,1,,
,2321,FERGUSON S MORNINGSIDE ORCHARD LLC,1,1,,
,3017,APPLELAND LLC,1,1,,
,3325,GREEN BARN FARM MARKET,1,1,,
,3969,RED CEDAR HONEY FARMS LLC,1,1,,
,4367,EUGSTER S FARM MARKET INC,1,1,,
,7309,ROBERT H HEATH FARMS INC,1,1,,
,7971,OAK RIDGE SOD FARM INC,1,1,,
,8284,HUNTSINGER FARMS INC,1,1,,
,8300,SWEET MOUNTAIN FARM LLC,1,1,,
,8425,SACIA ORCHARDS INC,2,2,,
,8987,HARMONY VALLEY FARM LLC,1,1,,
,9542,BREEZY HILL NURSERY INC,1,1,,
Wisconsin Total,,,14,14,,
Wyoming,10,VOLK RANCH LLLP,1,1,,
,81,ROBBEN CATTLE CO LLC,2,2,,
,150,SNOWY RANGE LIVESTOCK LLC,1,1,,
,337,HARVEY RANCH,1,1,,
,467,DBA WYOMING HORSES RANCH,1,1,,
,485,EVANS WELLS LIVESTOCK INC,1,1,,
,504,CHANT RANCHES LLC,1,1,,
,588,TODD & DARCY KAISLER RANCH,1,1,,
,618,SPERRY LIVESTOCK CORP,2,2,,
,671,MOUNTAIN VALLEY LIVESTOCK INC,2,2,,
,752,TNT LIVESTOCK,,1,,
,901,HOWARD B LEE FAMILY LTD PARTNERSHI,1,1,,
,909,HALVERSON RANCH,,1,,
,919,BATTLE MOUNTAIN CO,1,1,,
,1005,GREEN RIVER LIVESTOVK,1,1,,
,1251,(blank),2,2,,
,1261,GOATS R US,4,4,,
,1330,KING CREEK GRAZING ASSN,1,1,,
,1528,JENNINGS FARMS INC,1,1,,
,1663,ROCKING R RANCH & LODGE GUEST OPER,1,1,,
,1695,WOOD BROTHERS,1,1,,
,1869,JOEL STAMATAKIS DBA STAMATAKIS LIV,2,2,,
,1950,JACK HOCKERSMITH & SONS,1,1,,
,1973,TITMUS FAMILY FARMS,,1,,
,2061,MCKAMEY RANCH CO,1,1,,
,2073,(blank),,2,,
,2129,SAMPINOS LIVESTOCK CO LLC,1,1,,
,2136,(blank),2,2,,
,2166,DIAMOND CATTLE CO LLC,2,1,,
,2291,HARRIS & SONS STIRRUP BAR RANCH LL,1,1,,
,2334,ANCHUSTEGUI SHEEP CO,1,1,,
,2353,THOUSAND PEAKS RANCHES INC,1,1,,
,2443,BOWN LIVESTOCK,1,1,,
,2490,MIDLAND LIVESTOCK CO,5,6,,
,,MIDLAND LIVESTOCK COMPANY,,,,1
,2504,SMITH FORK GRAZING ASSN,1,1,,
,2520,HE SHEEP CO,2,2,,
,2551,HARRAL LIVESTOCK CO,,1,,
,2630,SIMS SHEEP CO LLC,2,2,,
,2702,LR SMITH INVESTMENTS LLC,,1,,
,3038,(blank),2,2,,
,3103,MATTHEW L WEBER,,1,,
,3354,DOS HERMANOS RANCH,1,1,,
,3362,FLYING TRIANGLE RANCH LLC,,1,,
,3570,CROSS MOUNTAIN RANCH,1,1,,
,3598,JACK CREEK LAND & CATTLE CO,1,1,,
,3989,(blank),1,1,,
,4331,DIAMOND PEAK CATTLE CO,2,2,,
,4363,SINGLETREE RANCH,1,1,,
,4420,HOOKER CATTLE CO INC,1,1,,
,4456,THE ANSCHUTZ CORP DBA THE OVERLAND,1,1,,
,4459,DAVID WINTERS,1,2,,
,4466,TRUE GRIT SHEEP CO,1,1,,
,4516,MOUNTAIN AIR CATTLE LLC,1,1,,
,4543,D & R FARM,1,1,,
,4550,(blank),1,1,,
,4560,(blank),1,1,,
,4657,SWEETGRASS RANCH LLC,1,1,,
,4762,FELIX RIVER RANCH INC,4,4,,
,4794,LRB RANCHES LLCC/BRIGGS RANCH,1,1,,
,4797,GRIEVE ENTERPRISES,1,1,,
,4870,WINECUP GAMBLE RANCH,1,1,,
,5021,O W RANCH,,1,,
,5031,HUTTO LIVESTOCK,,1,,
,5033,(blank),1,1,,
,5269,BARTHELMESS RANCH CORP,3,3,,
,5418,JODI HILL DBA TROUBLESOME CREEK RA,1,1,,
,5444,CHACON SHEEP CO LLC,1,1,,
,5493,CARGILE CATTLE COMPANY LLC,1,1,,
,5505,SILVER SPUR OPERATING CO LLC,,1,,
,5515,S DAVID EARL DBA UPPER CREEK RANCH,2,2,,
,5524,ROCKING DIAMOND LIVESTOCK,1,1,,
,5539,BLUE MOUNTAIN CATTLE INC,1,1,,
,5544,MYERS RANCH LLC,1,1,,
,5567,MOUNTAIN PLAINS AGRICULTURAL SVC,,,,1
,5728,SOYARS RANCH,1,,,1
,5758,BLUE BELL SHEEP LLC,1,1,,
,5811,TUTTLE LIVESTOCK CO LLC,,1,,
,5817,CUBIBURU LIVESTOCK,1,,,1
,5876,D & R LIVESTOCK,1,2,,1
,6127,MAIN CANYON RANCH,1,1,,
,6230,PETERSON LIVESTOCK LLC,1,1,,
,6305,JOHN ESPIL SHEEP CO INC,1,1,,
,6324,AUZA RANCHES LLC,3,3,,
,6343,DR LIVESTOCK,1,1,,
,6355,WEBB RANCH LLC,1,1,,
,6413,LEHFELDT LAND & LIVESTOCK,1,1,,
,6703,CANTRELL SHEARING,3,3,,
,6730,R EMIGHT LIVESTOCK,,1,,
,6761,J SPEAR RANCH CO,1,1,,
,6909,MOON LAND AND LIVESTOCK PARTNERSHI,1,1,,
,6927,MARK LYMAN SHEEP RANCH,2,2,,
,6946,JEFFERSON HEIGHTS LLC / DBA M & T,,1,,
,6966,THREE FORKS RANCH CORP,1,1,,
,7132,JOHNSON MOUNTAIN RANCH LLC,1,1,,
,7216,VILLARD RANCH LLC,1,1,,
,7218,PACE BROTHERS,1,1,,
,7245,HAROLD SELMAN INC,1,1,,
,7359,TODD H MICKELSEN,2,,,2
,7425,LAZY T M LIVESTOCK LLC,1,1,,
,7442,LITTLE RANCH CO INC,1,1,,
,7622,CHEW LIVESTOCK INC,1,1,,
,7982,LAZY H LIVESTOCK,,2,,
,8029,TUCKER DRAW RANCH LLC,1,1,,
,8157,HOG EYE RANCH LLC,1,1,,
,8227,BANDY RANCH,,1,,
,8243,HACKING LAND & LIVESTOCK,1,1,,
,8362,ALLRED LAND & LIVESTOCK,2,2,,
,8399,R LARSON SHEEP CO,1,1,,
,8467,GREGORY LIVESTOCK CO,,1,,
,8561,ALLEN LIVESTOCK,1,1,,
,8564,BOYD & LOYD WOODWARD,1,1,,
,8596,PHILP SHEEP CO,3,3,,
,8611,OKELBERRY LIVESTOCK RANCH,1,2,,
,8657,BLUE TENT FARMS,2,2,,
,8689,GILES W PRITCHARD GORDON FARMING L,1,1,,
,8735,CAMILLETTI & SONS INC,1,1,,
,8803,PRETTY WATER LLC,1,1,,
,8860,(blank),1,1,,
,8877,C&C CATTLE LLC,,1,,
,8919,COBB CATTLE CO,1,1,,
,9035,MANTEROLA SHEEP CO INC,,1,,
,9159,ARNOLD GREEN MEADOW RANCH,1,1,,
,9283,COBB RANCH LLC,1,1,,
,9384,RICHARD M AND KATHLEEN L OSTRUM DB,1,1,,
,9407,FRED W HUNZEKER & SONS,,2,,
,9439,L RICHINS & SONS LC,1,1,,
,9493,SMITH RANCHO LAND & LIVESTOCK LLC,1,1,,
,9774,CARTER ENTERPRISES,1,1,,
,9811,VERMILLION RANCH LIMITED PARTNERSH,1,1,,
,,VERMILLION RANCH LTD PARTNERSHIP,3,3,,
,9854,MARK JOYCE RANCH,1,1,,
,9954,SKYLINE SHEEP CO,1,1,,
,9975,LARSON LIVESTOCK INC,3,2,,1
Wyoming Total,,,150,171,,8
STATE NOT REPORTED,,AFFLECK FARMS INC,,,,1
,351,4X4 FARMS INC DBA KLATT FARMS,1,,,1
,5669,THACKER HARVESTING LTD,1,,,1
STATE NOT REPORTED Total,,,2,,,3
,,,,,,
"If no data is present in a cell, this "" - "" represents zero.",,,,,,
"1  An H-2A is an alien coming temporarily to perform agricultural labor or services of a temporary or seasonal nature filed by a U.S. employer, its U.S. agent or an association of U.S. agricultural producers named as a joint employer on the temporary labor certification.",,,,,,
agent or an association of U.S. agricultural producers named as a joint employer on the temporary labor certification.,,,,,,
2  The number of new petitions received and entered into a case-tracking system during the reporting period.,,,,,,
3  The number of petitions approved during the reporting period.,,,,,,
"4  The number of petitions that were denied, terminated, or withdrawn during the reporting period.",,,,,,
5  The number of petitions awaiting a decision as of the end of the reporting period.,,,,,,
6  Represents the state that the company or U.S. agent is located in and not necessarily where the work will be performed. ,,,,,,
"NOTE:  1) Some applications approved, denied, or pending a decision may have been received in prior reporting periods. ",,,,,,
               2) The report reflects the most up-to-date estimate available at the time the report is generated.,,,,,,
               3) A petition may be made for 1 or more workers.,,,,,,
               4) We are only providing the last 4 numbers of the FEIN to protect PII.,,,,,,
"Source:  Department of Homeland Security, U.S. Citizenship and Immigration Services, C3 Consolidated via Standard Management Analysis and Reporting Tool (SMART), March 2018.",,,,,,
