,,,,,,
Petitioner Location,,,"Petitions by State, Company, and FEIN (Last 4 Digits)",,,
,,,Petitions by U.S. Employer and U.S. Agent1,,,
,,,Petitions Received2,Approved3,Denied4,Pending5
 ,,,,,,
Grand Total,,,"4,657","4,401",21,750
,,,,,,
Petitions by State6,,,,,,
ALABAMA,6307,MORRIS & MORRIS FARMS, 1 , 1 ,,
,6310,JAMES MARTIN FARMS LLC, 1 , 1 ,,
,7211,ALLEE & ALLEN FARMS LLC, 1 , 1 ,,
ALABAMA Total,,, 3 , 3 ,,
ALASKA,9200,MOSESIAN FARMS OF ALASKA INC, 3 , 3 , 1 ,
ALASKA Total,,, 3 , 3 , 1 ,
ARIZONA,4734,AG INSTALLER INC, 1 ,, 1 ,
,,AG INSTALLERS INC, 5 , 8 ,, 1 
,4743,AG INSTALLERS INC,, 1 ,,
,5105,SERVICIOS AGRICOLAS MEX INC, 2 ,,, 2 
,8602,THE GROWERS CO INC, 1 , 1 ,,
,8603,CENTRAL ARIZONA FARMING INC, 1 , 1 ,,
,,CENTRAL AZ FARMING INC, 1 , 1 ,,
,8606,TAYLOR S HERB GARDENS OF ARIZONA I, 1 , 1 ,,
,8607,AUZA RANCHES LLC, 1 , 1 ,,
,8609,SALZMAN FARMS, 1 , 1 ,,
ARIZONA Total,,, 14 , 15 , 1 , 3 
ARKANSAS,2068,PATTSVILLE FARMS INC, 1 , 1 ,,
,4367,SOUTHERN WHEEL & IRON WORKS ALP, 1 , 1 ,,
,4384,HILLSTOP SOD & LANDSCAPING LLC, 1 , 1 ,,
,,HILLTOP SOD & LANDSCAPING LLC, 1 ,,, 1 
,2009,SANDAGE FARMS, 1 , 1 ,,
,2021,CALEB JONES FARMS, 1 , 1 ,,
,2021,SSR FARMS, 1 ,,, 1 
,2024,STRACENER FARMING CO,,,, 1 
,2035,FIVE OAKS WILDLIFE SVCS LLC, 1 , 1 ,,
,2041,LOWRY FARMS INC,,,, 1 
,2081,DOUBLE H AGRI LLC, 1 , 1 ,,
,2239,TLH FARMS, 1 , 1 ,,
,2617,FLORENDEN FARMS, 1 , 1 ,,
,2618,ADAM CHAPPELL FARMS, 1 , 1 ,,
,2627,FARM H2A LLC, 1 ,,, 1 
,2635,CIRCLE P FARMS, 1 , 1 ,,
,2641,TOWNLEY TOMATO FARM WATT FARMS & R,, 1 ,,
,2644,MULBERRY PLANTING CO, 1 , 1 ,,
,2644,MID SOUTH FARMING CO, 1 , 1 ,,
,2645,DAVID & LALAIN WILKISON FARMS PART, 1 , 1 ,,
,2648,3M PLANTING CO, 1 , 1 ,,
,2708,DELTA VALLEY FARMS LLC, 1 , 1 ,,
,2712,CLANTON FARMS LLC, 1 , 1 ,,
,2717,REED STOREY FARMS,, 1 ,,
,2721,S&K FARMS PARTNERSHIP, 1 , 1 ,,
,2721,HERRERA FARMING CO, 1 , 1 ,,
,2721,CHRIS & TASHA WARREN FARMS, 1 , 1 ,,
,3000,DIVERSIFIED SVCS LAWN AND GARDEN C, 1 , 1 ,,
,3001,F & F COMPANIES, 1 , 1 ,,
,3310,T AND M FARMS, 1 , 1 ,,
,4120,COFFEE CREEK FARMS, 1 , 1 ,,
,4516,BIG SLASH LLC, 1 , 1 ,,
,4537,ROB AND COURT FARMS, 1 , 1 ,,
,4605,MEDFORD & SONS, 1 , 1 ,,
,4608,RAMOS FARM, 1 , 1 ,,
,4615,BRICKEYS GRAIN CO, 1 , 1 ,,
,4616,PETTER PLANTING LLC, 1 ,,, 1 
,4626,JUSTIN MENCER FARMS, 1 , 1 ,,
,4632,GERRY HARRIS FARM INC, 1 ,,,
,4725,WHITETAIL FARMS, 1 , 1 ,,
,4737,TMG AG LLC, 1 , 1 ,,
,5223,CARDEN FARMS LLC, 1 , 1 ,,
,7104,HARRY SAUL MINNOW FARM INC, 1 , 1 ,,
,7104,WINROCK FARMS INC, 1 , 1 ,,
,7104,ELDON REED FARMS INC, 1 , 1 ,,
,7104,A & A FARMS, 1 , 1 ,,
,7104,E & E FARMS INC, 1 , 1 ,,
,7104,DOUBLE D FARMS, 1 , 1 ,,
,7104,JIMEL FARMS INC, 1 , 1 ,,
,7105,LARRY MCCLENDON FARMS,,,, 1 
,7105,MADDING ASSN, 1 , 1 ,,
,7105,STOREY FARMS INC, 1 , 1 ,,
,7105,I F ANDERSON FARMS INC, 1 , 1 ,,
,7105,JOHN P BAIONI FARMS, 1 , 1 ,,
,7105,FOGLEMAN FARMS, 1 , 1 ,,
,7106,M & D FARMS,, 1 ,,
,7106,JERRY FULLER FARMS, 1 , 1 ,,
,7106,TERRY R FULLER, 1 , 1 ,,
,7106,KING FARM PARTNERSHIP, 1 , 1 ,,
,7106,DUNNAHOE FARMS, 1 , 1 ,,
,7106,FARM CAT INC, 1 , 1 ,,
,7106,STEPHEN & BRENT DAVIS FARM, 1 , 1 ,,
,7106,BARNHILL ORCHARDS, 1 , 1 ,,
,7106,EUSEPPI FARMING CO, 1 , 1 ,,
,7106,GAIRHAN FARMS INC, 1 , 1 ,,
,7106,ROUND POND FARM, 1 , 1 ,,
,7106,GILL BROTHERS FARMS, 1 , 1 ,,
,7106,POOL FISHERIES INC, 1 , 1 ,,
,7106,PENN BROTHERS PTR LANDLEVELING, 1 , 1 ,,
,7106,BRAD HARROD FARMS, 1 , 1 ,,
,7106,DAREN FOWLER FARMS, 1 , 1 ,,
,7107,RIVER VALLEY HORT PRODUCTS INC, 1 , 1 ,,
,7107,LAKE VILLAGE SEED AND TIRE CO INC, 1 , 1 ,,
,7107,CASTONS BLUEBERRIES, 1 , 1 ,,
,7107,BRANTLEY FARMING COMPANY, 1 , 1 ,,
,7107,LESLIE T BROWN FARMS, 1 , 1 ,,
,7107,KODIAK FARMING CO INC, 1 , 1 ,,
,7107,P & E PARTNERS,,,, 1 
,7107,STEPHENS PARTNERSHIP, 1 , 1 ,,
,7107,GEORGETOWN CORP,, 1 ,,
,7107,THREE E FARMS,,,, 1 
,7107,G AND L SKINNER FARMS, 1 , 1 ,,
,7107,GODWIN FARMS PARTNERSHIP, 1 , 1 ,,
,7107,OXNER AG PARTNERSHIP, 1 , 1 ,,
,7108,ALEX PIERONI FARMS, 1 , 1 ,,
,7108,JOHNSVILLE FARMS LLC, 1 , 1 ,,
,7108,FREELAND FARMS PARTNERSHIP, 2 , 1 ,, 1 
,7108,HARROD & HENSLEY LLC, 1 ,,, 1 
,,HARROD AND HENSLEY TOMATO LLC,, 1 ,,
,7108,HARRELL FARMS, 1 , 1 ,,
,7108,TWO RIVERS NURSERY, 1 , 1 ,,
,7108,STAN SWEENEY LLC, 1 , 1 ,,
,7108,RAYMOND L AND LOUISE G PIERONI FAR, 1 , 1 ,,
,7160,PACCO IRRIGATION & FARM SUPPLY CO, 1 , 1 ,,
,7160,TINSLEY FARMS PARTNERSHIP, 1 , 1 ,,
,7215,LANNY BOSNICK AND SONS PARTNERSHIP, 1 , 1 ,,
,8005,BRIAN STONER FARMS, 1 , 1 ,,
,8105,OMNI OMEGA PLANTING CO,, 1 ,,
,8115,NTB FARMS PARTNERSHIP, 1 , 1 ,,
,8116,HOLLAND BOTTOM FARM LLC, 1 , 1 ,,
,8118,CHARLES MENCER FARMS, 1 , 1 ,,
,8149,S E RICE CO, 1 , 1 ,,
,8150,BENSON CREEK PRODUCE LLC, 2 , 2 ,,
,8304,RICE AG SVC INC, 1 , 1 ,,
,8416,ANDERSON FARMS, 1 , 1 ,,
,9007,GARY LYNN GRICE DBA LYNN GRICE FAR, 1 , 1 ,,
,(blank),JAMES HARTLEY FARMS, 1 , 1 ,,
ARKANSAS Total,,, 98 , 97 ,, 11 
CALIFORNIA,1418,DUTTON RANCH CORP, 1 , 1 ,,
,2044,GLEZ FARMS, 1 , 1 ,,
,2088,SAVINO FARM INC, 1 , 1 ,,
,,SAVINO FARMS INC,,,, 1 
,2620,JMC FARMING INC, 1 ,,, 1 
,2627,PACIFICA PERSONNEL INC, 6 , 5 ,, 1 
,,PACIFICA PERSONNNEL INC, 1 , 1 ,,
,2637,FLOWERS VINEYARD & WINERY, 1 , 1 ,,
,2646,LA FUENTE FARMING INC, 1 , 1 ,,
,3003,MARTINELLI VINEYARD MGMT INC, 1 , 1 ,,
,3006,RODRIGUEZ FARMS INC, 1 , 1 ,,
,3300,CF FARMING INC, 1 , 1 ,,
,3301,MOUNTAIN AVENUE BEES DBA WOLF CREE, 1 , 1 ,,
,3308,STEHLY ENTERPRISES INC, 1 , 1 ,,
,4320,BOWLAND VINEYARD MGMT INC, 1 , 1 ,,
,4515,CORONA VINEYARD MGMT, 1 , 1 ,,
,4522,BROTHERS BEST PRODUCE, 2 , 2 ,,
,4536,WEST COAST TOMATO GROWERS INC, 1 , 1 ,,
,,WEST COAST TOMATO GROWERS LLC,,,, 1 
,4540,SARC INC, 1 , 1 ,,
,4546,ROBLEDO & SONS LLC, 1 , 1 ,,
,4546,MESA VIEW PRODUCE INC, 1 , 1 ,,
,4615,RANCHO NUEVO HARVESTING INC, 5 , 5 ,,
,4619,TIRADO VINEYARDS, 1 ,,, 1 
,4645,JP HONEY FARMS INC, 1 ,,, 1 
,4657,RODRIGUEZ BROS RANCH LLC, 1 , 1 ,,
,4713,COASTAL FARM LABOR SVCS INC, 1 , 2 ,,
,4719,YB FARMING INC, 1 , 1 ,,
,4721,UHB LLC UNITED HONEYBEES, 1 , 1 ,,
,5223,ROLAND S MONTEMAYOR, 1 , 1 ,,
,5508,UNITED HONEYBEES INC,,,, 1 
,5625,ZION HARVEST INC, 1 , 1 ,,
,6801,HUMBERTO CASTANEDA PRODUCE, 1 ,,, 1 
,6801,HIRSCH VINEYARDS LLC, 1 , 1 ,,
,6802,PINE RIDGE WINERY LLC, 1 , 1 ,,
,6803,SIERRA CASCADE NURSERY INC, 2 , 2 ,,
,6804,RICK ARROWSMITH, 1 , 2 ,,
,7108,BIG F CO INC, 1 , 1 ,,
,7701,IXTAPA FARMING, 1 ,,, 1 
,7701,LA CUESTA FARMS INC, 1 , 1 ,,
,7701,CARDENAS BROS FARMING CO INC, 1 , 1 ,,
,7701,VALLEY PRIDE INC, 1 , 1 ,,
,7701,MANUEL PEREZ FARMING, 1 , 1 ,,
,7702,A OSEGUERA CO INC, 1 , 1 , 1 , 1 
,7703,FOOTHILL PACKING INC, 3 , 3 ,,
,,FOOTHILLL PACKING INC, 1 , 1 ,,
,7704,RANCHO DEL MAR INC, 1 , 1 ,,
,7704,JR CUSTOM HARVESTING CO INC, 1 , 1 ,, 1 
,7705,SANTILLAN FARMS, 1 , 1 ,,
,7705,ELKHORN PACKING CO LLC, 8 , 8 ,, 1 
,7705,FOUR WINDS FARM LLC,,,, 1 
,8107,4 SEASONS HARVESTING INC,, 1 ,,
,8107,NEW HOPE HARVESTING INC, 1 , 1 ,,
,8109,MCF4 SOLUTIONS LLC,, 1 ,,
,8607,FRESH HARVEST INC, 13 , 14 ,, 1 
,9120,HIGUERA FARMS INC, 1 , 1 ,,
,9424,FERRARI FARMS INC, 1 , 1 ,,
,9431,D & J PACKING LLC,, 1 ,,
,9532,V 6 RANCH,,,, 1 
,9536,L JOHNSON EQUIPMENT RENTALS,,,, 1 
,9537,AFTERMARKET INSURANCE MARKETING IN,,,, 1 
,9546,GLOBAL HORIZONS INC,,,, 1 
,(blank),MR MODESTO DOMINGUEZ RANCH,,,, 1 
,,WESTERN RANGE ASSO,,,, 1 
,,WESTERN RANGE ASSOCIATION,,,, 3 
,,(blank),,,, 2 
CALIFORNIA Total,,, 83 , 83 , 1 , 25 
COLORADO,1093,PALISADE PRODUCE, 1 , 1 ,,
,4376,CROP PRODUCTION SVCS INC, 1 ,,,
,1617,COLORADO VINEYARD SPECIALISTS LLC, 1 , 1 ,,
,2004,CARLOS & ERNESTINE GALICIA FARMS, 1 , 1 ,,
,2008,SOUTHERN CROSS RANCHES, 1 , 1 ,,
,2009,ELY RANCH, 1 , 1 ,,
,2026,MORIAH RANCH, 1 , 1 ,,
,2042,MARVINE RANCH LLC, 1 , 1 ,,
,2084,MILBERGER FARMS LLC, 1 , 1 ,,
,2629,ROSSI DAIRY PRODUCE LLC, 1 , 1 ,,
,2637,LAZY 3X CATTLE LLC, 2 , 3 ,,
,2638,GRIZZLY LAND LLC, 1 , 1 ,,
,2638,LEISTIKOW FARMS LLC, 1 , 1 ,,
,2641,SOUTHERN CROSS RANCHES, 3 , 3 ,,
,2700,KORBY SOD LLC, 1 , 1 ,,
,2715,G 5 RANCH, 1 , 1 ,,
,2716,STEELE LIVESTOCK, 1 , 1 ,,
,2717,LK RANCH LIVESTOCK LLC, 1 , 1 ,,
,2720,WHITE RIVER RANCH,, 1 ,,
,2721,AURORA ORGANIC FARMS INC, 3 , 3 ,,
,2723,CYCLONE RANCH LLC, 1 , 1 ,,
,2733,CATHEDRAL CREEK RANCH LLC, 1 , 1 ,,
,2741,DIONISIO PRODUCE AND FARMS LLC, 1 , 1 ,,
,2748,BLACK CAT FARM LLC, 1 , 1 ,,
,3115,DEAN MANTLE RANCH, 1 , 1 ,,
,3203,L&M FARMS OF COLORADO LLC, 1 ,,, 1 
,3308,STULL RANCHES LLC, 1 , 1 ,,
,3525,4M RANCH LLC, 1 , 1 ,,
,4524,ROCKIN Y LAND & LIVESTOCK LLC, 1 , 1 ,,
,4541,WAYNE POLLARD LIVESTOCK INC, 1 , 1 ,,
,4541,VANWINKLE RANCH LLC, 1 , 1 ,,
,4542,KRUCKENBERG CONSULTING LLC,, 1 ,,
,4623,FARRELL LIVESTOCK, 1 , 1 ,,
,4629,VIC MAURO PRODUCE LLC, 1 , 1 ,,
,4650,SCHLEGEL CATTLE CO LLC, 1 , 1 ,,
,4653,MARIA MITCHEK FARMS, 1 ,,, 1 
,4719,ROONEYS ROUND MOUNTAIN RANCH, 1 , 1 ,,
,4720,FULLER ORCHARDS LLC, 1 , 1 ,,
,4731,AUGUST GEORGE NICOLAS, 1 , 1 ,,
,4755,SOWELL ORCHARDS FRUIT AND SALES, 1 , 1 ,, 1 
,5243,GILMAR RANCH,,,, 1 
,7215,HARVESTIME ENTERPRISES INC, 1 , 1 ,,
,7524,STATELINE CROP CONSULTANTS INC, 1 , 1 ,,
,7607,LA TIERRA DE ESMERALDA INC, 1 , 1 ,,
,8007,LAZY 3X SHEEP CO LLC, 3 , 5 ,,
,8111,GREENBANK HARVESTING LLC, 1 ,,,
,8147,MEADOWS @ MILL CREEK, 1 , 1 ,,
,8205,MILE HIGH RANCH, 1 , 1 ,,
,8404,OLDLAND BROTHERS INC, 1 , 1 ,,
,8405,SLASH EV RANCH,, 1 ,,
,8405,CULBREATH RANCH, 1 , 2 ,,
,8405,DAVID SMITH RANCH, 1 , 1 ,,
,8406,5 STAR INC,,,, 1 
,8406,FOCUS RANCH, 1 , 1 ,,
,8406,55 FARMS INC,,,, 1 
,8406,PALIZZI & SONS INC D/B/A PALIZZI F, 1 , 1 ,,
,8406,UPPER COLORADO ENVIRONMENTAL PLAN, 1 , 1 ,,
,8407,WINSLETT RANCH, 1 , 1 ,,
,8407,GARY JOHNSTON APIARIES INC, 1 , 1 ,,
,8408,MERTENS BROS INC, 1 ,,, 1 
,8408,EXCOPORATION RANCH, 2 , 2 ,,
,8410,ENCHANTED MESA PROPERTIES INC, 2 , 2 ,,
,8411,HALANDRAS RANCH, 1 , 1 ,,
,8411,CLARK FAMILY ORCHARDS INC, 1 , 1 ,,
,8412,NIESBROS FARMS INC, 1 ,,, 1 
,8412,MESA VIEW ORCHARD INC, 1 ,,, 1 
,8413,GRAFF S TURF FARMS INC, 1 , 1 ,,
,8413,EAGLE CREST NURSERY INC, 1 , 1 ,,
,8414,MAX L NOLAND FAMILY LTD PARTNERSHI, 1 , 1 ,,
,8414,WELDER RANCH, 1 , 1 ,,
,8414,SNYDER RANCHES LLC, 1 , 1 ,,
,8415,BRUCHEZ & SONS LLC, 1 , 1 ,,
,8415,BUFFALO CREEK LAND & CATTLE LLC, 1 , 1 ,,
,8415,OLSON CUSTOM HAYING LLC, 1 , 1 ,,
,8415,MOUNTAIN FRESH LLC, 1 , 1 ,,
,8415,TURNBULL LAND & LIVESTOCK, 1 , 1 ,,
,8415,PAT HUGHES RANCH,,,, 1 
,8416,CURTIS CHERRY RANCH, 1 , 1 ,, 2 
,8461,HARRY KOURLIS RANCH, 3 , 3 ,, 1 
COLORADO Total,,, 83 , 83 ,, 13 
DELAWARE,5102,FOREST VIEW NURSERY, 1 ,,, 1 
,5102,DEVILBISS LANDSCAPE ARCHITECTS INC, 1 , 1 ,,
,8304,CANAM HARVESTING LLC,,,, 1 
DELAWARE Total,,, 2 , 1 ,, 2 
DISTRICT OF COLUMBIA,2041,LOWRY FARMS IC,,,, 1 
DISTRICT OF COLUMBIA Total,,,,,, 1 
FLORIDA,2039,J SANCHEZ CONTRACTORS INC, 4 , 4 ,,
,2053,OVERLOOK HARVESTING CO LLC, 2 , 2 ,,
,,OVERLOOK HARVESTING COMPANY LLC, 3 , 2 ,, 1 
,2054,ALTA CITRUS LLC, 1 , 2 ,,
,2058,PALOMA HARVESTING,,,, 1 
,,PALOMA HARVESTING INC,,,, 1 
,2086,DOUBLE J HARVESTING, 1 , 1 ,,
,2605,KING RANCH TURFGRASS L P, 2 , 2 ,,
,2618,S DERRINGER HARVESTING INC, 1 , 1 ,,
,2622,DELEON AGRICULTURAL SVC LLC, 2 , 2 ,, 1 
,2631,BADILLO BROTHERS INC, 2 , 2 ,,
,2644,P & L HARVESTING LLC,, 1 ,,
,2646,(blank),,,, 1 
,2701,VCH MGMT INC, 1 , 1 ,,
,2702,RJ HARVESTING INC, 1 , 1 ,,
,2702,SM HERNANDEZ AND SONS INC, 1 ,,, 1 
,2722,OLVERA TRUCKING CORP, 1 , 1 ,,
,2725,LOS VILLATOROS HARVESTING LLC, 1 ,,, 1 
,2726,BAILEY FARMS SOUTH LLC, 1 , 1 ,,
,3004,JESTER BEE CO, 1 , 1 ,,
,3007,CYPRESS CREEK FARMS LLC, 1 , 1 ,,
,3200,ST JOE VALLEY APIARIES, 1 ,,, 1 
,3202,JAMESU FARM LABOR LLC,,,, 1 
,3412,GILLMOR FARMS INC, 1 , 1 ,,
,3714,RUIZ HARVESTING INC, 1 , 1 ,,
,4525,ENCINO HARVESTING LLC, 1 , 1 ,,
,4527,SEBRING CITRUS INC, 2 , 1 ,, 1 
,4529,ABBOTT HARVESTING LLC, 1 , 1 ,,
,4543,VASQUEZ CITRUS & HAULING INC, 3 , 2 ,, 1 
,4545,SPIVEY FARMS INC, 1 , 1 ,,
,4547,D&J AND SON S HARVESTING INC, 2 , 3 ,,
,4552,TM HARVESTING INC, 1 , 1 ,,
,4607,CITRUS HARVESTING INC, 1 , 1 ,,
,4613,EB HARVESTING LLC, 1 , 1 ,,
,4616,RH HARVESTING LLC, 1 , 1 ,,
,4641,SUN CITRUS HARVESTING INC, 1 , 1 ,,
,4642,HAPPY HARVEST LLC, 2 , 1 ,, 1 
,4646,M K HARVESTING INC, 2 , 2 ,, 1 
,4647,JBJ ENTERPRISES LLC, 1 , 1 ,,
,4647,TRIPLE S HARVESTING LLC, 1 , 1 ,,
,4651,J HERNANDEZ HARVESTING INC, 1 , 1 ,,
,4651,GUTIERREZ HARVESTING LLC, 1 , 1 ,,
,4656,A & M LABOR MGMT INC, 1 ,,, 1 
,4710,RED HARVESTING INC, 2 , 2 ,,
,4723,RAINBROOK FARMS LLC, 1 ,,, 1 
,4723,EAGLE MEX ENTERPRISES LLC, 1 , 1 ,,
,4727,PEQUENO HARVESTING LLC, 2 ,,, 2 
,4734,SUNSTATE HARVESTERS INC,, 2 ,,
,,SUNSTATE HARVESTING INC, 1 , 1 ,,
,4739,USA SPECIALTY SVCS CORP, 1 ,,, 1 
,4751,DEL SUR HARVESTING LLC, 1 , 1 ,,
,4756,RODRIGO GUTIERREZ TAPIA DBA 5 G HA, 1 , 1 ,, 1 
,5606,(blank),,,, 1 
,5906,FARM OP INC, 1 , 1 ,,
,,KUZZEN S INC, 1 ,,, 1 
,5906,MELON PRINCE 1 LLC, 1 , 1 ,,
,5907,KUZZEN S INC, 5 , 4 ,, 1 
,5910,DEWAR NURSERIES INC, 1 , 1 ,,
,5912,B & W QUALITY GROWERS INC, 7 , 5 ,, 2 
,5912,DUNSON HARVESTING INC, 1 ,,, 1 
,,LESTER DONLEY & SONS HARVESTING IN, 1 , 1 ,,
,5917,HYATT FARMS,,,, 1 
,5921,D & K HARVESTING INC, 1 , 1 ,,
,5930,(blank),, 1 ,,
,5931,JOSE M GRACIA HARVESTING INC, 1 , 1 ,,
,5931,EVERGLADES HARVESTING & HAULING IN, 1 , 1 ,,
,,EVERGLADES HARVESTING AND HAULING, 3 , 3 ,, 1 
,5935,FLORIDA PACIFIC FARMS L L C,,,, 1 
,5936,STATEWIDE HARVESTING & HAULING INC, 2 , 2 ,,
,5936,FIDEL BARAJAS D / B / A F&B HARVES, 1 ,,, 1 
,6116,R & R HARVESTING INC,,, 1 ,
,,R&R HARVESTING INC, 3 , 2 ,, 1 
,6503,JUAN MALDONADO, 1 , 1 ,,
,6504,BENJAMIN RAMIREZ HARVESTING INC, 1 , 1 ,,
,6505,HB HARVESTING INC, 1 , 1 ,,
,6505,BECERRA ENTERPRISES INC, 1 , 1 ,,
,6505,G M HARVESTING INC, 1 , 1 ,,
,6506,D/B/A FRANCO MEDINA HARVESTING, 1 , 1 ,,
,6508,FC OF ARCADIA INC, 3 , 2 ,, 1 
,6509,JFT HARVESTING INC, 3 , 3 ,,
,,JFT HAVESTING INC, 1 , 1 ,,
,6509,PAUL INC D/B/A CAR TWO, 1 , 1 ,,
,8106,HACIENDA FARMS INC, 1 ,,, 1 
,8107,J RIVERA HARVESTING INC, 1 , 1 ,,
,8109,NAVARRO HARVESTING INC, 1 , 1 ,,
,8116,EUFEMIO AVILA HARVESTING, 1 , 1 ,,
,8126,A SOTO SOUTHERN AG INC, 1 ,,, 1 
,8136,AA HUAPILLA PRODUCE LLC, 2 , 2 ,,
,(blank),BAUTISTA FARMS TRUCKING LLC, 2 , 2 ,,
,,DUNSON HARVESTING INC, 1 , 1 ,,
,,PALOMA HARVESTING,,,, 1 
FLORIDA Total,,, 117 , 101 , 1 , 34 
GEORGIA,1418,JIL FARMS LLC & KENNY PRICE FARMIN, 1 , 1 ,,
,2007,CADRON CREST ORCHARD, 1 , 1 ,,
,2008,BUENAVISTA LAND SVCS LLC, 1 , 1 ,,
,2013,GUILLOT FARMS INC, 1 , 1 ,,
,2016,ONION PATCH HARVESTING INC,,,, 1 
,2020,YODER FARM PARTNERSHIP, 1 , 1 ,,
,2029,JWM FARMS LLC, 1 , 1 ,,
,2032,CRAMER S INC, 1 , 1 ,,
,2037,SELECT TREES ENTERPRISES INC, 2 , 2 ,,
,2040,BAYOU MASON PLANTING CO, 1 , 1 ,,
,2042,MIKE MONCRIEF LLC,,,, 1 
,2043,SAMSON PARTNERSHIP AND TRINITY FAR, 1 , 1 ,,
,2046,BEAUD FARMS, 1 , 1 ,,
,2050,THE PINE STRAW MAN, 1 , 1 ,,
,2052,SNOW S BEND FARM INC, 1 , 1 ,,
,2052,SAXON BECNEL & SONS OF TEXAS, 1 , 1 ,,
,2055,ANGELINA AG CO LLC AND ANGELINA GR, 1 , 1 ,,
,2080,CLAYTON HURDLE FARMS LLC AND BRADY, 1 , 1 ,,
,2081,SPRING HILL PRODUCE LLC,, 1 ,,
,2082,TREJO BROS PRODUCE LLC, 2 , 2 ,,
,2085,OAK RIDGE AGRI INC, 1 , 1 ,,
,2220,BALD EAGLE FARMS, 1 , 1 ,,
,2223,LUCAS GREENHOUSES, 1 , 1 ,,
,2236,CASSADAY FARMS LLC, 1 , 1 ,,
,2237,F & R GRASSO LLC, 1 , 1 ,,
,2601,EVANS FARMS G P, 1 , 1 ,,
,2608,DOMINGUES FARMS, 1 , 1 ,,
,2611,GRACE E AGUIRRE GONZALEZ, 1 , 1 ,,
,,(blank), 1 , 1 ,,
,2615,H & W FARMS LLC, 1 , 1 ,,
,2616,PEARSON FARM, 1 , 1 ,,
,2617,BONNIE PLANTS INC, 14 , 15 ,, 1 
,2619,MASON PECANS, 1 , 1 ,,
,2623,CITY PINESTRAW AND HARVESTING LLC, 1 ,,, 1 
,2629,ORNELAS HARVESTING INC, 2 , 2 ,,
,2634,ST ISIDORE PLANTERS AND SUNNYSIDE, 1 , 1 ,,
,2639,PEMBLE FARMS PARTNERSHIP II, 1 , 1 ,,
,2640,KMX AGRICULTURE, 1 , 1 ,,
,2644,MARJE FARMS AND EIFLING FARMS GEN, 1 , 1 ,,
,2645,S & L FINCH FARMS, 1 , 1 ,,
,2702,BAYOU BARRE FARMS LLC, 1 , 1 ,,
,2710,BEIZA BROTHERS HARVESTING LLC, 1 , 1 ,,
,2714,COURSON FAMILY FARMS LLC, 2 , 2 ,,
,2714,TYCOR FARMS LLC, 1 , 1 ,,
,2714,DUPREE FARMS LLC, 1 , 1 ,,
,2716,JHC FARMS,, 1 ,,
,2717,EVERGREEN HARVESTING LLC, 1 , 1 ,,
,2717,HOYT ALTMAN BLUEBERRY FARM LLC, 1 , 1 ,,
,2742,BCRS INVESTMENTS LLC, 2 , 1 ,, 1 
,2743,BG WILLIAMS FARMS LLC, 2 , 3 ,,
,2746,GUSTAVO CARREON, 1 , 1 ,,
,3201,(blank), 1 , 1 ,,
,3201,BEAVER FARMS, 1 , 1 ,,
,3523,FITZGERALD FRUIT FARMS LLC, 1 , 1 ,,
,3647,SHILOH BERRY FARMS INC, 1 , 1 ,,
,4530,R E HENDRIX FARMS INC, 2 , 2 ,,
,4542,PERO TENNESSEE FARMS LLC, 1 ,,, 1 
,4543,BOOZER FARMS, 1 , 1 ,,
,4544,ZRH FARMS LLC, 1 , 1 ,,
,4549,ROCKINGHAM BERRY FARMS, 1 , 1 ,,
,4552,LUIS MARTINEZ, 1 ,,, 1 
,,REYNALDO GONZALEZ,,,, 1 
,,(blank), 1 , 1 ,,
,4604,ROYAL C FARMS LLC, 2 , 2 ,,
,4605,BLAND FARMS PRODUCTION AND PACKING, 2 , 2 ,,
,4610,MORRIS FARMS PARTNERSHIP LLC, 1 , 1 ,,
,4613,HAYDAY FARM PARTNERSHIP, 1 , 1 ,,
,4615,RODRIGUEZ HARVESTING LLC, 3 , 3 ,,
,4617,MEJIA PRODUCE LLC, 1 , 2 ,,
,4619,SALGADO HARVESTING LLC, 2 , 2 ,,
,4620,(blank), 1 , 1 ,,
,4627,NORTON CREEK FARMS INC, 1 , 1 ,,
,4630,TEMP LABOR LLC, 1 ,,, 1 
,4630,JAVIER GUERRERO, 2 , 2 ,,
,4639,SERAFICO JAIMES, 2 , 2 ,,
,4641,MOUNTAIN VIEW ORCHARDS, 1 , 1 ,,
,4645,AG LABOR LLC, 2 , 1 ,, 1 
,4649,MASSEY PRODUCE FARM LLC, 1 , 1 ,,
,4651,J & R BAKER PRODUCE INC, 1 ,,, 1 
,4717,(blank), 1 , 1 ,,
,4718,G & H HARVESTING INC, 1 , 1 ,,
,4726,MIGUEL PEREZ,,,, 1 
,4726,GM INTL CONSULTANTS LLC, 1 , 1 ,,
,4726,EVELYN MARTINEZ, 1 , 1 ,,
,4733,ELGIDIO JACOBO GONZALEZ, 1 , 1 ,,
,4735,J & J HARVESTING LLC, 1 , 1 ,,
,4745,LANE SOUTHERN ORCHARDS, 2 , 1 ,, 1 
,4829,"G&R TURNER FARMS, LLC", 1 , 1 ,,
,5613,BUDS & BLOOMS NURSERY INC, 1 , 1 ,,
,5619,CAM TOO CAMELLIA NURSERY INC, 1 , 1 ,,
,5619,LATHAM S NURSERY INC, 1 ,,, 1 
,5620,EMILIA ALVAREZ, 1 ,,, 1 
,5805,THE ROCK RANCH, 1 , 1 ,,
,5809,MC CORKLE NURSERIES INC, 1 , 1 ,,
,,MCCORKLE NURSERIES INC,, 1 ,,
,5811,G & R FARMS, 1 , 1 ,,
,5811,MOORES SEED & GRAIN FARMS INC,,,, 1 
,5814,JAEMOR FARM MARKET INC, 1 , 1 ,,
,5814,MCLAIN FARMS INC, 1 , 1 ,,
,5816,BOOTH FARMS,,,, 1 
,5818,GREBEL PECAN SVCS INC, 1 , 1 ,,
,5818,HEAGAN FARMS, 2 , 1 ,, 1 
,5819,DICKEY FARMS INC, 1 , 1 ,,
,5819,GREGORIO TLACUATL, 1 , 1 ,,
,5820,NEMORIO RESENDIZ, 1 , 1 ,,
,5822,HAMILTON GROWERS INC, 3 , 2 ,, 1 
,5822,PICK OF THE SOUTH, 1 , 1 ,,
,5822,CASTRO HARVESTING, 3 , 3 ,,
,5822,WADE FARMS INC, 1 , 1 ,,
,5822,LG HERNDON JR FARMS INC, 2 , 2 ,,
,5822,GRANADOS HARVESTING, 1 , 1 ,,
,5822,TRANSPLANT NURSERY INC, 1 , 1 ,,
,5822,TERRY & JOE BAKER FARMS LLC, 1 , 1 ,,
,5822,DRY BRANCH INC, 2 , 1 ,, 1 
,5825,(blank), 1 , 1 ,,
,6108,LIVE OAK GARDENS LTD, 1 , 1 ,,
,6117,COUNTRY PINES NURSERY,, 1 ,,
,6118,CAJUN CANE FARMS LLC, 1 , 1 ,,
,6216,W H DUNKLIN JR FARMS AND DOUBLE D, 1 , 1 ,,
,6300,TOM DODD NURSERIES INC, 1 , 1 ,,
,6308,JAMES E LIPSCOMB & SONS INC DBA RI, 1 , 1 ,,
,6309,JIMMY W DURBIN FARMS, 1 , 1 ,,
,6310,SHORE ACRES PLANT FARM INC, 1 , 1 ,,
,6310,DRISKELL COTTON FARMS AND BIG CRE, 1 , 1 ,,
,6311,BECK S TURF INC, 1 , 1 ,,
,6311,MULBERRY SOD FARM AND PATTERSON FA, 1 , 1 ,,
,6311,BURNETTE FARMS, 1 , 1 ,,
,6404,RAYNER PLANTING COMPANY, 1 , 1 ,,
,6408,GREENFOREST NURSERY INC,, 1 ,,
,6409,GULF SOUTH GROWERS ASSN,,,, 1 
,6409,TOPASHAW FARMS PARTNERSHIP, 2 , 1 ,, 1 
,6511,MCNEILL LABOR MGMT INC, 2 , 2 ,,
,7106,JACK B JACKSON & SONS PARTNERSHIP, 1 , 1 ,,
,7106,OXBOW FARMS INC AND PALSA FARMS JO, 1 , 1 ,,
,7106,APRIL MORNING PLANTING CO INC, 1 , 1 ,,
,7106,BULLOCK FARMS, 1 , 1 ,,
,7106,DE&K FARMS PARTNERSHIP, 1 , 1 ,,
,7106,LAKE HALL FARMS INC, 1 , 1 ,,
,7106,PAUL PACE FARMS AND L & D PRODUCE, 1 , 1 ,,
,7107,BAYOU METO FARM GROUP, 1 , 1 ,,
,7107,EUBANKS FARMS,,,, 1 
,7107,J P WALT & SONS INC, 1 , 1 ,,
,7107,GREGG DAY FARMS, 1 , 1 ,,
,7107,G & C FARM PARTNERSHIP, 1 , 1 ,,
,7107,RICH ALL FARMS INC, 1 , 1 ,,
,7108,TRIPLE M FARMS OF ASHLEY COUNTY LL, 1 , 2 ,,
,7108,MILES BROS FARMS AND SMILES FARMS, 1 , 1 ,,
,7108,HEARN BROTHERS FARM, 1 , 1 ,,
,7108,HILL SEED & ELEVATOR INC, 1 , 1 ,,
,7210,H E HARPER FARMS AND HARPER & SONS, 1 , 1 ,,
,7210,LIUZZA PRODUCE FARM INC, 1 , 1 ,,
,7211,RANDALL RIVERE FARMS INC, 1 , 1 ,,
,7211,GRAHAM FARMS, 2 , 2 ,,
,7211,B & A CANE INC, 1 , 1 ,,
,7212,TOWNSEND BROTHERS FARMS INC, 1 , 1 ,,
,7212,BOREL FARMS LLC, 1 , 1 ,,
,7212,ED LESTER FARMS, 2 , 2 ,,
,7212,PERINO S GARDEN CENTER INC, 1 , 1 ,,
,7213,CANNISNIA PLANTATION LLC AND DIAMO, 1 , 1 ,,
,7213,TRUE VINE NURSERY INC, 1 , 1 ,,
,7213,EUBANKS PRODUCE INC, 1 , 1 ,,
,7213,CHRISTMAS FLYING SVC,, 1 ,,
,7213,TED BROUSSARD FARMS INC, 1 , 1 ,,
,7214,POOLE BROS NURSERY, 1 , 1 ,,
,7214,BEN & BEN BECNEL INC, 1 , 1 ,,
,7214,K & T FARMS INC, 1 , 1 ,,
,7214,BIG D FARMS OF LULING LLC, 1 , 1 ,,
,7214,LINZAY FARMS, 1 , 1 ,,
,7214,G & L FARM PARTNERSHIP AND GNG FAR, 1 , 1 ,,
,7215,IRISH BEND PLANTING INC AND BREAUX, 1 , 1 ,,
,7215,MORGAN FARMS INC, 1 , 1 ,,
,7430,BAKER ENVIRONMENTAL NURSERY INC, 1 , 1 ,,
,8107,SELF FARMS PARTNERSHIP, 1 , 1 ,,
,8108,AGUILAR HARVESTING LLC,,,, 1 
,8111,LAURA GOMEZ, 1 , 1 ,,
,8112,ABCO FARM PARTNERSHIP, 1 , 1 ,,
,8113,MIDDLE GA HARVESTING LLC, 1 , 1 ,,
,8115,HACKBERRY FARMS PARTNERSHIP, 1 , 1 ,,
,8120,TREJO LABOR SVC LLC, 1 , 1 ,,
,8120,COHELMS, 1 , 1 ,,
,8129,DIXIE HARVESTING INC, 1 , 1 ,,
,8130,PATRICK FARMS FLORIDA LLC, 1 , 2 ,,
,8131,PDC FARMING LLC, 2 , 2 ,,
,8133,(blank), 1 , 1 ,,
,8133,SMANTHA DEEN,,,, 1 
,,(blank), 1 , 1 ,,
,8137,TAYLOR ORCHARDS, 1 , 1 ,,
,8139,SOUTHERN CROP HARVESTING LLC, 1 , 1 ,,
,8140,MORALES BLUEBERRY HARVESTING LLC, 1 , 1 ,,
,8140,ROJAS AND SIMON HARVESTING LLC, 1 , 1 ,,
,8141,EDWARD JAIMES, 1 , 1 ,,
,8142,ALBERTO & SONS LLC, 1 , 1 ,,
,8143,NATIVE FOREST NURSERY LLC, 1 ,,, 1 
,8143,PEDRO GUERRERO, 2 , 2 ,,
,8144,FATHER & SON HARVESTING LLC, 2 ,,, 2 
,8145,(blank), 1 , 1 ,,
,8145,(blank), 2 , 1 ,, 1 
,8146,UBALDO LOPEZ CHAVEZ, 1 , 1 ,,
,,(blank), 1 , 1 ,,
,8146,J S EDWARDS FARMS LLC, 1 , 1 ,,
,8147,DEJ FARMS LLC, 1 , 1 ,,
,8148,KARLA G DE LEON MARTINEZ, 1 , 1 ,,
,8149,SAMANTHA CASTRO, 1 , 1 ,,
,8149,VERONICA RUIZ, 1 , 1 ,,
,8149,SHEILA BECK, 1 , 1 ,,
,8149,PATRICK SPURLOCK, 1 , 1 ,,
,8149,SAMUEL MITCHELL III, 1 , 1 ,,
,8149,STACY TESTERMAN, 1 , 1 ,,
,8149,(blank), 1 , 1 ,,
,8149,ISMAEL TORRES GARCIA, 2 , 2 ,,
,8149,JEREMY CALVERT, 1 , 1 ,,
,8149,SATILLA HARVESTING LLC, 3 , 3 ,,
,8149,ALVARO CARREON JR, 1 ,,, 1 
,8149,DEREK HERNANDEZ, 1 , 1 ,,
,8149,CHRISTINA SPARKS, 1 , 1 ,,
,8149,MELISSA OPERHALL, 1 , 1 ,,
,9006,CKT PRODUCE LLC, 1 , 1 ,,
,9434,HALEY BELLE FARMS INC, 1 , 1 ,,
,(blank),GEORGIA CANTALOUPE CO INC,,,, 1 
GEORGIA Total,,, 249 , 241 ,, 31 
HAWAII,9903,WAIKELE FARMS INC, 1 , 1 ,,
HAWAII Total,,, 1 , 1 ,,
IDAHO,3058,MCCOY CATTLE LLC, 2 , 2 ,,
,5057,MITCH NEIBAUR FARMS LLC, 1 , 1 ,,
,5059,TITMUS FAMILY FARMS LLC, 2 , 2 ,,
,1342,C R U CATTLE INC, 1 , 1 ,,
,1342,HARPER FAMILY LLC, 1 , 1 ,,
,1418,WARD BROTHERS INC, 1 , 1 ,,
,1617,ARMITAGE FARMS, 1 , 1 ,,
,2001,GOTT FARMS, 1 , 1 ,,
,2002,PARK RANCH LLC, 1 , 2 ,,
,2003,DAVID PATRICK FARMING LLC, 1 , 1 ,,
,2005,ROBISON FARMS INC, 1 , 1 ,,
,2006,DALLAN JEPPESEN INC, 1 , 1 ,,
,2007,AVERY RANCH, 2 , 2 ,,
,2011,BEARD FARMS, 1 , 1 ,,
,2013,TIMM ADAMS FARMS INC, 2 , 2 ,,
,2014,ALLEN FARMS, 1 , 1 ,,
,2014,DOUBLE FORK LLC, 1 , 1 ,,
,2016,WAY A FARMS INC, 1 , 1 ,,
,2017,ROCK CREEK CATTLE CO LTD, 1 , 1 ,,
,2019,FLYING H FARMS PARTNERSHIP, 2 , 2 ,,
,2021,ROBERT J MEYERS FARMS INC, 2 , 2 ,,
,2021,SPUR CROSS RANCH LLC, 1 , 1 ,,
,2023,JEFFREY HAWLEY DBA HAWLEY LAND & L, 1 , 1 ,,
,2024,PETERSON FARMS INC, 1 , 1 ,,
,2025,YOUNG S RIVERFRONT RANCH LP, 1 , 1 ,,
,2027,DOUBLE G LLC, 1 , 1 ,,
,2028,BRANDON RUN GP, 1 , 1 ,,
,2030,BELL CROSS RANCH LLC, 2 , 2 ,,
,2030,(blank), 1 , 1 ,,
,2031,OAK VALLEY DAIRY LLC, 1 , 1 ,,
,2033,CLARK CANYON RANCH LLC, 1 , 1 ,,
,2035,GRIZZLY CRK RANCH DBA GRIZZLY CRK, 1 , 1 ,,
,2037,ERNIE S ORGANICS LLC, 1 , 1 ,,
,2039,J & V DAIRY LLC, 1 ,,, 1 
,2040,KRIS KELLEY KELLEY & SONS LLC, 1 , 1 ,,
,2040,D & N INC, 1 ,,, 1 
,2041,(blank), 1 , 1 ,,
,2042,ROUNDS FARMS, 1 , 1 ,,
,2042,LOVELL & COOK PARTNERSHIP DBA LOVE, 1 , 1 ,,
,2044,D YAM FARMS LLC, 1 , 1 ,,
,2044,WTR MARTIN FARMS PARTNERSHIP, 1 , 1 ,,
,2046,PRATT CREEK RANCH, 2 , 2 ,,
,2047,DELTA TRANSPORT LLC, 1 , 1 ,,
,2049,FERGUSON VALLEY FARMS LLC, 1 , 1 ,,
,2051,WHISKEY CREEK RANCH LLC, 1 , 1 ,,
,2080,KENNY ANDERSON INC, 1 , 1 ,,
,2081,ROCKY HOLLOW INC, 1 , 1 ,,
,2082,(blank), 1 , 1 ,,
,2083,ASTLE FARMS LLC, 1 , 1 ,,
,2084,CENTURY AG INC, 3 , 3 ,,
,2084,VISTA VALLEY AG INC, 1 , 1 ,,
,2086,BT CHRISTENSEN FARMS LLC, 1 , 1 ,,
,2089,BKS FARMS LLC, 1 , 1 ,,
,2600,V O ENTERPRISES, 1 , 1 ,,
,2608,HIGH ALPINE LLC, 1 , 1 ,,
,2611,DOUBLE H AG INC, 1 , 1 ,,
,2616,TUMA FARMS INC, 1 , 1 ,,
,2617,MYTTY ANGUS RANCH LLC, 1 , 1 ,,
,2617,DEAN SNARR & SON LLC, 1 , 1 ,,
,2617,BRANCH FARMS LLC, 1 , 1 ,,
,2619,D & B AG INC, 1 , 1 ,,
,2621,WINDING RIVER FARMS, 1 , 1 ,,
,2623,ROTH FARMS GEN PARTNERSHIP, 1 , 1 ,,
,2625,EDWARDS RANCH LLC, 1 , 1 ,,
,2627,THIEL PIONEER FARMS INC, 1 , 1 ,,
,2629,KRIS TAYLOR FARMS INC, 1 , 1 ,,
,2630,MADISON VALLEY GARDEN RANCH LLC, 1 , 1 ,,
,2634,BIG WOOD FARMS LLC, 1 , 1 ,,
,2635,DREYER FOOTHILL RANCH LLC, 1 , 1 ,,
,2639,4 ACE FARMS LLC, 1 , 1 ,,
,2639,DB REED FARM INC, 1 , 1 ,,
,2639,BEEM FARMS INC, 1 , 1 ,,
,2639,5 S FARMS INC, 1 ,,, 1 
,2642,RT LOVELL FARMS, 1 , 1 ,,
,2642,BROKEN CIRCLE RANCH, 1 , 1 ,,
,2644,DANCE FARMS LLC, 1 , 1 ,,
,2645,BEUTLER FARMS LLC, 1 , 1 ,,
,2646,JOCKO VALLEY CATTLE LLC, 1 , 1 ,,
,2701,STANDLEE AG RESOURCES, 1 , 1 ,,
,2704,R PRUYN RANCH LLC, 1 , 1 ,,
,2706,ASTORQUIA & ASTORQUIA LP DBA ASTOR, 1 , 1 ,,
,2713,WOERNER AGRI BUSINESS LLC, 1 , 1 ,,
,2715,AARON BALL FARMS INC, 1 , 1 ,,
,2716,ROBSON FARMING LLC, 1 ,,, 1 
,2717,RATZLAFF FARMS INC, 1 , 1 ,,
,2718,SOUTHSIDE FARMING LLC, 1 , 1 ,,
,2720,SMH CATTLE CO LLC, 1 , 1 ,,
,2722,AARON POVEY FARMS, 1 , 1 ,,
,2726,OREANA ENTERPRISES LLC, 1 , 1 ,,
,2729,SCHAEFFER FARMS GP, 1 , 1 ,,
,2731,EME CUSTOM FARMING LLC DBA AREA CU, 1 , 1 ,,
,2732,HULL FARMS INC, 1 , 1 ,,
,2734,G RANCHES INC, 1 , 1 ,,
,2738,SRI RANCH HOLDINGS DBA HAMILTON RA, 1 , 1 ,,
,2740,ENSZ FARMS PARTNERSHIP, 1 , 1 ,,
,2744,RYAN JOHNSON FARMS LLC, 1 , 1 ,,
,2744,DAVID TUK NEDROW NEDROW BROTHERS F, 2 , 1 ,, 1 
,2745,MATT NAIL FARMS LLC, 1 , 1 ,,
,2747,REYNOLDS BROTHERS LLP, 1 , 1 ,,
,2749,LEAVITT BROTHERS FARMS LLC, 1 , 1 ,,
,3002,KENDALL SEDER FARMING, 1 , 1 ,,
,3003,ERIC ORR DBA JECKO FUTURES / FARM, 1 , 1 ,,
,3004,(blank), 1 , 1 ,,
,3004,(blank), 1 , 1 ,,
,3200,(blank), 1 , 1 ,,
,3303,ALEXANDRE DAIRY, 1 , 1 ,,
,3305,M PARKINSON & CO INC, 1 ,,, 1 
,3523,(blank), 1 , 1 ,,
,3523,TRIPLE R FARMS LLC, 2 , 2 ,,
,3647,LE FARM, 1 , 1 ,,
,3647,D & K FARMS LLC, 1 , 1 ,,
,3836,EAGLE VALLEY RANCH LLC, 1 , 1 ,,
,4000,CHAD HOLDAWAY FARMS INC, 1 , 1 ,,
,4113,ARVID & LINDA EGGEN J BAR E RANCH, 1 , 1 ,,
,4118,BEAVERHEAD RANCH LLC, 1 , 1 ,,
,4120,DENNIS FRANSEN FARMS INC, 1 , 1 ,,
,4504,FOWERS INC, 1 , 1 ,,
,4506,RT KANDLER LLC, 2 , 2 ,,
,4531,MASON CATTLE CO LLC, 1 ,,,
,4538,CHOKECHERRY CATTLE CO INC, 1 , 1 ,,
,4540,BITTERSWEET FARMS LLC, 1 , 1 ,,
,4541,C C & P FARMS LLC, 1 , 1 ,,
,4541,BIRCH FARMS INC, 1 , 1 ,,
,4541,SUTHERLIN FARMS LLC, 1 , 1 ,,
,4544,SIAN LAND & LIVESTOCK INC, 1 , 1 ,,
,4547,STEPHEN BOREN DBA ARROW B RANCHES, 1 , 1 ,,
,4604,CSS POTATO FARMS LLC, 2 , 2 ,,
,4604,GEHRING AGRI BUSINESS, 1 , 1 ,,
,4611,RL BROWN FARMS LLC, 1 , 1 ,,
,4614,FAIRFIELD RANCHES INC, 1 , 1 ,,
,4615,D & K HALE FARMS LLC, 1 , 1 ,,
,4615,DIAMOND I INC, 1 , 1 ,,
,4616,JON WELLS FARMS INC, 1 , 1 ,,
,4618,TAYLOR & SONS FARMS INC, 1 , 1 ,,
,4621,KRAUS FARMS LLC, 1 , 1 ,,
,4624,JIM DIXON FARMS LLC, 1 , 1 ,,
,4625,NICHOLAS K WESTENDORF DBA 4L FARMS, 1 , 1 ,,
,4625,CALDWELL FARMS LLC DBA CALDWELL RA, 1 , 1 ,,
,4626,F3S PARTNERSHIP LLC,, 1 ,,
,4636,JOHN KLIMES DBA SNAKE RIVER POULTR, 1 , 1 ,,
,4641,SUNRISE ORGANIC DAIRY LLC, 1 , 1 ,,
,4644,DIXON LAND & CATTLE LLC, 1 ,,, 1 
,4644,CIRCLE P FARMS LLC, 1 , 1 ,,
,4645,DRY CREEK FARMS LLC, 1 , 1 ,,
,4645,RANDY UFFELMAN INC, 1 ,,, 1 
,4648,VALLEY PACIFIC FARMS LLC, 1 , 1 ,,
,4650,CL HANSEN FARMS INC, 1 , 1 ,,
,4653,ANDREW MARTIN FARMS LLC, 1 , 1 ,,
,4654,MARTINDALE AG CO LLC, 1 , 1 ,,
,4708,MARK BALL LLC, 1 , 1 ,,
,4709,VAN BEEK DAIRY, 1 , 1 ,,
,4709,R BAR N RANCH LLC, 1 , 1 ,,
,4711,LENZ FARMING LLC, 1 , 1 ,,
,4724,CHRISTENSEN FAMILY FARMS LLC, 1 , 1 ,,
,4724,DOUBLE EAGLE FARMS LLC, 1 , 1 ,,
,4726,WANG RANCH LLC, 2 , 1 ,, 1 
,4726,NELSON ANGUS RANCH LLC, 1 , 1 ,,
,4727,CH PETERSON OPERATIONS LLC, 1 , 1 ,,
,4727,JACKS CREEK FARMS, 1 , 1 ,,
,4729,LANCE & SHELLEY BROWN DBA LB FARMS, 1 , 1 ,,
,4734,TASH RANCH CO, 1 ,,, 1 
,4736,LINSE RANCH LLC, 1 , 1 ,,
,4745,GILES & MEYERS FARMS, 1 , 1 ,,
,4754,HOLYOAK GREEN CHOP LLC DBA HOLYOAK, 1 , 1 ,,
,4755,SEARLE AG LLC, 1 , 1 ,,
,4810,(blank), 1 , 1 ,,
,5421,GEM VALLEY FARMS INC, 1 , 1 ,,
,5615,LEMHI FRONTIER LLC DBA BAR DOUBLE, 1 , 1 ,,
,5622,SUMMERFIELD FARMS DFC LLC, 1 ,,, 1 
,5622,MOGUS LAND & LIVESTOCK LLC, 2 , 2 ,,
,5622,C E JACKSON FARMS INC, 1 , 1 ,,
,5624,BLUE COLLAR FARMS LLC, 1 , 1 ,,
,6312,MAGNOLIA GREENE INC, 1 , 1 ,,
,6503,WINECUP GAMBLE INC, 1 , 1 ,,
,6805,RIVER RANCH ENTERPRISES INC, 1 , 1 ,,
,7109,PARKINSON FOUNDATION SEED FARM INC, 1 , 1 ,,
,7146,DBR FARMS LLC, 1 , 1 ,,
,7215,MONTANA POLLINATIONS INC, 1 ,,, 1 
,7607,ROBERT J WUESTE LLC, 1 , 1 ,,
,7608,COLEMAN ANGUS, 1 , 1 ,,
,7702,DOUBLE D FARMS, 1 , 1 ,,
,8001,WILCOCK LAND & LIVESTOCK LLC, 1 , 1 ,,
,8102,SIEBEN LIVE STOCK CO, 2 , 2 ,,
,8102,WALES BROS CORP DBA MEYER CO RANCH, 1 , 1 ,,
,8102,HANSEN LIVESTOCK CO, 1 , 1 ,,
,8102,BROWN & BROWN OF MT INC,, 1 ,,
,8102,CENTENNIAL LIVESTOCK INC, 1 , 1 ,,
,8102,J C RANCHES INC, 1 , 1 ,,
,8102,DICK HIRSCHY CATTLE INC, 2 , 2 ,,
,8102,S BAR B RANCH, 1 , 1 ,,
,8102,JACK HIRSCHY LIVESTOCK INC, 2 , 2 ,, 1 
,8102,(blank), 1 , 1 ,,
,8102,WOLFE HEREFORD RANCH, 1 , 1 ,,
,8103,RAFTER RANCH INC, 1 , 1 ,,
,8103,SILVER SPRING RANCH, 1 , 1 ,,
,8103,COWAN & SON A CORP, 1 , 1 ,,
,8103,(blank), 1 , 1 ,,
,8103,BUHMANN APIARIES INC, 1 , 1 ,,
,8103,BURK RANCHES INC, 1 , 1 ,,
,8103,MALESICH RANCH CO, 1 , 1 ,,
,8103,RUFFATTO LAND & CATTLE CO, 1 , 1 ,,
,8103,GRANDVIEW RANCH, 1 , 1 ,,
,8103,P & J RANCHES INC, 1 , 1 ,,
,8103,BEAVERHEAD 7 UP RANCH INC, 1 , 1 ,,
,8103,(blank), 1 ,,, 1 
,8103,GEORGE STOLTZ STOLTZ LAND & CATTLE, 1 , 1 ,,
,8103,VANISKO RANCHES INC, 1 ,,, 1 
,8103,SEVEN UP BAR RANCH INC, 1 , 1 ,,
,8103,TERRENCE M & PAULA SCOTT DBA TIMBE, 1 , 1 ,,
,8103,GILMAN IH CATTLE CO, 1 , 1 ,,
,8103,PENDERGAST RANCH INC, 1 , 1 ,,
,8103,ROSS HANSEN RANCH, 1 , 1 ,,
,8103,PAGE WHITHAM LAND & CATTLE, 1 , 1 ,,
,8103,BROKSLE RANCH INC, 1 , 1 ,,
,8104,HUNTSMAN RANCH CO, 1 , 1 ,,
,8104,BUYAN RANCH INC, 1 , 1 ,,
,8104,SCHUTTER SEED FARM INC, 1 , 1 ,,
,8104,BITTERROOT SPRINGS RANCH, 1 , 1 ,,
,8104,REBISH & HELLE PARTNERSHIP, 1 , 1 ,,
,8104,CATHERINE S CAMPBELL DBA HILGER HE, 1 , 1 ,,
,8104,SCHUETT FARMS, 1 , 1 ,,
,8104,MARK MCFADGEN, 1 , 1 ,,
,8104,LIFELINE FARM INC, 1 , 1 ,,
,8104,BIG SKY RANCH LLP, 1 , 1 ,,
,8104,BITTERROOT NURSERY, 1 , 1 ,,
,8104,KENNETH E JR & JACQUELINE A WHEELE, 1 , 1 ,,
,8104,MARSH FAMILY RANCH PARTNERSHIP, 1 , 1 ,,
,8104,DARRELL R LEE DBA NEVER SWEAT RANC, 1 , 1 ,,
,8104,(blank), 1 , 1 ,,
,8104,MILLER CATTLE CO, 1 , 1 ,,
,8104,5 L RANCH CORP, 1 , 1 ,,
,8104,BAUSCH POTATO INC, 1 , 1 ,,
,8104,DORN FARMS INC, 1 , 1 ,,
,8104,UFFELMAN FARM INC, 1 , 1 ,,
,8104,BITTERROOT STOCK FARM INC DBA BRSF, 1 , 1 ,,
,8104,BIDLAKE RANCH, 1 , 1 ,,
,8104,SITZ ANGUS RANCH, 1 , 1 ,,
,8104,G & L RANCHES, 1 , 1 ,,
,8104,(blank), 1 , 1 ,,
,8104,HW BURNS FAMILY LLC DBA BURNS RANC, 1 , 1 ,,
,8104,MARSH LAND AND LIVESTOCK INC, 1 , 1 ,,
,8104,NEDENS FARMS INC, 1 , 1 ,,
,8105,BRADLEY LIVESTOCK LC, 1 , 1 ,,
,8105,HORSE CREEK HAY & CATTLE LLC, 1 , 1 ,,
,8105,SANTANA RANCH ROBERT DIXON, 1 , 1 ,,
,8105,BRIAN ROGERS ROGERS RANCH, 1 , 1 ,,
,8105,RALPH JOHNSON FARM PARTNERSHIP, 1 , 1 ,,
,8105,BRIESE BROTHERS HAVRE, 1 , 1 ,,
,8105,CORY LAMEY CIR L ANGUS, 1 , 1 ,,
,8105,BAUMAN RANCH STEVE BAUMAN, 1 , 1 ,,
,8105,(blank), 2 , 2 ,,
,8105,SUMMIT VALLEY TURF FARMS LLC, 1 , 1 ,,
,8105,LA CENSE MONTANA LLC, 2 , 2 ,,
,8105,CHAD OR CODY KUNTZ DBA KUNTZ FARMS, 1 ,,, 1 
,8105,RICHARD DICK LUECK DBA LUECK RANCH, 1 ,,, 1 
,8105,BAR C INC, 3 , 3 ,,
,8105,(blank), 1 , 1 ,,
,8106,HOBSON RANCH MGMT, 1 , 1 ,,
,8111,ARCADIA AG LLC, 1 , 1 ,,
,8113,HAYDEN CREEK RANCH LLC, 1 ,,, 1 
,8146,DAVID D KEITH DBA RAFTER LAZY C FA, 1 , 1 ,,
,8151,DALE EVANS DAIRY INC, 1 , 1 ,,
,8201,J R SIMPLOT/GRAND VIEW FARMS, 1 , 1 ,,
,8202,GLENN DALE RANCHES INC, 1 , 1 ,,
,8202,VAN DEUSEN RANCH INC, 1 , 1 ,,
,8202,FLAT TOP SHEEP CO, 1 , 1 ,,
,8202,SMALL RANCHES, 1 , 1 ,,
,8202,PICABO LIVESTOCK CO, 1 , 1 ,,
,8202,SALMON FALLS LAND AND LIVESTOCK CO, 1 , 1 ,,
,8202,TEWS LAND & LIVESTOCK INC, 1 , 1 ,,
,8202,BLINCOE FARMS INC, 1 , 1 ,,
,8202,GRANT FARMS, 1 , 1 ,,
,8202,(blank), 1 , 1 ,,
,8202,JOHN R MARSHALL FARMS, 1 , 1 ,,
,8202,POLATIS BROTHERS FARMS, 1 , 1 ,,
,8202,FARM DEVELOPMENT CORP, 2 , 1 ,, 1 
,8202,SILVER RIDGE RANCH INC, 1 , 1 ,,
,8202,GODFREY BROTHERS FARMS INC, 1 ,,, 1 
,8202,SUMMERCO MGMT INC, 1 , 1 ,,
,8202,SUMMERS FARM & RANCH INC, 1 , 1 ,,
,8203,PARKINSON SEED FARM INC, 2 , 2 ,,
,8203,LOOSLI LAND & CATTLE INC, 2 , 2 ,,
,8203,HILLSIDE RANCH, 1 , 1 ,,
,8203,BILL JENSEN & SON INC, 1 , 1 ,,
,8203,CEDAR FARMS INC, 1 , 1 ,,
,8203,RODNEY HANSEN FARMS INC, 1 , 1 ,,
,8203,KEITH WILCOX & SONS INC, 1 , 1 ,,
,8203,ROOST POTATO CO INC, 1 , 1 ,,
,8203,R LAYNE HARRIS FARMS, 1 , 1 ,,
,8203,(blank), 1 , 1 ,,
,8203,VERNON H PECHT, 1 , 1 ,,
,8203,TRAIL RANCHES INC, 1 , 1 ,,
,8203,(blank), 1 , 1 ,,
,8203,(blank), 1 , 1 ,,
,8203,BEAVER MACHINE & CATTLE CO, 1 , 1 ,,
,8203,KARL JOSLIN DBA JOSLIN FARMS, 2 , 2 ,,
,8203,C S C FARMS, 1 , 1 ,,
,8203,(blank), 1 , 1 ,,
,8203,MARK DARRINGTON FARM, 1 , 1 ,,
,8203,WILLIAM HUBERT SHAW DBA SHAW LAND, 1 , 1 ,,
,8203,FLYING H CORP, 1 , 1 ,,
,8203,PARKS FARMS, 1 , 1 ,,
,8203,MARK E KUEHL DBA KUEHL FARMS, 1 , 1 ,,
,8203,K & C WAHLEN LIVING TRUST DBA KIM, 1 , 1 ,,
,8203,HOLLIFIELD RANCHES INC, 1 , 1 ,,
,8203,DARROW FARMS INC, 1 , 1 ,,
,8203,RISENMAY FARMS INC, 1 , 1 ,,
,8203,GRANT NEIBAUR & SONS FARMS, 1 , 1 ,,
,8203,(blank), 1 , 1 ,,
,8203,(blank), 1 , 1 ,,
,8203,4 B S FARMS INC, 1 , 1 ,,
,8203,POTEET FARMS INC, 1 , 1 ,,
,8203,HULTS FARMS, 1 , 1 ,,
,8203,(blank), 1 , 1 ,,
,8203,NATHAN SCHROEDER DBA N & M FARMS, 1 , 1 ,,
,8203,GRANT 4 D FARMS LLC, 2 , 2 ,,
,8203,EDWARD POTUCEK DBA LAZY SNAKE RANC, 1 , 1 ,,
,8203,BROWNING S HONEY CO INC,, 1 ,,
,8203,(blank), 2 , 2 ,,
,8203,CARNEY FARMS, 1 , 1 ,,
,8203,SCHATZ BROTHERS INC, 1 , 1 ,,
,8203,JEPPESEN BROTHERS RANCH, 1 , 1 ,,
,8203,JOSEPH M OLER DBA OLER FARMS, 1 , 1 ,,
,8203,(blank), 1 , 1 ,,
,8203,(blank), 1 , 1 ,,
,8203,(blank), 1 , 1 ,,
,8203,HUGHES FARMS INC, 1 , 1 ,,
,8203,BRUCE BEAN FARMS INC, 1 , 1 ,,
,8204,RANDY GILLETTE FARMS INC, 1 , 1 ,,
,8204,WINDY ACRES INC, 1 , 1 ,,
,8204,WOLFE BROTHERS INC, 2 , 2 ,,
,8204,DBA FAIRCHILD SHEARING, 2 , 2 ,,
,,(blank), 1 , 1 ,,
,8204,BRENT LOTT FARMS, 1 , 1 ,,
,8204,JENTZSCH KEARL FARMS, 2 , 2 ,,
,8204,MAGIC IRRIGATORS INC / MAURICE H E, 1 , 1 ,,
,8204,WALTERS & WALTERS A JOINT VENTURE, 1 , 1 ,,
,8204,JEROME CLINGER FARMS, 1 , 1 ,,
,8204,WESTSIDE GENERAL PARTNERSHIP, 1 , 1 ,,
,8204,KIRK M JACOBS DBA KIRK JACOBS FARM, 3 , 3 ,,
,8204,(blank), 1 , 1 ,,
,8204,T VILLE AG, 1 , 1 ,,
,8204,DONLEY FARMS INC, 1 , 1 ,,
,8204,VINCE FEHRINGER FARMS, 1 , 1 ,,
,8204,(blank), 1 , 1 ,,
,8204,(blank), 1 , 1 ,,
,8204,DOUGLAS R MEYERS FARMS, 1 , 1 ,,
,8204,RODNEY D & REBECCA LAKE DBA LAKE A, 1 ,,, 1 
,8204,WILL ROWE FARM, 1 , 1 ,,
,8204,(blank), 1 , 1 ,,
,8204,(blank), 1 ,,, 1 
,8204,(blank), 1 ,,, 1 
,8204,GENE SHAW, 1 , 1 ,,
,8204,DRISCOLL BROTHERS PARTNERSHIP, 2 , 2 ,,
,8204,BR RICKS FARMS INC, 1 , 1 ,,
,8204,BURUSCO FARMS, 1 , 1 ,,
,8204,(blank), 1 , 1 ,,
,8204,J & S RANCH, 1 , 1 ,,
,8204,LEAVITT FARMS, 1 ,,, 1 
,8204,US 2 FARMS, 1 , 1 ,,
,8204,SCOTT BENNETT FARMS, 1 , 1 ,,
,8204,ZWEIFEL FARMS INC, 1 , 1 ,,
,8204,VALLEY VIEW OF MAGIC VALLEY, 1 , 1 ,,
,8204,(blank), 1 , 1 ,,
,8204,FREY FARMS INC, 1 , 1 ,,
,8204,DESERT RIDGE FARMS INC, 1 , 1 ,,
,8204,GOLDEN SUN FARMS INC, 1 , 1 ,,
,8204,TRIPLE ACE INC, 1 , 1 ,,
,8204,BLAINE LARSEN FARMS INC, 10 , 7 ,, 3 
,8204,(blank), 1 , 1 ,,
,8204,(blank), 1 , 1 ,,
,8204,REYNOLDS FARMS INC, 1 , 1 ,,
,8204,MIX MILLER FARMS LLP, 1 , 1 ,,
,8204,(blank), 1 , 1 ,,
,8204,(blank), 1 , 1 ,,
,8204,TODD L JENKINS FARMS, 1 , 1 ,,
,8204,WOLF ONE FARMS INC, 2 , 1 ,, 1 
,8204,KIRK S EGBERT RANCHES INC, 1 , 1 ,,
,8204,LAKEVIEW AG AND LIVESTOCK LLC, 2 , 2 ,,
,8204,EAMES ACRES INC, 1 , 1 ,,
,8204,(blank), 1 , 1 ,,
,8204,PIERSON FARMS INC, 1 , 1 ,,
,8204,REX BAUM FARMS INC, 1 , 1 ,,
,8204,DAVENPORT FARMS INC, 1 , 1 ,,
,8204,(blank), 1 , 1 ,,
,8204,TRAVIS WEEKS FARMS INC, 1 , 1 ,,
,8204,WOODEN SHOE FARMS, 1 , 1 ,,
,8204,A K MOYLE RANCH INC, 1 , 1 ,,
,8204,SABALA FARMS INC, 1 , 1 ,,
,8204,R & C FARMS, 1 , 1 ,,
,8204,MARTY D & CODY L BEADZ DBA BEADZ B, 1 , 1 ,,
,8204,APPLE CREEK PROPAGATORS INC, 1 , 1 ,,
,8204,BARTON JAY WEBSTER DBA WEBSTER FAR, 1 ,,, 1 
,8204,VANDERSLOOT FARMS INC DBA RIVERBEN, 1 , 1 ,,
,8204,BERGH FARMS LLC, 1 , 1 ,,
,8204,BRETT W JENSEN DBA BRETT JENSEN FA, 1 , 1 ,,
,8204,D PAUL DIXON DIXON FARM & RANCH, 1 ,,, 1 
,8204,MICHAEL G STEINMANN DBA DOUBLE S F, 1 , 1 ,,
,8204,FESSENDEN CUSTOM FARMING, 1 , 1 ,,
,8204,ROCK CREEK CANYON RANCH, 1 , 1 ,,
,8204,STEVENSON & SONS LLC, 1 , 1 ,,
,8204,ARTHUR R HENRY FARMS INC, 1 , 1 ,,
,8204,SPENCER BRIAN LOTT DBA BRIAN LOTT, 1 , 1 ,,
,8204,(blank), 1 , 1 ,,
,8204,ROGER STUTZMAN FARMS INC, 1 , 1 ,,
,8204,DIAMOND K FARMS, 1 , 1 ,,
,8204,GREGORY A MANN DBA TRIANGLE M FARM, 1 , 1 ,,
,8204,PEP PARTNERSHIP, 1 , 1 ,,
,8204,BLICK BROTHERS FARMS INC, 1 , 1 ,,
,8204,WAGNER FARMS, 1 ,,, 1 
,8204,(blank), 1 , 1 ,,
,8204,HOWELL FARMS INC, 1 , 1 ,,
,8204,(blank), 1 , 1 ,,
,8204,FOSTER FARMS, 1 , 1 ,,
,8204,J & K FARMS INC, 1 , 1 ,,
,8204,(blank), 1 , 1 ,,
,8204,THOMPSON FARMS INC, 1 , 1 ,,
,8204,T L K FARMS INC, 1 , 1 ,,
,8205,MULDOON RANCH CO LLC, 1 , 1 ,,
,8205,(blank), 1 , 1 ,,
,8205,ALAN BROWN, 2 , 2 ,, 1 
,8205,D C FARMS, 1 , 1 ,,
,8205,CHENEY FARMS INC, 2 , 2 ,,
,8205,HALF MOON LLC DBA HALF MOON RANCH, 1 , 1 ,,
,8205,LANCE & LISA FUNK PARTNERSHIP DBA, 1 ,,, 1 
,8205,(blank), 1 , 1 ,,
,8205,LUKE HICKS DBA HICKS LIVESTOCK, 1 , 1 ,,
,8205,WATTENBARGER FARMS, 1 , 1 ,,
,8205,SWAGER FARMS LLLP, 1 , 1 ,,
,8205,THIEL BROTHERS LLC, 1 , 1 ,,
,8205,THE TURF CO OF NV INC DBA HIGH DES, 2 , 2 ,,
,8205,RICKS HAY FARMS LLC, 1 ,,, 1 
,8205,VALLIVUE FARMS INC, 1 , 1 ,,
,8205,BOSEN LAND & LIVESTOCK LLC, 1 , 1 ,,
,8205,SMITH FARMS INC, 1 , 1 ,,
,8205,JORGENSEN MANAGEMENT INC, 1 , 1 ,,
,8208,(blank), 1 , 1 ,,
,8260,DARRYL WALKER & SONS FARM, 1 , 1 ,,
,8260,ERB LIVESTOCK JOHN ERB, 2 , 2 ,,
,8260,CLEN ATCHLEY DBA CEA CORP INC, 1 , 1 ,,
,8260,RONALD ESPLIN & SONS LTD, 1 , 1 ,,
,8304,(blank), 1 , 1 ,,
,8405,BIG VALLEY SOD FARMS INC, 1 , 1 ,,
,8410,HARDING NURSERY INC, 2 , 1 ,, 1 
,8410,COLORADO TURF INC, 1 , 1 ,,
,8413,HIRAI FARMS LLC, 1 , 1 ,,
,8413,BCF FARMS INC, 1 , 1 ,,
,8413,SHOESOLE FARMS INC, 1 , 1 ,,
,8413,GIBBS FARMS LLC, 1 , 1 ,,
,8413,ROY KING & SONS LLC, 1 , 1 ,,
,8413,WHITESIDES DAIRY INC, 1 , 1 ,,
,8413,CENARRUSA FARMS INC, 1 , 1 ,,
,8413,ARKOOSH WILLIAM F &KAREN/WILLIAM J, 2 , 2 ,,
,8414,MILE HIGH SOD FARM INC, 1 , 1 ,,
,8416,P BAR S FARMS INC, 1 , 1 ,,
,8416,STEVEN LONGHURST FARMS, 1 , 1 ,,
,8416,RHETT WATSON FARMS INC, 1 ,,, 1 
,8605,M & M FARMS LLC, 1 , 1 ,,
,8609,C B RANCH LLC, 1 , 1 ,,
,8610,KIRT HANSEN FARMS INC, 1 , 1 ,,
,8702,CORP OF THE PRESIDING BISHOP OF TH, 1 ,,, 1 
,8702,BERT D REESE & SON INC, 1 , 1 ,,
,8704,AG RESERVES INC DBA WINNECOOK RANC, 1 , 1 ,,
,8705,LS CARSON MINK RANCH LLC,, 1 ,,
,8706,CEDAR VIEW DAIRY LLC, 1 , 1 ,,
,8706,THE HAIRPIN LC, 1 ,,, 1 
,8706,WAHOO RANCH LLC, 1 , 1 ,,
,8707,KEARSLEY TREES INC, 1 , 1 ,,
,8801,PARK LIVESTOCK CO, 1 , 1 ,,
,,PARK LIVESTOCK COMPANY, 1 , 1 ,,
,8801,GARY BERRINGTON RANCH, 2 , 2 ,,
,8801,LAST HURRAH RANCH INC, 1 , 1 ,,
,8801,DAMELE RANCHING, 1 , 1 ,,
,8802,DAYTON VALLEY TURF INC, 1 , 1 ,,
,8802,OLA INC DBA FLYING V BAR RANCH, 1 , 1 ,,
,8804,LOUIS SCATENA RANCH, 1 , 1 ,,
,8804,CHALLIS CREEK CATTLE CO LLC, 2 , 2 ,,
,8804,SCEIRINE FREDRICKS RANCH, 1 , 1 ,,
,9001,LAZY AS FARMS, 1 , 1 ,,
,9003,MOYLE MINK & TANNERY INC, 1 , 1 ,,
,9010,BOLIN RANCHES MARLENE BOLIN, 1 , 1 ,,
,9305,HAROLD KUEHNE FARMS, 1 , 1 ,,
,9311,ADELSHEIM VINEYARD LLC, 1 , 1 ,,
,9413,WESTER RANGE ASSN, 1 , 1 ,,
,,WESTERN RANGE ASSN, 160 , 155 ,, 15 
,,WESTERN RANGE ASSOCIATION, 27 , 34 ,, 1 
,9429,TUCKER CROSSING RANCH, 1 , 1 ,,
,9525,SIERRA LAND GROUP INC DBA SIERRA D, 1 , 1 ,,
,(blank),SNAKE RIVER FARMERS ASSOCIATION,,,, 1 
,,WESTERN RANGE ASSOCIATION,,,, 1 
IDAHO Total,,, 723 , 693 ,, 56 
ILLINOIS,2080,ECHO VALLEY ORCHARD LLC, 1 , 1 ,,
,2754,FRONTIER FARMS, 1 , 1 ,,
,3117,DONAHUE S SUNSHINE FARM LLC, 1 , 1 ,,
,3516,WALKER PLACE, 1 , 1 ,,
ILLINOIS Total,,, 4 , 4 ,,
INDIANA,3117,E T AGSERVICES COMPANY,,,, 1 
,3514,PICKIN PATCH INC DBA INDIANA BERRY, 1 , 1 ,,
,3519,PHENIX FARMS INC, 1 , 1 ,,
,3521,GREEN ACRES PRODUCE INC, 1 , 1 ,,
,3913,VAN DER GEEST DAIRY CATTLE INC,,,, 1 
,3919,SCHOTTLER FARMS,,,, 1 
,4403,OZARK FISHERIES, 1 , 1 ,,
,4555,LORD S SEED LLC, 1 , 1 ,,
,4655,BLUEBERRY RANCH LLC, 1 , 1 ,,
,4707,BREINIG FARMS INC,,,, 1 
INDIANA Total,,, 6 , 6 ,, 4 
IOWA,1083,SJS FARMS INC, 1 , 1 ,,
,4363,LENNARD AG CO, 1 , 1 ,,
,1053,MAURER HARVESTING AND TRUCKING, 1 , 1 ,,
,2001,PINICON FARM, 1 , 1 ,,
,2002,CLARK DICKEY & SONS MGMT CO INC, 1 , 1 ,,
,2012,GUNNEWICK CUSTOM HARVEST INC, 1 , 1 ,,
,2015,JORDEN AG ENTERPRISES LLC, 1 ,,,
,2016,PRECISION PUMPING INC, 1 , 1 ,,
,2020,INGALLS HONEY INC, 1 , 1 ,,
,,(blank),,,, 1 
,2026,S J DOWLING FARMS, 1 , 1 ,,
,2041,LINDEL FARMS LLC, 1 , 1 ,,
,2042,CY MENT CONSTRUCTION CORP, 1 ,,, 1 
,2056,STONY CREEK PORK CO, 1 , 1 ,,
,2087,T SWENSON TRUCKING LLC, 1 , 1 ,,
,2604,(blank), 1 , 1 ,,
,2619,JCS FAMILY FARMS, 1 , 1 ,,
,2627,WHISKEY CREEK ARKANSAS, 2 , 2 ,,
,2634,S T ORGANICS LLC, 1 , 1 ,,
,2640,(blank), 1 , 1 ,,
,2643,ML FARM SYSTEMS INC, 2 , 3 ,,
,2646,WINSOME FARMS GP, 1 , 1 ,,
,2646,CHRIS BROWN TRUCKING LLC, 1 , 1 ,,
,2701,ELLIS ERWIN, 1 , 1 ,,
,2715,CROSSROADS FAMILY FARMS, 1 , 1 ,,
,2720,G&M FARMS LLC, 1 , 1 ,,
,2720,EMERICK FARMS, 1 , 1 ,,
,2721,BEBERMEYER FARMS LLC, 1 , 1 ,,
,2739,4L LAND LLC, 1 , 1 ,,
,2743,M&Q LLC, 2 , 2 ,,
,2747,CHARLES BAKER FARMS, 1 , 1 ,,
,3002,LUNDEEN HARVESTING, 1 , 1 ,,
,3002,TJ S FARM & RANCH INC, 1 , 1 ,,
,3002,JASON KADRMAS, 1 , 1 ,,
,3007,THOUVENEL HARVESTING, 1 , 1 ,,
,3116,SUSAN KADRMAS, 1 , 1 ,,
,3116,VAN KOOTEN FARMS, 1 , 1 ,,
,3118,LANGAGER STACK MOVERS & ROLL OFF, 1 , 1 ,,
,3201,DREW BRANDT CONSTRUCTION INC, 1 , 1 , 1 ,
,3713,R B FAMILY FARMS INC, 1 ,,, 1 
,3715,CROSSON ENTERPRISES LLC, 1 , 1 ,,
,3913,MACFARLANE PHEASANTS INC, 1 , 1 ,,
,3918,NORTHWEST IOWA ARTIFICIAL INSEMINA,,,, 1 
,3918,OAK VIEW FARMS, 1 , 1 ,,
,4116,KEVIN QUICK DBA KEVIN QUICK FARMS, 1 ,,, 1 
,4116,WILLIAM KEITH CHISHOLM, 1 , 1 ,,
,4118,PAPLOW HARVESTING, 1 , 1 ,,
,4118,ROSTAD FARMS LLP, 1 , 1 ,,
,4120,L J PATTISON LLC, 1 ,,, 1 
,4211,D&M WAGNER INC,,,, 1 
,4211,MURRAY MCMURRAY HATCHERY INC, 1 , 1 ,,
,4214,SUMMIT FARMS LLC, 1 , 1 ,,
,4321,JAMES TOWE, 2 , 2 ,,
,4503,GEORGE SHELDON, 1 , 1 ,,
,4504,KLEINSASSER FARMS, 1 , 1 ,,
,4504,DONALD LAMBOURN, 1 , 1 ,,
,4504,MARK A NOVAK, 1 , 1 ,,
,4504,CRAIG S FISHER, 1 , 1 ,,
,4504,(blank), 1 , 1 ,,
,4504,DENNIS WALEN, 1 , 1 ,,
,4504,KEVIN OPP FARM, 1 , 1 ,,
,4504,ROBERT HAY FARMS INC, 1 , 1 ,,
,4504,ROYD UNRUH, 1 , 1 ,,
,4504,RBJ FARMS INC, 1 , 1 ,,
,4504,HONEYMANN FARMS, 1 , 1 ,,
,4504,FITTERER FARM, 2 , 2 ,,
,4504,TYRONE E UNRUH, 1 , 1 ,,
,4508,KUTSCHEROUSKY FARMS, 1 , 1 ,,
,4520,MCCLURE CUSTOM PUMPING LLC, 1 , 1 ,,
,4525,FLORES CONSTRUCTION LLC,, 1 ,,
,4539,VINCE RENNER TRUCKING LLC, 1 , 1 ,,
,4540,GEER HARVESTING, 1 , 1 ,,
,4540,E&D JACKSON DAIRY LLC, 1 , 1 ,,
,4543,GM DIX INC, 1 , 1 ,,
,4543,NORTH STAR AG CONSTRUCTION INC, 1 ,,, 1 
,4545,PECC INC, 1 , 1 ,,
,4549,O SAN NEELY JR, 1 ,,, 1 
,4603,TERRY BUCHERT, 1 , 1 ,,
,4604,ROLAND SVARTOIEN, 1 ,,, 1 
,4604,STAPLETON FARM, 1 , 1 ,,
,4604,EKSTRUM FARMS, 1 , 1 ,,
,4604,RDS CONSTRUCTION LLC, 1 ,,, 1 
,4607,S&S JERSEYLAND DAIRY LLC, 1 , 1 ,,
,4614,ALEWELT CONCRETE INC, 41 , 37 , 1 , 5 
,4619,4L CONSTRUCTION INC, 2 , 2 ,,
,4621,MARK PAPLOW HARVESTING & TRUCKING, 1 , 1 ,,
,4623,A R O CONSTRUCTION LLC, 2 , 2 ,,
,4629,GOODMAN CLASSIC CONSTRUCTION INC,, 1 ,,
,4636,LINDA MACKRILL DBA BECKVILLE BEE, 2 , 2 ,, 1 
,4637,FONDOMONTE ARIZONA LLC, 1 , 1 ,,
,,FONDOMONTE CA LLC, 1 , 1 ,,
,4642,S C CATTLE CO INC, 1 , 1 ,,
,4643,IOWA RIVER AG LLC, 1 , 1 ,,
,4644,TERRICK FARMS LLC, 1 , 1 ,,
,4646,D & M HARVESTING LLC, 1 , 1 ,,
,4646,VAN KO CHOPPING LLX, 1 , 1 ,,
,4649,ERIC NYSTUEN, 2 , 2 ,,
,4654,KEVIN HUFFMAN FARMS LLC, 1 , 1 ,,
,4660,JAMES ERICKSON, 1 , 1 ,,
,4707,LEE FARMING AND HARVESTING INC, 1 , 1 ,,
,4708,CENTRAL VALLEY AG COOPERATIVE, 8 , 8 ,,
,4731,BALDWIN AG LLC, 1 , 1 ,,
,4733,HF FARMS, 1 , 1 ,,
,4737,A I D ENTERPRISES LLC, 1 ,,, 1 
,4760,RHEA CATTLE CO, 2 , 2 ,,
,4808,BRULL HARVESTING, 1 , 1 ,,
,4810,MORGAN FORAGE HARVESTING, 2 , 1 ,, 1 
,4810,FARMING FRIENDS INC, 1 , 1 ,,
,4812,COLLINS AG SVC LLC, 1 , 1 ,,
,4812,RIGGIN FARMS INC, 1 , 1 ,,
,4813,SMITH FARMS LTD, 1 , 1 ,,
,5000,JIM DISHMAN HARVESTING & TRUCKING, 1 , 1 ,,
,5055,M M HARVESTING, 1 , 1 ,,
,6116,SIGNET BUILDERS INC, 29 , 28 ,, 2 
,6805,PRECISION PUMPING LLC, 1 , 1 ,,
,7314,JOHN LAMBLEY DBA LAMBLEY FARMS, 2 , 2 ,,
,7515,DUTTON FARMS, 1 , 1 ,,
,7524,KUBECKA OPERATING CO, 1 , 1 ,,
,7526,CARL PEPPER FARM, 1 , 1 ,,
,7527,L R FORAGE HARVESTING, 1 , 1 ,,
,7531,PREMIER GRAIN FARMS, 1 , 1 ,,
,8005,GRONNEBERG FARMS, 1 ,,, 1 
,8105,G & G MORENO INC,,,, 1 
,8117,CENTRAL MIDWEST FARMS, 1 , 1 ,,
,8118,PROGRESSIVE AGRICULTURAL MGMT, 1 , 1 ,,
,8139,SELECT PRIDE CONSTRUCTION INC, 4 , 1 ,, 3 
,8146,FARMERS DAUGHTERS LLC, 1 , 1 ,,
,8414,BRETT DEBRUYCKER, 1 ,,, 1 
,8504,BRIGHT HARVESTING INC, 1 , 1 ,,
,9007,BURGER ENTERPRISES, 1 , 1 ,,
,9117,HEINRICHS HARVESTING CO, 1 , 1 ,,
,(blank),JOSHUA SAYLER, 1 , 1 ,,
IOWA Total,,, 216 , 198 , 2 , 27 
KANSAS,2006,ROGERS HEREFORD RANCH, 1 ,,, 1 
,2020,SHUGHART HARVESTING, 1 , 1 ,,
,2023,(blank), 1 , 1 ,,
,2025,S EXPRESS, 1 ,,, 1 
,2083,JAMES AND SON FARMS, 1 , 1 ,,
,2612,TWO BUDS TRUCKING SOLE PROPIETER, 1 , 1 ,,
,2612,TWO BUDS TRUCKING LLC, 2 , 1 ,, 1 
,2616,LEO STEPHENS INC, 2 , 1 ,, 1 
,2713,HARVEST 1, 1 , 1 ,,
,2718,KINKLER FARMS PARTNERSHIP, 1 , 1 ,,
,2725,MOYER FARM AND RANCH LLC,,,, 1 
,2734,SEBES HAY LLC, 1 , 1 ,,
,2738,JOSSERAND HARVESTING LLC, 1 ,,, 1 
,2754,C AND C FARMS, 1 , 1 ,,
,3003,SCHNEIDER FARMS AND HARVESTING LLC, 1 , 1 ,,
,3006,BRUSH CREEK TRUCKING, 1 ,,, 1 
,4318,MACHINERYLINK INC,,,, 3 
,4547,HIGH PLAINS AGRICULTURE AND TRANSP, 1 , 1 ,,
,4604,FREY VIEW DAIRY FARM INC, 1 , 1 ,,
,4619,SCHIPPERS HARVESTING LLC, 1 , 1 ,,
,4625,KEIMIG HARVESTING & TRUCKING LLC, 1 , 1 ,,
,4627,GREG FRIESEN HARVESTING LLC, 1 , 1 ,,
,4642,HABIGER FARMS HARVESTING LLC, 1 , 1 ,,
,4648,WILLIAMSON SILAGE HARVESTING, 1 , 1 ,,
,4807,WETTSTEIN FARMS, 1 , 1 ,,
,4808,KOTAPISH FARMS, 1 , 1 ,,
,4808,BRADFORD BROWN, 1 , 1 ,,
,4809,LARRY SCHEMPER, 1 , 1 ,,
,4810,FLOYD STUDER HARVESTING,,,, 1 
,4810,P & D CATTLE, 1 , 1 ,,
,4810,FDK PARTNERSHIP, 1 , 1 ,,
,4811,SNELL HARVESTING, 1 , 1 ,,
,4811,GREAT PLAINS ALFALFA, 1 , 1 ,,
,4811,STAPLETON FARMS INC, 1 , 1 ,,
,4811,KELLS FARM PARTNERSHIP, 1 , 1 ,,
,4811,FENSKY HARVESTING, 1 , 1 ,,
,4811,CIRCLE C FARMS HARVESTING, 1 , 1 ,,
,4811,BEFORT FARMS, 1 , 1 ,,
,4811,E & H FARMS INC, 1 , 1 ,,
,4811,LOHMANN FARMS, 1 , 1 ,,
,4812,SUNNYE RIDGE FARM INC, 1 , 1 ,,
,4812,CARL OCHS LTD, 1 , 1 ,,
,4812,BEFORT HARVESTING LLC, 2 , 2 ,,
,4812,B2J INC DBA CHEM TILL SPRAY CO, 1 ,,,
,4845,SEALOCK INC, 1 , 1 ,,
,5509,JENERATION FOODS,,,, 1 
,7428,FLORES FARMS, 1 ,,, 1 
,7430,KRAMER HARVESTING LLC, 1 , 1 ,, 1 
,7530,RANDALL SCHWANKE FARMS, 1 , 1 ,,
,8134,JANZEN TRANSPORT LLC, 1 , 1 ,,
,8504,S/R FARMS INC, 1 , 1 ,,
,9434,BECKMAN FARMS, 1 ,,, 1 
,(blank),(blank), 1 , 1 ,,
KANSAS Total,,, 52 , 43 ,, 15 
KENTUCKY,1076,P & C TOBACCO, 1 , 1 ,,
,1094,(blank), 1 , 1 ,,
,3039,(blank), 1 , 1 ,,
,3053,MAPLEBREEZE FARMS LLC, 1 , 1 ,,
,4376,MAHAN FARMS LLC, 1 , 1 ,,
,6171,A & W SOUTHERN SOD FARMS LLC, 1 , 1 ,,
,1136,HOOKS FARMS, 1 , 1 ,,
,1137,(blank), 1 , 1 ,,
,2007,(blank), 1 ,,, 1 
,2013,L & H FARMS LLC, 1 ,,, 1 
,2015,NEWBERRY FARMS LLC, 1 , 1 ,,
,2019,J B DONOHO NURSERY, 1 , 1 ,,
,2020,HUNTERTON FARM INC, 1 , 1 ,,
,2022,TEXTER MOUNTAIN NURSERY INC, 1 , 1 ,,
,2022,D & H FARMS LLC, 1 , 1 ,,
,2029,(blank), 1 , 1 ,,
,2030,P L TOBACCO INC, 1 , 1 ,,
,2034,KNOB LICK HOLDINGS LLC, 1 , 1 ,,
,2038,HAMBY FARMS LLC, 1 , 1 ,,
,2042,WILLIAMSON FARMS LLC, 1 ,,, 1 
,2045,JACK GANT FARMS, 1 , 1 ,,
,2046,LANDSCAPERS PARADISE LLC, 1 , 1 ,,
,2049,MCCORD FARMS LLC, 1 , 1 ,,
,2049,(blank), 1 , 1 ,,
,2058,H & B TREE SVC & LAWN CARE LLC, 1 , 1 ,,
,2080,MAYFIELDFARM & NURSERY LLC, 1 , 1 ,,
,2081,FPS FARMS, 1 , 1 ,,
,2081,(blank), 1 , 1 ,,
,2083,RED HILL TOBACCO LLC, 1 , 1 ,,
,2084,CHIAPAS TOBACCO CO, 1 , 1 ,,
,2086,NEWMAN TOBACCO CO LLC, 1 , 1 ,,
,2600,TRIPLE B FARMS LLC, 1 , 1 ,,
,2600,FOREST LAWN NURSERY LLC, 1 , 1 ,,
,2601,(blank), 1 ,,, 1 
,2618,(blank), 1 ,,, 1 
,2620,TOMMY PINSON DBA PINSON FARMS, 1 ,,, 1 
,2620,HELP FROM ABOVE FARM INC, 1 , 1 ,,
,2620,(blank), 1 , 1 ,,
,2621,LANCASTER LAWN & LANDSCAPING LLC, 1 , 1 ,,
,2622,(blank), 1 , 1 ,,
,2631,HOBBS FARM LLC, 1 , 1 ,,
,2634,AWMA INC FOR J BEC SEEDS INC,,,, 1 
,2638,LYONS LAWN CARE & LANDSCAPE LLC DB, 1 , 1 ,,
,2639,(blank), 1 , 1 ,,
,2640,HSW PARTNERSHIP, 1 , 1 ,,
,2640,PASCHALL GREENHOUSE & NURSERY LLC, 1 , 1 ,,
,2640,(blank), 1 , 1 ,,
,2641,(blank), 1 , 1 ,,
,2641,(blank), 1 , 1 ,,
,2641,(blank), 1 , 1 ,,
,2641,(blank), 1 , 1 ,,
,2641,HENDERSON LAND & CATTLE, 1 , 1 ,,
,2641,(blank), 1 , 1 ,,
,2641,(blank), 1 ,,, 1 
,2642,M & M FARMS ASSN, 1 ,,, 1 
,2642,N P PRODUCERS ASSN, 1 ,,, 1 
,2642,LARRY CALVERT DBA CALVERT FARM, 1 ,,, 1 
,2642,(blank), 1 , 1 ,,
,2642,(blank), 1 ,,, 1 
,2643,CARRAWAY TOBACCO FARMS, 1 , 1 ,,
,2643,(blank), 1 ,,, 1 
,2643,(blank), 1 , 1 ,,
,2643,(blank), 1 , 1 ,,
,2643,CLARK FARMS, 1 ,,, 1 
,2643,WILKERSON FARMS INC, 1 , 1 ,,
,2643,(blank), 1 , 1 ,,
,2644,P&F TOBACCO, 1 , 1 ,,
,2644,GAGE TOBACCO, 1 , 1 ,,
,2644,(blank), 1 ,,, 1 
,2644,WHITE OAK TOBACCO LLC, 1 , 1 ,,
,2644,(blank), 1 , 1 ,,
,2645,LONG JACKSON LLC, 1 , 1 ,,
,2646,(blank), 1 , 1 ,,
,2700,PLEASURE VIEW FARMS LLC, 1 , 1 ,,
,2709,DOUBLE M FARMS 2, 1 , 1 ,,
,2712,(blank), 1 ,,, 1 
,2713,(blank), 1 , 1 ,,
,2713,(blank), 1 , 1 ,,
,2714,(blank), 1 , 1 ,,
,2714,(blank), 1 , 1 ,,
,2715,HANNA HILL FARM, 1 , 1 ,,
,2715,DELVIN FARMS LLC, 1 , 1 ,,
,2716,TOBACCO WAY FARMS LLC, 1 , 1 ,,
,2716,LANGLEY FARMS LLC, 1 , 1 ,,
,2718,(blank), 1 , 1 ,,
,2719,(blank), 1 , 1 ,,
,2720,INSCOE FARMS, 1 ,,, 1 
,2723,(blank), 1 , 1 ,,
,2725,RAY WILCOXSON INC AGENT, 1 , 1 ,,
,2728,COURTNEY FARMS LLC, 1 , 1 ,,
,2735,G A SMITH FARMS LLC, 1 ,,, 1 
,2739,(blank), 1 ,,, 1 
,2740,MILLERS & SONS TOBACCO LLC, 1 , 1 ,,
,2741,JEFF DAVIS TOBACCO LLC, 1 , 1 ,,
,2742,KNOX FARM, 1 , 1 ,,
,2742,CGCJ ENTERPRISES LLC, 1 , 1 ,,
,2742,LITTLE RIVER LEAF LLC, 1 , 1 ,,
,2744,BLH FARMS LLC, 1 , 1 ,,
,2744,BOLINGER TOBACCO LLC, 1 , 1 ,,
,2744,R & M TOBACCO LLC, 1 , 1 ,,
,2747,D AND S FARMS LLC, 1 ,,, 1 
,2748,CECIL TOBACCO CO LLC, 1 , 1 ,,
,2749,R & A BRYANT LLC, 1 ,,, 1 
,2750,(blank), 1 ,,, 1 
,2750,WADE FARMS LABOR MGMT LLC, 2 , 2 ,,
,2750,HUGHES TRUCKING LLC, 1 ,,, 1 
,2751,AWGR LLC, 1 ,,, 1 
,2751,FRIDY FARMS LLC, 1 , 1 ,,
,3001,(blank), 1 ,,,
,3002,WILSON S CEDAR POINT FARMS LLC, 2 , 2 ,,
,3004,DURHAM BROTHERS FARM LLC, 2 , 2 ,,
,3004,(blank), 1 , 1 ,,
,3005,JAMES SCOTT DBA SCOTT FARMS, 1 , 1 ,,
,3005,(blank), 1 , 1 ,,
,3005,(blank), 1 , 1 ,,
,3005,(blank), 1 , 1 ,,
,3005,JARED DONALDSON FARMS, 1 ,,, 1 
,3005,(blank), 1 ,,, 1 
,3006,(blank), 1 , 1 ,,
,3109,(blank), 1 , 1 ,,
,3114,HILLVIEW FARMS, 1 , 1 ,,
,3115,(blank), 1 , 1 ,,
,3115,JACKSON ORCHARD AND NURSERY INC, 1 , 1 ,,
,3115,HOLLIDAY TOBACCO INC, 1 , 1 ,,
,3200,WRIGHT BROTHERS FARMS LLC, 1 ,,, 1 
,3201,JULIE RINI DBA CROWNING POINT FARM, 1 , 1 ,,
,3202,(blank), 1 ,,, 1 
,3203,STEPHEN TOBACCO CO LLC, 1 ,,, 1 
,3204,(blank), 1 ,,,
,3420,MILLBROOK CRICKET FARM INC, 1 , 1 ,,
,3523,(blank), 1 , 1 ,,
,3523,(blank), 1 ,,, 1 
,3524,(blank), 1 ,,, 1 
,3636,(blank), 1 ,,, 1 
,3645,(blank), 1 , 1 ,,
,3646,(blank), 1 , 1 ,,
,3715,(blank), 1 , 1 ,,
,3716,TERRY JENKINS DBA TRIPLE FARMS, 1 , 1 ,,
,3716,CHARLES S FERGUSON DBA FERGUSON FA, 1 , 1 ,,
,3717,(blank), 1 , 1 ,,
,3836,BRIAR ROSE NURSERY, 1 , 1 ,,
,3836,DUNNING HILL FARMS GEN PARTNERSHIP, 1 , 1 ,,
,3837,(blank), 1 , 1 ,,
,4057,SEASONAL HANDS LLC/MAYRA DIAZ BALL,,,, 1 
,4067,LYONS FARM,,,, 1 
,4127,RIVER BLUFF FARM,,,, 1 
,4159,(blank), 1 , 1 ,,
,4216,J & A FARMS LLC, 1 , 1 ,,
,4506,DRAPER FARMS LLC, 1 , 1 ,,
,4515,RBJ TOBACCO FARMS LLC, 1 , 1 ,,
,4520,(blank), 1 , 1 ,,
,4522,LYONS FAMILY FARM LLC, 1 ,,, 1 
,4524,JONES BROTHERS FARMS LLC, 1 , 1 ,,
,4524,GREEN ACRES & GREENHOUSES LLC, 1 ,,, 1 
,4525,(blank), 1 ,,, 1 
,4528,MURDOCK FARMS INC, 1 , 1 ,,
,4531,(blank), 1 , 1 ,,
,4541,FOUR P S FARMS, 1 ,,, 1 
,4541,H & H AGRI BUSINESS LLC, 2 , 2 ,,
,4541,MARK CUNMINGHAM FARMS LLC, 1 , 1 ,,
,,MARK CUNNINGHAM FARMS LLC, 1 , 1 ,,
,4541,AULBACH LAND USA LLC, 1 , 1 ,,
,4542,KIRKS FARM INC, 1 , 1 ,,
,4542,HAYDEN BROWN LEAF LLC,,,, 1 
,4542,NUNN FARMS LLC, 1 , 1 ,,
,4543,JOE B GRAY & SON LLC, 1 , 1 ,,
,4544,(blank), 1 , 1 ,,
,4544,M M & E LLC, 1 ,,, 1 
,4544,C B FARMS LLC, 1 , 1 ,,
,4545,(blank), 1 , 1 ,,
,4546,(blank), 1 ,,, 1 
,4546,(blank), 1 ,,, 1 
,4548,DEER CREEK FARMS LLC, 1 ,,, 1 
,4548,(blank), 1 , 1 ,,
,4548,(blank), 1 ,,, 1 
,4549,ELMWOOD STOCK FARM LLC, 1 , 1 ,,
,4549,(blank), 1 , 1 ,,
,4550,(blank), 1 ,,, 1 
,4552,(blank), 1 , 1 ,,
,4552,(blank), 1 , 1 ,,
,4552,(blank), 1 ,,, 1 
,4553,(blank), 1 , 1 ,,
,4556,(blank),, 1 ,,
,4604,ANDERSON NURSERIES INC, 1 , 1 ,,
,4612,BLUE BOY LAWN & LANDSCAPE LLC, 1 , 1 ,,
,4612,LOGSDON SPRING HOLLOW FARMS LLC, 1 , 1 ,,
,4614,G & R FARMS LLC, 1 ,,, 1 
,4615,NORTH AMERICAN TOBACCO CO LLC, 1 ,,, 1 
,4615,RICHGROVE TOBACCO LLC, 1 , 1 ,,
,4616,BARTON S CREEK FARM ASSOCIATION, 1 , 1 ,,
,4617,OWEN & RUST FARMS LLC, 1 ,,, 1 
,4617,WHH LLC, 1 , 1 ,,
,4617,(blank), 1 ,,, 1 
,4618,(blank), 1 , 1 ,,
,4619,(blank), 1 , 1 ,,
,4619,C & E TOBACCO FARMS LLC, 1 ,,, 1 
,4620,(blank), 1 , 1 ,,
,4620,WILCOXSON FARM LLC, 1 , 1 ,,
,4620,CHASE FUTRELL FARMS, 1 ,,, 1 
,4621,KY AG PARTNERS LLC, 1 , 1 ,,
,4622,TUCKER FARMS GRP LLC, 1 , 1 ,,
,4622,NEWCOME FARMS LLC, 1 ,,, 1 
,4622,N & A THOMAS FARMS LLC, 1 ,,, 1 
,4623,(blank), 1 ,,, 1 
,4623,(blank), 1 ,,, 1 
,4624,JONES ORCHARD PARTNERSHIP, 1 , 1 ,,
,4626,(blank), 1 , 1 ,,
,4626,FARMERS TOBACCO, 1 , 1 ,,
,4630,SHRYOCK FARM INC, 1 ,,, 1 
,4632,MDC FARM INC, 1 , 1 ,,
,4633,(blank), 1 , 1 ,,
,4636,DOUBLE F ENTERPRISES INC, 1 , 1 ,,
,4642,BOZE FARMS INC, 1 ,,, 1 
,4643,VEERING LLC, 1 , 1 ,,
,4643,GARY L BRAME FARMS LLC, 1 , 1 ,,
,4643,COOTS FARM LLC, 1 , 1 ,,
,4644,(blank), 1 , 1 ,,
,4645,BRECK TOBACCO LLC, 1 , 1 ,,
,4647,TALLGRASS FARM LLC, 1 , 1 ,,
,4647,(blank), 1 ,,, 1 
,4649,BARNETT FARMS LLC, 1 , 1 ,,
,4650,(blank), 1 ,,, 1 
,4652,MCKENZIE FARM LLC, 1 , 1 ,,
,4652,8 SUNNYSIDE FARMS LLC, 1 , 1 ,,
,4652,OMHM LLC, 1 ,,,
,4653,BIRGE FARMS LLC, 1 , 1 ,,
,4653,(blank), 1 , 1 ,,
,4654,(blank), 1 , 1 ,,
,4654,WARRINGTON FARMS LLC, 1 , 1 ,,
,4655,MTL FARMING LLC, 1 ,,, 1 
,4656,(blank), 1 ,,, 1 
,4656,(blank), 1 ,,, 1 
,4717,ANDY PERKINS FARMS LLC, 1 , 1 ,,
,4719,SYKES FAMILY FARMS LLC, 1 ,,, 1 
,4722,FOLZ & FOLZ FARMS LLC,, 1 ,,
,4724,SMITH AND SCOTT OF WESTERN KENTUCK, 1 , 1 ,,
,4725,RUCKER TOBACCO LLC, 2 , 2 ,,
,4725,JEFF MACK FARMS LLC, 2 , 1 ,, 1 
,4725,HARTON TOBACCO, 1 , 1 ,,
,4726,BARNETT TOBACCO CO LLC, 1 , 1 ,,
,4727,WESTERMAN FARMS LLC, 1 , 1 ,,
,4727,HAMPTON TOBACCO LLC, 1 , 1 ,,
,4728,ALVIS MONROE FARMS LLC, 1 , 1 ,,
,4728,TRIPLE J FARMS OF CEDAR HILL LLC, 1 ,,, 1 
,4729,WOODVIEW PLANTERS LLC, 1 , 1 ,,
,4729,BDH TOBACCO LLC, 1 ,,, 1 
,4730,(blank), 1 ,,, 1 
,4730,TEASLEY FARMS LLC, 1 , 1 ,,
,4731,3 J FARMS LLC, 1 , 1 ,,
,4731,BUTTERWORTH FARMS, 1 , 1 ,,
,4731,LEAR FARMS LLC, 1 , 1 ,,
,4731,CRITCHELOW & SONS LLC, 1 , 1 ,,
,4732,(blank), 1 , 1 ,,
,4735,CISNEROS BERRIES LLC, 1 , 1 ,,
,4736,HAYCO FARMS LLC, 1 , 1 ,,
,4737,BRENDA HUNT FARMS LLC, 1 , 1 ,,
,4738,AGKY LLC, 1 ,,, 1 
,4738,O BRYAN COMPOSTING LLC, 1 , 2 ,,
,4739,(blank), 1 ,,, 1 
,4743,(blank), 1 ,,,
,4753,SHALOM ENTERPRISES LLC, 1 , 1 ,,
,4754,MORTON FARMS LLC, 2 , 2 ,,
,4754,(blank), 1 , 1 ,,
,4755,(blank), 1 , 1 ,,
,5507,M AND H TOBACCO FARM INC, 1 , 1 ,,
,5645,(blank), 1 ,,, 1 
,6101,(blank), 1 , 1 ,,
,6105,BITTEL & BITTEL LLC, 1 , 1 ,,
,6105,NEWCOMB OIL CO LLC DBA STONE CREEK, 1 , 1 ,,
,6106,(blank), 1 , 1 ,,
,6108,(blank), 1 ,,, 1 
,6108,BOARD INVESTMENTS USA LLC, 1 ,,, 1 
,6108,(blank), 1 , 1 ,,
,6108,(blank), 1 , 1 ,,
,6109,BUSH & SON FARMS, 1 ,,, 1 
,6109,CUNDIFF FARMS, 1 , 1 ,,
,6109,(blank), 1 , 1 ,,
,6109,(blank), 1 ,,, 1 
,6109,JOE DAN TAYLOR FARMS, 1 , 1 ,,
,6109,(blank), 1 ,,, 1 
,6109,(blank), 1 ,,, 1 
,6109,LARRY TUCKER FARMS, 1 , 1 ,,
,6109,(blank), 1 , 1 ,,
,6109,BOBBY G HOLLOWAY FARMS, 1 , 1 ,,
,6109,(blank), 2 , 1 ,, 1 
,6109,G WATTS HUMPHREY JR DBA SHAWNEE FA, 1 , 1 ,,
,6109,(blank), 1 ,,, 1 
,6109,SNOW HILL NURSERY INC, 1 , 1 ,,
,6109,(blank), 1 , 1 ,,
,6109,GORDON FARMS, 1 , 1 ,,
,6109,(blank), 1 ,,, 1 
,6109,ROBEY FARMS, 1 , 1 ,,
,6109,DAVID BRUMFIELD FARMS, 1 , 1 ,,
,6109,KUEGEL TAX & ACCOUNTING INC, 1 , 1 ,,
,6109,(blank), 1 , 1 ,, 1 
,6110,(blank), 1 , 1 ,,
,6110,KERMIT & RAY LEWIS COFFEY PARTNERS, 1 , 1 ,,
,6110,AMMON WHOLESALE NURSERY INC, 1 , 1 ,,
,6110,AWMA INC FOR ROGER STULL,,,, 1 
,6110,(blank), 1 , 1 ,,
,6110,(blank), 1 ,,, 1 
,6110,(blank), 1 ,,, 1 
,6110,METCALFE LANDSCAPE & GARDEN CTR, 1 , 1 ,,
,6110,JAMES SANDERS NURSERY INC, 2 , 2 ,,
,6110,(blank), 1 ,,, 1 
,6111,(blank), 1 , 1 ,,
,6111,MUDD FARM INC, 1 , 1 ,,
,6111,CHESTER FARMS, 1 , 1 ,,
,6111,(blank), 1 , 1 ,,
,6111,TEMPLEMAN TOBACCO, 1 ,,, 1 
,6111,(blank), 1 , 1 ,,
,6111,(blank), 1 ,,, 1 
,6111,(blank), 1 , 1 ,,
,6111,YOUNG FARMS, 1 , 1 ,,
,6111,SANDY ABRAMS LANDSCAPING CO INC, 1 , 1 ,,
,6111,(blank), 1 ,,, 1 
,6111,(blank), 1 ,,, 1 
,6111,(blank), 1 , 1 ,,
,6111,STEVE JONES DBA JONES PARTNERSHIP, 1 ,,, 1 
,6111,ROBERTSON FARMS LLC, 1 , 1 ,,
,6111,GRAYSTONE FARMS, 1 , 1 ,,
,6111,(blank), 1 , 1 ,,
,6111,(blank), 1 , 1 ,,
,6111,TOMMY LITCHFIELD DBA LITCHFIELD BR, 1 , 1 ,,
,6111,LEESWOOD FARM INC, 1 ,,, 1 
,6111,(blank), 1 , 1 ,,
,6111,(blank), 1 , 1 ,,
,6111,(blank), 1 ,,,
,6111,(blank), 1 ,,, 1 
,6112,MIKE BROWN S WHOLESALE NURSERY LLC, 1 , 1 ,,
,6112,(blank), 1 ,,, 1 
,6112,(blank), 1 ,,, 1 
,6112,(blank), 1 , 1 ,,
,6112,BRAMER SEARCY SOD INC, 1 , 1 ,,
,6112,WORKMAN FARMS INC, 2 , 2 ,,
,6112,WALNUT GROVE FARMS PARTNERSHIP, 1 , 1 ,,
,6112,JACKIE CARSON FARMS, 1 , 1 ,,
,6112,SEVEN SPRINGS FARMS, 1 , 1 ,,
,6112,(blank), 1 , 1 ,,
,6112,(blank), 1 , 1 ,,
,6112,BLUEGRASS NURSERY INC, 1 , 1 ,,
,6112,JESSE & SHELBY EMMICK PARTNERSHIP, 1 , 1 ,,
,6112,R L MATHIS FARMS, 1 , 1 ,,
,6112,(blank), 2 , 1 ,, 1 
,6112,WIGGINS TOBACCO FARMS, 1 , 1 ,,
,6112,MURRAY EMPLOYMENT AGENCY INC,,,, 1 
,6112,(blank), 1 , 1 ,,
,6112,DEER RUN NURSERY, 1 , 1 ,,
,6112,(blank), 1 , 1 ,,
,6112,(blank), 1 , 1 ,,
,6112,(blank), 1 , 1 ,,
,6112,(blank), 1 , 1 ,,
,6112,PWM FARM PROPERTIES INC, 1 , 1 ,,
,6113,STEVE CROUCH FARMS, 1 ,,, 1 
,6113,(blank), 1 ,,, 1 
,6113,(blank), 1 , 1 ,,
,6113,(blank), 1 , 1 ,,
,6113,SMITH FARMS, 1 ,,, 1 
,6113,ELDRIDGE FARMS LLC, 1 , 1 ,,
,6113,FROG FARMS LLC, 1 , 1 ,,
,6113,(blank), 1 , 1 ,,
,6113,HARTWELL FARM INC,, 1 ,,
,6113,WURTH BROS FARMS LLC, 1 , 1 ,,
,6113,SHACKELFORD FARMS, 1 , 1 ,,
,6113,FROGUE FARMS, 1 , 1 ,,
,6113,TRI STATE LAWN CARE INC, 1 , 1 ,,
,6113,CASTLEPARK FARM LLC, 1 , 1 ,,
,6113,FITZGERALD FARMS INC, 1 , 1 ,,
,6113,KEITH HARRIS FARMS INC, 1 , 1 ,,
,6113,KNOTT FARMS LLC, 1 , 1 ,,
,6113,TODD CLARK FARMS INC, 1 , 1 ,,
,6113,(blank), 1 , 1 ,,
,6113,HAYDEN LANDSCAPE & DESIGN INC, 1 , 1 ,,
,6113,(blank), 1 ,,, 1 
,6113,MOHON FARMS, 1 , 1 ,,
,6113,MATTINGLY BROS FARMS, 1 ,,, 1 
,6113,CONSOLATION FARMS LLC, 2 , 2 ,,
,6114,(blank), 1 ,,, 1 
,6114,(blank), 1 ,,, 1 
,6115,(blank), 1 , 1 ,,
,6115,LEE CHILDRESS FARMS LLC, 1 , 1 ,,
,6115,(blank), 1 , 1 ,,
,6115,(blank), 1 ,,, 1 
,6207,FRANK FLYNN DBA BLOOMFIELD FARMS, 1 , 1 ,,
,6208,(blank), 1 , 1 ,,
,6209,(blank), 1 ,,, 1 
,6210,MEADOW BROOK GAME FARM, 1 , 1 ,,
,6210,DENNISON FAMILY FARMS PARTNERSHIP, 1 , 1 ,,
,6211,(blank), 1 , 1 ,,
,6211,(blank), 1 ,,, 1 
,6211,ROBIN SLEIGH DBA H & S FARMS, 1 , 1 ,,
,6212,(blank), 1 , 1 ,,
,6213,CONSIDINE FARM INC, 1 , 1 ,,
,6214,(blank), 1 , 1 ,,
,6214,(blank), 1 ,,, 1 
,6215,RAINEY FARMS, 1 , 1 ,,
,6215,MOUNTAIN CREEK NURSERY LP, 1 , 1 ,,
,6216,STORY FARMS, 1 ,,, 1 
,6216,(blank), 1 , 1 ,,
,6216,(blank), 1 , 1 ,,
,6218,JEFFERY JONES DBA CIR J TREE FARM, 1 , 1 ,,
,6305,GREEN VALLEY FARMS INC, 1 , 1 ,,
,6406,LAKELAND YARD AND GARDEN, 1 , 1 ,,
,6512,CLAYTON AG SERVICES LLC, 1 , 1 ,,
,6806,KAMUF TOBACCO CO LLC, 1 , 1 ,,
,7110,(blank), 1 , 1 ,,
,7531,(blank), 1 , 1 ,,
,7604,LANES END STALLIONS INC, 1 , 1 ,,
,7706,(blank), 1 , 1 ,,
,8003,(blank), 1 ,,, 1 
,8005,MACKEY ENTERPRISES LLC, 1 , 1 ,,
,8007,PEARSON FARMS LLC, 1 , 1 ,,
,8107,GLENN BROTHERS FARMS LLC,, 1 ,,
,8109,TURNERS LANDSCAPING LLC, 1 , 1 ,,
,8109,ELK FORK FARMS LLC, 1 ,,, 1 
,8109,SHULTZ FARMS LLC, 1 ,,, 1 
,8112,JCB FARMS LLC, 1 ,,, 1 
,8112,WATERMELON RD TOBACCO LLC, 1 ,,, 1 
,8112,S K FARMS, 1 ,,, 1 
,8113,TAYLOR FARMS TOBACCO LLC, 1 ,,, 1 
,8113,WIGGINGS FARMS LLC, 2 , 1 ,, 1 
,8113,TURNER FARMS TOBACCO LLC, 1 , 1 ,,
,8113,SVG FARM LLC, 1 , 1 ,,
,8114,(blank), 1 ,,, 1 
,8114,HIGHBAUGH FARMS TOBACCO LLC, 1 ,,, 1 
,8114,(blank), 1 ,,, 1 
,8117,ROWLETT TOBACCO FARMS LLC, 1 , 1 ,,
,8120,(blank), 1 ,,, 1 
,8122,(blank), 1 , 1 ,,
,8130,C/O K T LABOR PREPARER IN BEHALF O, 1 ,,, 1 
,8146,JOINT LABOR LLC, 1 , 1 ,,
,8149,GERMANTOWN FARMS LLC, 1 , 1 ,,
,8152,OVERTON ENTERPRISES LLC, 1 , 1 ,,
,8152,JORDON FARMS TOBACCO LLC, 1 , 1 ,,
,8303,NICK SMITH CATTLE CO, 1 , 1 ,,
,9004,(blank), 1 , 1 ,,
,9004,(blank), 1 ,,, 1 
,9006,HINTON ENTERPRISES LLC, 1 , 1 ,,
,9006,PERRY FARMS LLC, 1 , 1 ,,
,9434,(blank), 1 ,,, 1 
,9437,(blank), 1 , 1 ,,
,(blank),FURNWOOD FARMS LLC, 1 , 1 ,,
,,KT LABOR AGENT,,,, 1 
,,RINEY DAIRY LLC, 1 , 1 ,,
,,SHANNON PERRY DBA PERRY FARMS, 1 , 1 ,,
,,(blank),,,, 3 
KENTUCKY Total,,, 446 , 330 ,, 128 
LOUISIANA,1067,KEVIN BLOOD FARMS, 1 , 1 ,,
,1069,A-1 GROWERS INC,,,, 1 
,1082,WILLIS PROVOST TRANSPORTATION CO I, 1 , 1 ,,
,1095,RICKY JUDICE FARMS LLC, 1 , 1 ,,
,2068,FOUR OAKS FARMS, 1 , 1 ,,
,4380,TRIMCO NURSERIES,,,, 1 
,1138,CHARLES A FONTENOT FARMS, 1 , 1 ,,
,2002,LEVERT ST JOHN FARMS INC, 1 , 1 ,,
,2005,CRAIG NEAL & SONS FARM LLC,, 1 ,,
,2006,STAGG FARMS INC, 1 , 1 ,,
,2008,GODEAUX & GUILLORY FARMS LLC, 1 , 1 ,,
,2012,P&M CRAWFISH L L C, 1 , 1 ,,
,,P&M CRAWFISH LLC,, 1 ,,
,2012,HANNAN DESHOTELS FARMS, 1 , 1 ,,
,2013,DUCOTE S TREE FARM, 1 , 1 ,,
,2033,CHRISTIAN RICHARD FARMS LLC, 1 , 1 ,,
,2041,HARANG SUGARS INC, 1 , 1 ,,
,2043,MISTRETTA FARMS, 1 , 1 ,,
,2043,ECHO FARMS PARTNERSHIP, 1 , 1 ,,
,2044,BARRET R OLIVIER, 1 , 1 ,,
,2049,CYPREMORT PLANTING CO LLC, 3 , 3 ,,
,2051,JARROD BREAUX FARMS,, 1 ,,
,2057,GIBKO NURSERY AND SIGNS INC,, 1 ,,
,2057,AZUCAR INC, 1 , 1 ,,
,2081,LUKE AND KAYLA SAYES FARMS, 1 , 1 ,,
,2083,BERTHELOT CRAWFISH CO LLC,, 1 ,,
,2083,QUAD AG ENTERPRISE LLC, 1 , 1 ,,
,2088,BEN MERRICK FARMS LLC, 1 , 1 ,,
,2601,DEMAND QUALITY L L C, 1 , 1 ,,
,2606,TATE FARMS LLC,, 1 ,,
,2606,GREEN ACRES, 1 , 1 ,,
,2612,ST MARTIN SEAFOOD INC, 1 , 1 ,,
,2614,RIO VERDE NURSERY L L C, 1 , 1 ,,
,2615,AVOYELLES CRAWFISH & SEAFOOD LLC, 1 , 1 ,,
,2615,B & C UNLIMITED INC, 1 , 1 ,,
,2615,RESOURCE ENVIRONMENTAL SOLUTIONS L, 2 , 2 ,,
,2616,3S FARMS LLC, 1 , 1 ,,
,2618,CANEZARO BROTHER S FARMS LLC, 1 , 1 ,,
,2619,MCCAULEY FARMS, 2 , 3 ,,
,2621,DAMIAN GLASER FARMS LLC,, 1 ,,
,2625,KOG FARMS LLC, 1 , 1 ,,
,2628,LASUCA FARM L L C, 1 , 1 ,,
,2629,CAMPESI & LEGLUE PLANTING LLC,,,, 1 
,2629,ADELINE ENTERPRISES L L C, 1 , 1 ,,
,2638,LAVERGNE FARMS LLC, 1 , 1 ,,
,2640,BIG HORN RICE FARM PARTNERSHIP, 1 , 1 ,,
,2641,BRIGNAC FARMS LLC, 1 , 1 ,,
,2641,HENNING MANAGEMENT LLC, 1 , 1 ,,
,2642,JOSEPH O KENT FARMS, 1 , 1 , 1 ,
,2643,LEJEUNE AERIAL APPLICATIONS, 2 , 2 ,,
,2643,JOE BEAUD III FARMS LLC, 1 , 1 ,,
,2700,KARL A GLASER FARM LLC, 1 , 1 ,,
,2709,PHILIP GUINN FARMS LLC, 1 , 1 ,,
,2717,W J FARMS LLC, 1 , 1 ,,
,2717,U & R FARMS LLC, 1 , 1 ,,
,2735,KYLE R FONTENOT,, 1 ,,
,2735,CLINT FREYOU FARMS,, 1 ,,
,2737,Z FARMS LLC,, 2 ,,
,2740,IVERSTINE FAMILY FARMS LLC, 1 , 1 ,,
,2741,GONS GO LLC, 1 , 1 ,,
,3000,JASON DESHOTEL, 1 , 1 ,,
,3117,JOHN CARBALAN FARMS, 1 , 1 ,,
,3117,JEREMY HILL,, 1 ,,
,3200,ROBBIE DEVILLIER FARMS AND SVCS LL,, 1 ,,
,3310,ANDERSON S PRODUCE & PLANT FARN, 1 , 1 ,,
,3311,TEE GUIDRY FARMS, 1 , 1 ,,
,3525,H & B FARMS LLC, 1 , 1 ,,
,3647,ANTHONY PLATTSMIER FARMS, 1 , 1 ,,
,3647,NASH CATTLE CO LLC, 1 ,, 1 ,
,3717,BORDELON S APIARIES LLC, 1 , 1 ,,
,3837,CANNATELLA OUTDOORS LLC, 1 , 1 ,,
,4120,S & S CATTLE CO INC, 1 , 1 ,,
,4121,LINDUM FARMS LLC, 1 , 1 ,,
,4333,(blank), 1 , 1 ,,
,4341,TAYLOR SCAPES, 1 , 1 ,,
,4376,BRANDON HABETZ LLC, 1 , 1 ,,
,4376,ROSS FREDERICK, 1 , 1 ,,
,4377,WALNUT GROVE PLANTATION,, 1 ,,
,4378,CHRIS LEMOINE JR FARMS,, 1 ,,
,4391,(blank),,,, 2 
,4392,MARK ZAUNBRECHER, 1 , 1 ,,
,4393,CURTIS CORMIER, 1 , 1 ,,
,4503,BLACK GOLD FARMS INC, 1 ,,, 1 
,,BLACK GOLD FARMS LLC, 1 , 1 ,,
,4527,CARLTON J ROSE JR, 1 , 1 ,,
,4540,WESTCO PARTNERSHIP, 1 , 1 ,,
,4542,ELLIOT & CHRISTINA COLVIN, 1 , 1 ,,
,4552,PATRICK CHURCHMAN, 1 , 1 ,,
,4607,JOHN GOODE FARMS PARTNERSHIP, 1 , 1 ,,
,4610,TOUPS FARMS LLC, 1 , 1 ,,
,4611,C F F D CRAWFISH LLC,, 1 ,,
,4614,EVE N GARBARINO JR,, 1 ,,
,4616,BOONE FARMS L L C, 1 , 1 ,,
,4617,NATURES OWN NURSERY LLC, 1 , 1 ,,
,4621,ELLIS FARM LLC, 1 , 1 ,,
,4626,SIMON FARMS LLC, 1 , 1 ,,
,4628,E & L BIEBER FARMS LLC, 1 , 1 ,, 1 
,4629,LUCKETT FARMS LLC, 1 , 1 ,,
,4630,GROS FARMS LLC, 1 , 1 ,,
,4631,ROLAND ANDRUS FARMS LLC,, 1 ,,
,4642,(blank), 1 , 1 ,,
,4644,BIG LEAGUE CRAWFISH LLC, 1 , 1 ,,
,4646,LYNN FARMS, 1 , 1 ,,
,4647,MARK MIXON DBA MIXON FARMS, 1 , 1 ,,
,4648,GRADE A CRAWFISH, 1 , 1 ,,
,4649,MONTE ROSINSKI FARMS LLC, 1 , 1 ,,
,4652,TD S CRAWFISH LLC, 1 , 1 ,,
,4656,TED M BULLER FARMS, 1 , 1 ,,
,4716,JAS CRAWFISH LLC, 1 , 2 ,,
,4717,SOUTHDOWN PLANTATION LLC, 1 , 1 ,,
,4717,HONEY CROSS FARMS PARTNERSHIP, 1 , 1 ,,
,4719,MH FARMS LLC, 1 ,,, 1 
,4720,S&W BROWN FARMS LLC, 1 , 1 ,,
,4721,CHASE MCDANIEL, 1 , 1 ,,
,4723,FLOYED RICE LLC, 2 , 2 ,,
,4727,DESHOTELS BROTHERS FARMS, 1 , 1 ,,
,4738,EARL ROY ENTERPRISES LLC, 1 , 1 ,,
,4751,KLONDIKE CRAWFISH FARMS LLC, 1 , 1 ,,
,4752,MCCALEB S FLYING SVC LLC, 1 , 1 ,,
,,MCCALEB S FLYING SVCS LLC, 1 , 1 ,,
,6114,CB AND C FARMS LLC, 1 ,,, 1 
,6217,SOLIMAR EE LLC, 1 ,,, 1 
,6409,FRITZ ISLAND FARMS,,,, 1 
,6805,NUGENT TURTLE FARMS LLC, 1 , 1 ,,
,7111,DESHOTEL FARMS, 1 , 1 ,,
,7201,ALMA PLANTATION LLC, 1 , 1 ,,
,7201,A & F FARMS INC, 1 , 1 ,,
,7204,PALO ALTO INC, 1 , 1 ,,
,7204,E G ROBICHAUX LLC, 1 , 1 ,,
,7205,T LANAUX & SON LLC, 1 , 1 ,,
,7205,PAUL SCHEXNAYDER FARMS, 1 , 1 ,,
,7205,DICK BROWN, 1 , 1 ,,
,7205,RONALD R HEBERT INC, 1 , 1 ,,
,7205,WELDING TESTING LAB DBA HENDERSON, 1 , 1 ,,
,7205,GLYNN RIVET & SONS INC, 1 , 1 ,,
,7207,RICE ACRES INC, 1 , 1 ,,
,7207,WALET BROS INC, 1 , 1 ,,
,7207,WELCOME PLANTATION INC, 2 , 2 , 1 ,
,7207,LOEWER BROTHERS MICAH JAMES & PAUL,, 1 ,,
,7207,M & W FARMS INC, 1 , 1 ,,
,7207,M HYMEL & SONS INC, 1 , 1 ,,
,7207,DOUG YOUNG NURSERY,,,, 1 
,7208,RYLAND ENTERPRISES INC,,,, 1 
,7208,FREYOU FARMS, 1 , 1 ,,
,7208,WILLIAM J O BRIEN, 1 , 1 ,,
,7208,P & G ROY FARMS, 1 , 1 ,,
,7208,KENNETH OLIVIER FARMS, 1 , 1 ,,
,7208,GARBER FARMS, 1 , 1 ,,
,7208,GERARD FREY FARMS, 1 , 1 ,,
,7208,WESTOVER FARMS INC, 1 , 1 ,,
,7209,FOUR OAKS FARMS, 1 , 2 ,,
,7209,JORDAN NEWTON INC AND MIKE NEWTON, 1 , 1 ,,
,7209,WOODS FARMS INC, 1 , 1 ,,
,7209,JAMES S MAYEAUX, 1 , 1 ,,
,7209,OLIVIA PLANTATION INC, 1 , 1 ,,
,7209,CARMOUCHE PLANTING VO, 1 , 1 ,,
,7209,YOUNG HOLLOW NURSERY INC, 1 , 1 ,,
,7209,STEVEN HALBERT FARMS, 1 , 1 ,,
,7209,RAY KIMBLE KIM BERZAS,, 1 ,,
,7209,BLANCHARD & PATOUT INC, 1 ,,, 1 
,7209,DAVID LANDRENEAU FARMS,,,, 1 
,7209,LA CTR FOR EQUINE REPRODUCTION LLC, 1 , 1 ,,
,7210,EWS FARMS LLC, 1 , 1 ,,
,7210,NEWTON PRODUCE LLC, 1 , 1 ,,
,7210,A & M FARMS INC, 1 , 1 ,,
,7210,MICHAEL G MELANCON D/B/A MELANCON, 1 , 1 ,,
,7210,DWIGHT HOLLIER FARMS, 1 , 1 ,,
,7210,HERBERT DOUCET,, 1 ,,
,7210,SPIKE NOEL FARMS, 1 , 1 ,,
,7210,RAYMOND FRUGE, 1 , 1 ,,
,7210,MONTE VALLOT S FARM, 1 , 1 ,,
,7210,LOGAN FARMS PARTNERSHIP, 1 , 1 ,,
,7210,TURNER BROTHER FARMS, 1 , 1 ,,
,7210,PASSMORE FARMS,, 1 ,,
,7210,STEVEN CRAIG OLIVIER, 1 , 1 ,,
,7210,ELISE PLANTING CO INC, 1 , 1 ,,
,7210,JOSEPH ARNOLD NATALI DBA NATALI FA, 1 , 1 ,,
,7210,JEFFERY G LEGER & JAMES T LEGER FA,, 1 ,,
,7210,M J NAQUIN INC, 1 , 1 ,,
,7211,PLANTATION CRAWFISH LLC, 1 , 1 ,,
,7211,BAIN FARMS PARTNERSHIP, 1 , 1 ,,
,7211,CANE INC, 1 , 1 ,,
,7211,JOEY OLIVIER FARMS, 1 , 1 ,,
,7211,JUMONVILLE FARMS, 1 , 1 ,,
,7211,NEWTON CANE CO, 1 , 1 ,,
,7211,CASON TIMBER AND CATTLE CO, 1 , 1 ,,
,7211,ZAUNBRECHER & CASSEDY FARMS INC,,,, 1 
,7211,DENNIS HENSGENS FARMS,, 1 ,,
,7211,PARKER FARMS PARTNERSHIP, 1 , 1 ,,
,7211,BURT OUBRE FARMS, 1 , 1 ,,
,7211,HEBERT BROS FARMS INC, 1 , 1 ,,
,7211,DANIEL NAQUIN FARMS INC, 1 , 1 ,,
,7211,PATOUT EQUIPMENT CO, 1 ,,, 1 
,7211,VERMILION GATOR FARMS INC, 1 , 1 ,,
,7211,3D SUGAR FARMS INC, 2 , 1 ,, 1 
,7211,BRADLEY ZAUNBRECHER FARMS,, 1 ,,
,7211,R & D FARMS, 1 , 1 ,,
,7212,ADVANCED AGRICULTURE INC, 1 , 1 ,,
,7212,RICKY RIVET FARMS, 1 , 1 ,,
,7212,MOREIN FARMS PARTNERSHIP,, 1 ,,
,7212,MELANCON SUGARCANE FARMS INC, 2 , 1 ,, 1 
,7212,RODRIGUE PLANTING CO, 1 , 1 ,,
,7212,KENNETH TAYLOR FARMS, 1 , 1 ,,
,7212,JOHN LEONARDS FARMS, 1 , 1 ,,
,7212,(blank), 1 , 1 ,,
,7212,D & R BLANCHARD FARMS INC,,,, 1 
,7212,MERRICK FARMS, 1 , 1 ,,
,7212,KENNEY BOOK FARMS, 1 , 1 ,,
,7212,FIVE S FARMS, 1 , 1 ,,
,7212,LONE PINE FARMS, 1 , 1 ,,
,7212,DAVID J JARREAU FARMS, 1 , 1 ,,
,7212,MOUNGER FARMS, 1 , 1 ,,
,7212,LOUISIANA CRAWFISH CO, 1 , 1 ,,
,7212,B & T FARMS PARTNERSHIP, 1 ,,, 1 
,7212,DAWSON FARMS LLC,,,, 1 
,7212,CRS LLC, 1 , 1 ,,
,7212,LOUISIANA AQUACULTURE INVESTMENTS, 1 , 1 ,,
,7212,JEFFERY NEWTON FARMS, 1 , 1 ,,
,7212,SEGURA FARMS LLC AND JAIME SEGURA, 1 , 1 ,,
,7212,DAUTERIVE CONTRACTORS INC, 1 , 1 ,,
,7212,AB&T ZAUNBRECHER FARMS, 1 , 1 ,,
,7212,FRANK PEARCE JR AND SON S FARMS IN, 1 , 1 ,,
,7212,BESSIE K PLANTING INC,,,, 1 
,7212,RIVER ROAD RANCH INC, 1 , 1 ,,
,7213,DARREN GREEN FARMS, 1 , 1 ,,
,7213,TEE & SONS FARMS INC, 1 , 1 ,,
,7213,LANDRY FARMS, 1 , 1 ,,
,7213,R SCHEXNAYDER & SONS LLC, 1 , 1 ,,
,7213,WESTBANK PLANTING CO PARTNERSHIP, 1 , 1 ,,
,7213,TERRY B BLANCHARD FARMS, 1 , 1 ,,
,7213,FREY FARMS PARTNERSHIP,,,, 1 
,7213,DUFECO PLANTING CO, 1 , 1 ,,
,7213,R DUGAS FAMILY FARM LLC, 1 , 1 ,,
,7213,POWELL FARM PARTNERS LP, 1 , 1 ,,
,7213,DENTON E & MONA B HADLEY PARTNERS, 1 , 1 ,,
,7213,THE BRANCH RANCH INC, 1 , 1 ,,
,7214,TURF GRASS FARMS INC, 1 , 1 ,,
,7214,DAVID HABETZ FARMS, 1 , 1 ,,
,7214,WENDELL BRUNET FARM,, 1 ,,
,7214,HMC FARMS LLC, 1 , 1 ,,
,7214,SUGAR WEST INC, 1 , 1 ,,
,7214,KENT SOILEAU FARMS, 1 , 1 ,,
,7214,LEDOUX BROTHERS FARM PARTNERSHIP L,, 1 ,,
,7214,EARL ROY FARM OF LA LLC, 1 , 1 ,,
,7214,D AND D PLANTERS INC, 1 , 1 ,,
,7214,THOMASSON FARMS, 1 , 1 ,,
,7214,DOUBLE OAK GARDEN CTR DBA DOUBLE O, 1 , 1 ,,
,7214,J & P FARMS, 2 , 2 ,,
,7214,SEVENTY ONE PLANTATION PLANTING CO, 2 , 2 ,,
,7214,TRIPLE K & M FARMS INC, 1 , 1 ,,
,7214,BELLE SOD CO LLC, 1 , 1 ,,
,7214,HEBERT FARMS, 2 , 2 ,,
,7214,VARGAS NURSERY, 1 , 1 ,,
,7214,FLORENCE FARMS LLC,,,, 1 
,7214,DOUG YOUNG NURSERY L L C, 1 , 1 ,,
,7214,ARTALL FARMS LLC, 1 , 1 ,,
,7214,THE LIRIOPE FACTORY INC, 1 , 1 ,,
,7215,HOLLEY II, 1 , 1 ,,
,7215,KNOTT S FARM INC, 1 , 1 ,,
,7215,TROY WEST FARMS,,,, 1 
,7215,RED GUM PLANTING CO NO2, 1 , 1 ,,
,7260,PATOUT PRICE AND SMITH DBA TRIANGL, 1 , 1 ,,
,7312,EDWARD J VINCENT FARMS, 2 , 2 ,,
,7414,CIRCLE A FARM, 1 , 1 ,,
,7430,SUN GROUP INVESTMENTS LLC, 1 , 1 ,,
,7515,DENAIS FARMS, 1 , 1 ,,
,,DENAIS FARMS / ACADIAN RICE MILL L, 1 , 1 ,,
,7531,MEDINE FARMS INC, 1 , 1 ,,
,8002,BRENNAN C OLIVIER, 1 , 1 ,,
,8002,BRANDON VAIL DBA BV FARMS, 1 , 1 ,,
,8107,FRANCOIS FARMS LLC, 1 , 1 ,,
,8118,BONANZA CRAWFISH LLC, 3 , 3 ,,
,8131,WHITE MARSH CRAWFISH LLC, 1 , 1 ,,
,8139,M&J AGRICULTURAL SVCS LLC,, 1 ,,
,8143,BYRNE S MUDBUGS LLC, 1 , 1 ,,
,8145,AARON OLIVIER, 1 , 1 ,,
,8145,ENGEMANN FARMS LIVE OAK PLANTING I, 1 ,,, 1 
,8146,SWAMPDADDY CRAWFISH LLC, 1 , 1 ,,
,8150,MZ GROWERS PARTNERSHIP, 1 , 1 ,,
,8416,L T SEAFOOD, 1 , 1 ,,
,8417,MENARD FARM LLC, 1 , 1 ,,
,8803,JOHNNY R COCO FARMS, 1 , 1 ,,
,9005,MARK CALLEGAN FARMS LLC, 1 , 1 ,,
,9120,JUSTIN FREDERICK FARM, 1 , 1 ,,
,9121,B & T SUGAR CANE FARMS INC, 1 , 1 ,,
,(blank),CRAIG GAUTREAUX,,,, 1 
,,HAMBURG MILLS FARMS / WAYSIDE FARM, 1 , 1 ,,
,,HESS RANCH/GLASER FARM PARTNERSHIP, 1 , 1 ,,
,,J & J FARMS/MORRIS PLANTING CO GP, 1 , 1 ,,
,,JOEY SCHNEIDER,,,, 1 
,,LEVIN SAVOY FARM/CAJUN CLASSIC CRA, 1 ,,, 1 
,,MORROW FARMS / FLETCHER FARMS, 1 , 1 ,,
LOUISIANA Total,,, 262 , 282 , 3 , 30 
MAINE,1043,LES ENTREPRISES FORESTIERES G DOYO,, 1 ,,
,9811,DAAQUAM LUMBER,,, 1 ,
MAINE Total,,,, 1 , 1 ,
MARYLAND,4373,BLACK ANKLE VINEYARDS,, 1 ,,
,4374,MOUNTAINSIDE FARM LLC, 1 , 1 ,,
,1234,(blank),,,, 1 
,2004,KOINONIA PARTNERSHIP D B A GRAMERC, 1 , 1 ,,
,2028,NEW MARKET PLAINS LLC, 1 , 1 ,,
,2086,ARNOLD FARMS LLC, 1 , 1 ,,
,2318,ANGELICA NURSERIES INC, 1 , 1 ,,
,2621,HARMAN S PRODUCE LLC, 1 , 1 ,,
,2627,FREY AGRICULTURAL PRODUCTS INC, 1 , 1 ,,
,2634,WALLS NURSERIES LLC DBA PHYTO ECOL, 1 , 1 ,,
,2717,OLD WESTMINSTER WINERY LLC, 1 , 1 ,,
,2741,ROCK HILL ORCHARD LLC, 1 , 1 ,,
,2750,FRUITS & VEGETABLES BY LEWIS ORCHA, 1 , 1 ,,
,4528,HARDING S ORCHARD LLC, 1 , 1 ,,
,4619,MOUNTAIN VALLEY ORCHARD LLC, 1 , 1 ,,
,4731,78 ACRES LLC, 1 , 1 ,,
,5207,SCENIC VIEW ORCHARDS INC, 1 , 1 ,,
,5208,BAUGHER ENTERPRISES INC, 1 , 1 ,,
,5208,CATOCTIN MOUNTAIN ORCHARD, 1 , 1 ,,
,5208,RINEHART ORCHARDS INC, 1 , 1 ,,
,5209,PAHLS FARM, 1 , 1 ,,
,5210,LARRILAND FARM INC, 1 , 1 ,,
,5210,MANOR VIEW FARM INC, 1 , 1 ,,
,5210,WEBERS CIDER MILL FARM INC, 1 , 1 ,,
,5211,WHITE HOUSE NURSERY, 1 , 1 ,,
,5211,SHLAGEL FARMS, 1 , 1 ,,
,5212,PINE VALLEY FARMS, 1 , 1 ,,
,5212,FRIENDLY HALL FARM LLC, 1 , 1 ,,
,5215,MICHAEL DICKINSON INC,,,, 1 
,,MICHAEL W DICKINSON INC, 1 , 1 ,,
,5218,KING S TREE FARM, 1 , 1 ,,
,5219,ALBRIGHT FARMS INC, 1 , 1 ,,
,5219,BUTLER S ORCHARD FARM, 1 , 1 ,,
,5223,BRADS PRODUCE LLC, 1 , 1 ,,
,5223,(blank), 1 , 1 ,,
,6114,LOHR S ORCHARD, 1 ,,, 1 
,7532,ONE STRAW FARM LLC, 1 , 1 ,,
,8120,BAKER S NURSERY AND TREE SVC, 1 , 1 ,,
,8120,HOMESTEAD FARM & ORCHARD LLC, 1 , 1 ,,
MARYLAND Total,,, 36 , 36 ,, 3 
MASSACHUSETTS,4224,MERRIMACLE VALLEY APIARIES INC,,,, 1 
MASSACHUSETTS Total,,,,,, 1 
MICHIGAN,2041,JOE RASCH ORCHARDS INC, 1 , 1 ,,
,2042,BERVILLE FARMS LLC, 1 ,,, 1 
,2082,TODD GREINER FARMS PACKING LLC, 1 ,,, 1 
,3311,NEW LEAF ORCHARDS LLC, 1 , 1 ,,
,3821,RETTELE RACING STABLE,,,, 1 
,3822,HARBOR HILL FRUIT FARMS INC, 1 , 1 ,,
,3822,MICK KLUG FARMS, 1 , 1 ,,
,3823,(blank), 1 ,,, 1 
,3824,RUSSELL COSTANZA FARMS, 1 , 1 ,,
,3824,FOGLERS ORCHARD & FARM, 1 ,,, 1 
,3825,HENRY ORCHARDS INC, 1 ,,, 1 
,3825,IOTT FARMS INC, 1 , 1 ,,
,3827,PARRAN S BERRY FARM, 1 , 1 ,,
,3829,WAGENMAKER FARMS INC, 1 , 1 ,,
,3829,LEITZ FARMS LLC, 1 , 1 ,,
,3830,SVF INC, 1 , 1 ,,
,3831,BEBOW TRANSPORT INC, 1 , 1 ,,
,3835,WINDY RIDGE ORCHARDS, 1 , 1 ,,
,4722,MANZANA LLC, 3 , 2 ,, 1 
,8113,A&B COSTANZA FARMS LLC, 1 , 1 ,,
MICHIGAN Total,,, 21 , 15 ,, 7 
MINNESOTA,1027,SPEAR FARMS INC, 1 , 1 ,,
,1070,E CLAN INC, 1 , 1 ,,
,4315,CIDER HILL FARM, 1 , 1 ,,
,1234,HARASETH BROTHERS, 1 , 1 ,,
,1418,COUNTRY GARDENS FLORAL & GREENHOUS, 1 , 1 ,,
,2002,NEW HORIZON DAIRY, 2 , 2 ,,
,2004,BLUE HILL RANCH GP, 2 , 2 ,,
,2023,NBBO FARMING, 1 , 1 ,,
,2023,NOVAK S GROWN RIGHT VEGETABLES, 1 ,,, 1 
,2086,RINKE CUSTOM HARVESTING LLP, 1 , 1 ,,
,2623,HICKORY ORCHARD LLC, 2 , 2 ,,
,2630,RIVERVIEW LLP, 7 , 7 ,,
,2638,CHARLES STEIN, 1 , 1 ,,
,2640,LAMB S HONEY FARM,,,, 1 
,2644,FIELD BROTHERS FARMS DBA ROW AGRIC, 1 , 1 ,,
,2714,ALLEN YAGGIE FARMS INC, 1 , 1 ,,
,2743,PETERSON FARM, 1 , 1 ,,
,2743,YAGGIE FARMS, 2 , 1 ,, 1 
,2744,KAHNKE BROTHERS INC, 1 , 1 ,,
,2754,PROSSER KUZNIA GP, 1 , 1 ,,
,3000,SORUM FARMS, 1 , 1 ,,
,3200,SCHINDELE FARM, 1 , 1 ,,
,3311,P & K FARMS, 1 , 1 ,,
,3907,SCHROEDERS FLOWERS, 1 , 1 ,,
,4107,SORG FARMS PARTNERSHIP, 2 ,,, 2 
,4109,BAILEY NURSERIES INC, 2 , 2 ,,
,4112,JERGENSON MINK RANCH INC, 1 , 1 ,,
,4113,JIM WHITING NURSERY & GARDEN CTR I, 1 , 1 ,,
,4113,GERTEN GREENHOUSES, 3 , 2 ,, 1 
,4114,SCHAEFER FARMS INC, 1 , 1 ,,
,4115,WESCOTT AGRI PRODUCTS INC, 1 , 1 ,,
,4116,PEDERSON BROTHERS FARMS, 1 , 1 ,,
,4116,WILMER FARMS INC, 1 ,,, 1 
,4116,ROBERT YAGGIE FARMS, 1 , 1 ,,
,4117,BACHMAN S INC, 1 , 1 ,,
,4117,BERRY APIARIES, 1 ,,, 1 
,4117,YARDMASTERS LANDSCAPE & NURSERY IN, 1 , 1 ,,
,4117,FARMCO SUPPLY CO LLP, 1 , 1 ,,
,4117,LB PORK INC, 1 , 1 ,,
,4119,CARLSON HARVESTING INC, 1 , 1 ,,
,4119,THRONSON FARMS, 1 , 1 ,,
,4119,NYMANN INC, 1 , 1 ,,
,4161,SOUTHWIND ORCHARDS, 2 , 1 ,, 1 
,4190,DON YAGGIE FARMS, 1 , 1 ,,
,4320,LIMA FAMILY FARMS, 1 , 1 ,,
,4503,STEVEN EIDSNESS, 1 , 1 ,,
,4503,SCOTT HOWATT GRAIN FARMS, 1 ,,, 1 
,4503,NISSEN FARMS, 1 ,,, 1 
,4503,RAFFERTY FARM, 1 , 1 ,,
,4503,DAVE LINSTAD FARM, 1 ,,, 1 
,4504,NELSON FARMS, 1 , 1 ,,
,4504,HOVE FARMS, 1 , 1 ,,
,4504,SOYKO INTL INC, 1 ,,, 1 
,4520,AJAR FAMILY FARM LLC, 1 ,,, 1 
,4604,KARLEN RANCH, 1 , 1 ,,
,4613,JARVIS STEIN, 1 , 1 ,,
,4618,AMERICAN SPORT FISH, 2 , 1 ,, 1 
,4647,DAN S HONEY CO, 1 ,,, 1 
,4726,MONDA HONEY FARM INC, 1 , 1 ,,
,4736,BYRON FARMS, 1 ,,, 1 
,5168,GILBERTSON FARMS, 1 ,,, 1 
,5623,ANDREW P MERRON, 1 , 1 ,,
,7607,D&H FIELD SERVICES INC, 1 , 1 ,,
,8104,J AND H HARVESTING, 1 , 1 ,,
,8104,DL FARMS INC, 1 , 1 ,,
,8104,FISHER FARMS, 1 , 1 ,,
,8104,BRIAN & KIM GARBERG, 1 , 1 ,,
,8104,MDH RANCH INC, 1 ,,, 1 
,8104,TOWER HILL FARMS INC, 1 , 1 ,,
,8104,JAMES DAHLBERG FARM, 1 , 1 ,,
,8105,H J HAMMOND RANCH INC, 1 , 1 ,,
,8105,HANDY FARMS, 1 , 1 ,,
,8110,DEERE FARMS INC, 1 , 1 ,,
,8126,JULENE GLINZ, 1 ,,, 1 
,8146,TRUMAN RAGUSE FARMS, 1 , 1 ,,
MINNESOTA Total,,, 90 , 71 ,, 20 
MISSISSIPPI,2037,CLARK PLANTING PARTNERSHIP, 1 , 1 ,,
,2040,BROWER FARMS, 1 , 1 ,,
,2043,ELLENDALE PLANTING CO III, 1 , 1 ,,
,2044,PEBB FARMS LLC,,,, 1 
,2057,(blank), 1 ,,, 1 
,2612,REM OF SHAW, 1 , 1 ,,
,2614,GREAT SOUTHERN FARMS LLC, 4 , 4 ,,
,2618,GEN 4 FARMS, 1 , 1 ,,
,2640,M & M LEASING CO INC, 1 , 1 ,,
,2643,JIM SUBER FARM, 1 ,,, 1 
,2644,ABA FARMS PARTNERSHIP, 1 , 1 ,,
,2715,C&E FARM, 1 , 1 ,,
,2747,BULLDOG FARMS LLC, 1 , 1 ,,
,4219,WILL NOBILE FARMS INC, 1 , 1 ,,
,4320,RYAN ALEXANDER FARMS, 1 , 1 ,,
,4525,SELBY HONEY LLC,, 1 ,,
,4535,SUNRISE PLANTING CO LLC, 1 , 1 ,,
,4540,4E FARMS PARTNERSHIP, 1 , 1 ,,
,4551,PARKER SMITH FARMS, 1 , 1 ,,
,4607,BRAD MALONEY FARMS, 1 , 1 ,,
,4610,GRACE ROAD FARMS, 1 , 1 ,,
,4617,LMG GROWERS LLC, 1 , 1 ,,
,4618,H2A COMPLETE II INC, 2 , 2 ,,
,4619,PARDEN FARMS INC, 1 , 1 ,,
,4721,DELTA HYBRID FARMS INC,, 1 ,,
,4749,E & E FARMS, 1 , 1 ,,
,6405,HARRY SIMMONS FISH FARM, 1 , 1 ,,
,6406,PHILLIPS BROTHERS FARM & DUTCH BRA, 1 , 1 ,,
,6407,MASCOT PLANTING CO, 1 , 1 ,,
,6408,BILLY MAC CATFISH CO, 1 , 1 ,,
,6408,BARTON & SONS INC,,,, 1 
,6408,DAVID DOYLE FARMS, 1 , 1 ,,
,6409,BATTLE FISH FARM NORTH, 1 , 1 ,,
,6409,TRICOTN II, 1 , 1 ,,
,6409,FRITZ ISLAND FARMS, 1 , 1 ,,
,6409,NEEDMORE FISHERIES LLC, 1 , 1 ,,
,7516,MURPHEE FLYING SERVICE INC,,,, 1 
,8118,E3 PARTNERSHIP, 1 ,,, 1 
,8130,RONNIE EASLEY FARMS LLC, 1 ,,, 1 
MISSISSIPPI Total,,, 38 , 36 ,, 7 
MISSOURI,1136,MIKE SWINDOLL FARMS PARTNERSHIP,, 1 ,,
,1419,KB CUSTOM AG SVCS LLC, 1 , 1 ,,
,2003,SHAFER FARMS INC, 1 , 1 ,,
,2006,RAY CRAWFORD FARMS, 1 , 1 ,,
,2011,DAKOTA VALLEY GROWERS LLLP,,, 1 ,
,2020,FAIR WEATHER ACRES INC, 1 , 1 ,,
,2024,KYLAN MEIER, 2 , 2 ,,
,2024,SPH FARM, 1 , 1 ,,
,2029,GRASSLANDS CONSULTANTS LLC, 1 , 1 ,,
,2036,MIKE S TURF FARM INC, 1 , 1 ,,
,2037,RIVERBEND PLANTATION, 1 , 1 ,,
,2040,RODNEY H WALKER FARMS PARTNERSHIP, 1 , 1 ,,
,2048,JOHN HAAS, 1 , 1 ,,
,2085,SHOGUN FARMS, 1 , 1 ,,
,2088,BARE BONES FARM, 1 , 1 ,,
,2089,ILS FARM PARTNERSHIP, 1 , 1 ,,
,2601,CONNELLY ENT INC, 1 , 1 ,,
,2638,TALLEY LAND MGT, 1 , 1 ,,
,2646,ITTA BENA PLANTATION III,, 1 ,,
,2646,JAG FARMS PARTNERSHIP, 1 , 1 ,,
,2712,JONES PLANTING CO III, 1 , 1 ,,
,2715,SILENT SHADE PLANTING CO, 1 , 1 ,,
,2720,PARADISE FARMS PARTNERSHIP, 1 ,,, 1 
,2744,WRIGHT ATHERTON FARMS LLC, 1 ,,, 1 
,3003,RANDALL J MYERS, 1 , 1 ,,
,3310,DON BOK FARM BY DONG SOO W BOK, 1 , 1 ,,
,3311,J SIX FARMS LLC, 1 , 1 ,,
,3522,K&K CATTLE AND LAND INC, 1 , 1 ,,
,3919,WRIGHT S TRUCKING AND HARVESTING L, 1 , 1 ,,
,4119,RICHLAND FARMS PARTNERSHIP, 1 , 1 ,,
,4210,TRI STATE AG CORP, 1 , 1 ,,
,4314,ADAMS TRUCKING,,,, 1 
,4316,AUGUSTA WINE CO D/B/A AUGUSTA WINE, 1 , 1 ,,
,4318,GIL SCHROEDER SOD SALES INC, 1 , 1 ,,
,4318,J&M PRIGGEL FARMS, 1 , 1 ,,
,4503,BATA BROTHERS LLC, 1 , 1 ,,
,4503,MICHAEL DENNIS PETERSON, 1 ,,, 1 
,4503,PHERSON COMBINING, 1 , 1 ,,
,4503,RANDY HELLE, 1 , 1 ,,
,4503,MESSER FARMS, 1 , 1 ,,
,4504,CARLISLE FARMS, 1 , 1 ,,
,4504,GEORGE L SWANSON, 1 , 1 ,,
,4504,HAUGEN COMBINING, 1 , 1 ,,
,4504,SCHANK FARM, 1 , 1 ,,
,4504,CLYDE F KRAENZEL, 1 , 1 ,,
,4504,VOLK FARM, 1 , 1 ,,
,4504,JASON R SCHMALENBERGER, 1 , 1 ,,
,4504,WINTER FARMS FAMILY PARTNERSHIP, 1 , 1 ,,
,4506,FUGLEBERG FARMS, 1 , 1 ,,
,4512,PILLOW FARMS, 1 , 1 ,,
,4528,AMO LLC, 1 , 1 ,,
,4542,TRIPLE RUN FARMS, 1 , 1 ,,
,4544,BUCKHORN FARMS PARTNERS, 1 , 1 ,,
,4604,JONES FARM,,,, 1 
,4604,LUBBERS FARMS INC, 1 , 1 ,,
,4636,GRIFFITTS & CODER CUSTOM CHOPPING, 1 , 1 ,,
,4707,BREINIG FARMS INC, 1 , 1 ,,
,4707,DAVE OLSON INC, 1 , 1 ,,
,4708,THURLOW FARMS INC, 1 , 1 ,,
,4747,RAGSDALE EGG PRODUCTION LLC, 1 , 1 ,,
,4751,C DEAN GIGOT ESTATE, 1 , 1 ,,
,4754,DRY RAIN FARMS LLC, 1 , 1 ,,
,4808,KNIGHT FARMS INC,, 1 ,,
,4808,PEDDICORD HARVESTING, 1 , 1 ,,
,4809,E&E HARVESTING, 1 , 1 ,,
,4811,TIM DEWEY TRUCKING CO,, 1 ,,
,4812,PLUS Z FARMS INC, 1 , 1 ,,
,5000,MURPHY FARMS, 1 , 1 ,,
,5000,WIN TEX AG SVCS, 1 , 1 ,,
,5223,BRAZIL PLANTING CO, 1 , 1 ,,
,5623,GRITTMAN FARMS PARTNERSHIP II, 1 , 1 ,,
,6405,KIN GROWERS PARTNERSHIP, 1 , 1 ,,
,6406,TACKETT FISH FARMS, 1 , 1 ,,
,6407,BECKHAM BROTHERS, 1 , 1 ,,
,6407,CARY ASSOCIATES, 1 , 1 ,,
,6407,MURRELL FARMS, 1 , 1 ,,
,6407,PREWITT FARMS, 1 , 1 ,,
,6407,GARRY MAKAMSON FARMS, 1 , 1 ,,
,6407,ADRON FARMS, 1 , 1 ,,
,6407,FOUR FARMS, 1 , 1 ,,
,6407,BRADASH FARMS INC AND JEFFREY SHIV, 1 , 1 ,,
,6407,FLAUTT FARMS, 1 , 1 ,,
,6407,ANTHONY FARMS PARTNERSHIP, 1 , 1 ,,
,6407,LYNNDALE PARTNERS, 1 , 1 ,,
,6408,ANDERSON PLANTING CO II, 1 , 1 ,,
,6409,GLEN ALLAN FARM SVC INC, 1 , 1 ,,
,6409,FORREST CITY FARMS, 1 , 1 ,,
,6409,BASS FARMS, 1 , 1 ,,
,6409,EASTOVER PLANTATION INC, 1 , 1 ,,
,6409,BARR HARVESTING INC, 1 , 1 ,,
,7213,REED FARMS PARTNERSHIP, 1 , 1 ,,
,7213,LUBIN FARMS PARTNERSHIP, 1 , 1 ,,
,7215,BOAIR INC, 1 , 1 ,,
,7310,JON SCHUBERT, 1 , 1 ,,
,7316,PORTER CUSTOM HAULING LLC, 1 , 1 ,,
,7525,LEES CUSTOM HARVESTING INC, 1 , 1 ,,
,7530,OLSEN CUSTOM FARMS LLC, 1 , 1 ,,
,8000,SPLIT TREE FARMS LLC, 1 , 1 ,,
,8005,JEFF LEIDHOLM, 1 , 1 ,,
,8008,SOUTHERN PLANTING CO, 1 , 1 ,,
,8110,J & D PLANTING, 1 , 1 ,,
,8114,CALEB SCOTT CHRISTIANSON, 1 , 1 ,,
,8142,WESLEY NELSON, 1 , 1 ,,
,8143,MALONEY FARMS,, 1 ,,
,8205,B&H FARMS PARTNERSHIP,, 1 ,,
,8303,MARVIN RAGETH, 1 , 1 ,,
,9434,KILLEBREW COTTON CO PTR, 1 , 1 ,,
MISSOURI Total,,, 99 , 102 , 1 , 5 
MONTANA,2005,NASH RANCHING CORP, 1 , 1 ,,
,2046,PETERSON FENCE, 1 , 1 ,,
,2050,DOUBLE M RANCH LLC, 1 , 1 ,,
,2600,MOOSE FARMS INC, 1 , 1 ,,
,2619,R&C SUPPLY LLC, 1 , 1 ,,
,2622,SKZ HARVESTING INC, 2 , 2 ,,
,2661,SID NEWMAN RANCH TRUST, 1 , 1 ,,
,2724,FAST AG INC, 1 , 1 ,,
,2752,TODD F WAGNER FARMS, 1 , 1 ,,
,3008,LEGACY RANCHES PARTNERS LP, 1 , 1 ,,
,3116,FAUTH FARM, 1 , 1 ,,
,3420,LEISZ LAW OFC P C, 1 , 1 ,,
,4122,LEGACY LAND & LIVESTOCK LLC, 1 , 1 ,,
,4536,BRANDON REDDIG, 1 , 1 ,,
,4546,PARADISE VALLEY FARMS LLC, 1 , 1 ,,
,4617,KUMMERFELDT FARMS LLC, 1 , 1 ,,
,4631,ROARING FORK SHEEP LLC, 2 , 2 ,,
,4641,NEWMAN RANCH LLC, 1 , 1 ,,
,4643,OCC OCONNOR CROPS & CATTLE, 1 , 1 ,,
,4643,SCOTT STUBBS LIVESTOCK, 1 , 1 ,,
,4743,THISTLEDEW LAND & CATTLE LP, 1 , 1 ,,
,4754,(blank), 1 , 1 ,,
,7109,LEHFELDT RAMBOUILLETS,, 1 ,,
,8102,GULDBORG BROTHERS INC, 1 , 1 ,,
,8103,HONEYLAND INC, 1 , 1 ,,
,8103,GEORGE MATTSON FARMS INC,, 1 ,,
,8103,KEEWAYDIN RANCH, 1 , 1 ,,
,8103,(blank), 1 , 1 ,,
,8103,MISKE RANCH INC,, 1 ,,
,8104,BLISS FARMS PARTNERSHIP, 1 , 1 ,,
,8104,VALLEY VIEW CHAROLAIS RANCH INC, 1 , 1 ,,
,8104,COLE BROTHERS, 1 , 1 ,,
,8104,INDRELAND RANCH, 1 , 1 ,,
,8104,(blank), 2 , 1 ,, 1 
,8104,EATON & SONS, 1 ,,, 1 
,8104,STEVE PUST FARMS INC, 1 , 1 ,,
,8104,CRAZY MOUNTAIN CATTLE CO, 1 , 1 ,,
,8104,(blank),, 1 ,,
,8104,MATERIALS BIO INC /QUAD FIVE, 1 ,,, 1 
,,MATERIALS BIO INC QUAD FIVE, 1 , 1 ,,
,8104,KA ENTERPRISES INC, 1 , 1 ,,
,8104,SEE FARMS, 1 , 1 ,,
,8104,KOMBOL RANCH, 1 , 1 ,,
,8105,HARDY AG INC, 1 , 1 ,,
,8105,NEUFELD FARMS PARTNERSHIP, 1 , 1 ,,
,8126,MARGARET M NOYCE REVOCABLE TRUST C, 1 , 1 ,,
,8140,STAMPFEL RANCH, 1 , 1 ,,
,8204,MCNABB FARMS PARTNERSHIP, 1 , 2 ,,
,8205,(blank), 1 , 1 ,,
,8303,LADDER LIVESTOCK CO LLC, 2 , 2 ,,
,8703,HA FARMS INC, 1 , 1 ,,
,8704,CLAY D PALFREYMAN TRUCKING INC, 2 , 2 ,,
,9803,NEUTRAL VIEW HARVESTING LTD, 1 , 1 ,,
,(blank),(blank),,,, 1 
MONTANA Total,,, 54 , 56 ,, 4 
NEBRASKA,2042,HELDT PRODUCE INC, 2 , 1 ,, 1 
,2045,THOMPSON SEED POTATO PTR, 1 , 1 ,,
,2087,TEN WEST CATTLE INC, 1 , 1 ,,
,2607,TERCEL TRUCKING AND HARVESTING LLC, 1 , 1 ,,
,2703,DANIELS PRODUCE LLC, 1 , 2 ,,
,2753,MCDONALD APIARY,, 1 ,,
,4217,GARY ROBISON D/B/A ROBISON CUSTO, 1 , 1 ,,
,4603,CSS FARMS INC, 2 , 2 ,,
,4604,DANIELSKI FARMS INC,, 1 ,,
,4604,CSS POTATO FARMS LLC,, 1 ,,
,4707,HELDT PRODUCE,,,, 1 
,4708,ROEDER HONEY FARMS INC, 1 , 1 ,,
,8113,THOMPSON SEED POTATO OF ND, 1 , 1 ,,
,8118,WEEKS FAMILY FARMS, 1 ,,, 1 
,(blank),AL SIZZLIN INC,,,, 1 
,,ALL SIZZIN INC,,,, 1 
,,ALL SIZZLIN INC,,,, 1 
,,(blank),,,, 1 
NEBRASKA Total,,, 12 , 14 ,, 7 
NEVADA,2602,PERI & SONS FARMS OF CA LLC, 5 , 5 ,, 1 
,,PERI & SONS FARMS OF CALIFORNIA LL, 2 , 2 ,,
,2737,PAM KITCHEN SVCS, 1 ,,, 1 
,4541,LAZY GF RANCH, 1 , 1 ,,
,4635,NNIMA BEE CO LLC, 1 , 1 ,,
,8152,ROSE HONEY COMPANY, 1 ,,, 1 
,8605,G FARMS, 1 , 1 ,,
,8801,SNYDER LIVESTOCK CO INC, 1 , 1 ,,
,8801,PERI & SONS FARMS INC, 7 , 7 ,, 2 
,8860,SOUTHERN NEVADA WATER AUTHORITY, 1 , 1 ,,
NEVADA Total,,, 21 , 19 ,, 5 
NEW HAMPSHIRE,1036,COOPER FARMS INC, 1 , 1 ,,
,1042,SALMON FALLS NURSERY INC, 1 , 1 ,,
,1053,PINELAND FARMS / GILLESPIE FARMS D, 2 , 2 ,,
,2025,SUNNYCREST FARM INC, 1 , 1 ,,
,2026,BROOKDALE FRUIT FARM INC, 1 , 1 ,,
,2035,(blank), 1 , 1 ,,
,2036,PEACHBLOW FARM, 1 , 1 ,,
,2037,LULL FARM LLC, 2 , 2 ,,
,2049,SUNFLOWER GARDENS LLC, 1 , 1 ,,
,,SUNFLOWERS GARDENS LLC, 1 , 1 ,,
,2052,CARTER HILL ORCHARD, 1 ,,, 1 
,2075,GERARD BEIRNE ENTERPRISES DBA BERL, 1 ,,, 1 
,3039,TENNEY FARM, 1 , 1 ,,
,4215,CLARK BROTHERS ORCHARDS LLC, 1 , 1 ,,
,4221,BOLTON ORCHARDS, 1 , 1 ,,
,4230,FAIRVIEW ORCHARDS INC, 1 , 1 ,,
,4237,MEADOWBROOK ORCHARDS INC, 1 , 1 ,,
,4244,NOURSE FARMS INC, 1 , 1 ,,
,4244,WESTWARD ORCHARDS INC, 1 , 1 ,,
,4251,CARLSON ORCHARDS INC, 1 , 1 ,,
,4260,NEW ENGLAND APPLE COUNCIL,,,, 5 
,,NEW ENGLAND APPLE COUNCIL INC,,,, 1 
,4260,HONEY POT HILL ORCHARDS, 1 , 1 ,,
,4262,VOLANTE FARMS INC, 1 , 1 ,,
,4270,BREEZY GARDENS FARM, 1 , 1 ,,
,4273,ORCHARD MADE PRODUCTS DBA MANN ORC, 1 , 1 ,,
,4276,SAVAGE FARMS INC, 1 , 1 ,,
,4281,FAIRVIEW FARMS INC, 2 , 2 ,,
,4281,SPRINGDELL FARM, 1 , 1 ,,
,4282,GLENN STILLMAN DBA STILLMAN S FARM, 3 , 2 ,, 1 
,4284,SUNNY CREST ORCHARDS, 1 , 1 ,,
,4286,STONEFIELD FARM, 1 , 1 ,,
,4302,RUSSELL ORCHARDS INC, 1 , 1 ,,
,4307,D&D FARMS INC,, 1 ,,
,4321,KING FARM INC, 2 , 2 ,,
,4330,VERRILL FARM LLC, 1 , 1 ,,
,4335,AHLHOLM INC, 1 , 1 ,,
,4342,ROTA SPRING FARM, 2 , 2 ,,
,4347,GILSON FAMILY HERB ENT, 1 , 1 ,,
,4347,PLEASANT VALLEY GARDENS, 1 , 1 ,,
,4349,PHILBIN ORCHARDS INC, 1 ,,, 1 
,4349,BOYS IN BERRIES LLC DBA WARD S BER, 1 ,,, 1 
,4354,DICK S MARKET GARDEN INC, 1 , 1 ,,
,4600,BROOKSBY FARM, 1 , 1 ,,
,6066,THE LYMAN FARM INC, 1 ,,, 1 
,6074,J W ANDERSON AND SONS, 1 , 1 ,,
,6089,BLUE HILLS ORCHARD INC, 1 , 1 ,,
,6090,SCOTT S ORCHARD AND NURSERY AKA SC, 1 , 1 ,,
,6093,MARKOWSKI FARMS, 1 , 1 ,,
,6094,WINDING BROOK TURF FARM, 2 , 2 ,,
,,WINDING BROOK TURF FARM 2, 1 , 1 ,,
,6096,MARCH FARM, 1 , 1 ,,
,6103,HINDINGER FARM, 1 , 1 ,,
,6106,LINDY FARMS OF CT LLC, 1 , 1 ,,
,6110,MILLER FARMS, 1 ,,, 1 
,6120,TAYLOR FARMS 1, 1 , 1 ,,
,,TAYLOR FARMS 2, 1 , 1 ,,
,,TAYLOR FARMS 3, 1 , 1 ,,
,6120,CT VALLEY ORCHARDS, 1 , 1 ,,
,6141,HARTIKKA TREE FARMS, 1 , 1 ,,
,6162,DONDERO ORCHARDS LLC, 1 , 1 ,,
,6163,JARMOC TOBACCO LLC,, 1 ,,
,1417,SARATOGA APPLE INC, 1 , 1 ,,
,1609,BIG O FARMS INC, 1 , 1 ,,
,1610,KAPPUS FARMS INC, 1 ,,, 1 
,1612,LYNN ETTE & SONS INC, 1 , 1 ,,
,1615,A SAM FAMILY FARMS LLC, 1 ,,, 1 
,2017,JOHNNY S ROADSIDE MARKET GARDEN, 1 , 1 ,,
,2028,LEOBARDO MONDRAGON DBA FOREST HARV, 1 , 1 ,,
,2039,APPLECREST FARM ORCHARDS LLC, 1 , 1 ,,
,2039,ROBERT CIRCLE FRUIT FARMS INC, 1 , 1 ,,
,2042,VINCENT FARMS, 1 , 1 ,,
,2080,MOORS END FARM LLC, 1 , 1 ,,
,2089,SULLIVAN FARM LLC, 1 , 1 ,,
,2600,HART S GREEHOUSE & FLORIST LLC, 1 , 1 ,,
,,HART S GREENHOUSE & FLORIST LLC, 1 , 1 ,,
,2638,GRESCZYK FARMS LLC, 1 , 1 ,,
,2703,TOUGAS FAMILY FARM LLC, 1 , 1 ,,
,2707,GOTTA S FARM, 1 , 1 ,,
,2710,HARPERS FARM & GARDEN LLC, 1 , 1 ,,
,2729,CLARK FARMS INC, 1 ,,, 1 
,2742,MEADOW VIEW FARM LLC, 1 , 1 ,,
,3825,OLIVER FARMS INC, 1 , 1 ,,
,4525,CARVER HILL ORCHARD, 1 ,,, 1 
,4551,SHARON RITTER, 1 , 1 ,,
,4628,R BELANGER & SONS FARMS, 1 , 1 ,,
,4638,OLD MUD CREEK FARM LLC, 1 ,,, 1 
,4645,MULBERRY FARM, 1 , 1 ,,
,4727,STILLMAN QUALITY MEATS LLC, 1 , 1 ,,
,5222,PATTERSON FARM, 1 , 1 ,,
,,PATTERSON FARM LLC, 1 ,,, 1 
,,PATTERSON FARM LLC & FOUR STAR FAR, 1 ,,, 1 
,5623,PLAINVILLE FARM, 1 ,,, 1 
,8113,CT VALLEY ORCHARDS, 1 ,,, 1 
,8147,ATLAS FARM LLC, 1 , 1 ,,
,9005,STANDARD ORCHARDS, 2 , 2 ,,
,(blank),GOTTAS FARM,,,, 1 
,,GROWER DIRECT FARMS,,,, 1 
,,JOHNNYS ROADSIDE MKT GARDEN,,,, 1 
,,MEADOW VIEW FARM,,,, 1 
NEW HAMPSHIRE Total,,, 101 , 87 ,, 26 
NEW JERSEY,2017,VILLA MILAGRO VINEYARDS LLC, 1 , 1 ,,
,2020,HONEY BROOK ORGANIC FARM LLC, 1 , 1 ,,
,2025,BATTIATO FARMS, 1 , 1 ,,
,2219,PASTORE ORCHARDS INC, 1 , 1 ,,
,2226,GREEN VILLAGE GARDEN CTR INC DBA T, 1 , 1 ,,
,2231,OVERDEVEST NURSERIES LP, 1 , 1 ,,
,2232,STORMY ACRES,,,, 1 
,2233,PHILLIPS FARMS LLC, 1 , 2 ,,
,2234,ALSTEDE FARMS LLC DBA ALSTEDE FARM, 2 , 2 ,,
,2643,JERSEY FARM PRODUCE INC, 1 , 1 ,,
,2715,BARTON NURSERY ENTERPRISES INC DBA, 1 , 1 ,,
,3524,R & A LEONE FAMILY FARMS LLC, 1 , 1 ,,
,4712,(blank), 1 , 1 ,,
,4740,VELASQUEZ FARMS LLC, 1 , 1 ,,
,8138,MAPLE LEAF FARMS INC, 1 , 1 ,,
NEW JERSEY Total,,, 15 , 16 ,, 1 
NEW MEXICO,2085,GRADY CONTRACTING INC, 1 , 1 ,,
,2615,R&M TRUCKING, 1 , 1 ,,
,2616,CROSS COUNTRY DAIRY LLC, 1 , 1 ,,
,2703,NAC TRUCKING, 1 , 1 ,,
,2748,VICTOR PRODUCE OF NEW MEXICO INC, 1 , 1 ,,
,3001,JJ&M TRUCKING, 1 , 1 ,,
,4216,ENCHANTED PRODUCTS OF NEW MEXICO,,,, 1 
,4549,MYC TRUCKING, 1 , 1 ,,
,4614,M & D INC, 1 , 1 ,,
,4633,J & V TRUCKING, 1 , 1 ,,
,4638,GICA LOGISTICS LLC, 1 , 1 ,,
,4641,NS TRUCKING,, 1 ,,
,4643,MIDWAY TRUCKING CORP, 1 , 1 ,,
,4740,TRIPLE G TRUCKING LLC, 1 , 1 ,,
,4745,RYM TRUCKING LLC, 1 , 1 ,,
,5624,ROCKY TOP DAIRY FARM, 1 , 1 ,,
,7607,FDZ TRUCKING, 1 , 1 ,,
,8502,SPRA GREEN, 1 , 1 ,,
,8502,FINNEY FARMS INC, 1 , 1 ,,
,8503,WALTERSCHEID TRUCKING & FARMS INC, 1 , 1 ,,
,8504,TODD AND HONEY POLING, 1 , 1 ,,
,8504,CWBC INC, 1 , 1 ,,
,8504,ROBINSON FARMS INC, 2 , 2 ,,
,8504,CONLEY S NURSERY INC,, 1 ,,
,8504,SOUTHERN DRAW DAIRY, 1 , 1 ,,
,8504,BOS DAIRY LLC SOUTH, 1 , 1 ,,
,8504,ALVIDREZ TRUCKING LLC, 1 , 1 ,,
,8610,VP, 1 , 1 ,,
,8703,MJ FARMS, 1 , 1 ,,
,(blank),RORROS TRUCKING LLC, 1 , 1 ,,
NEW MEXICO Total,,, 28 , 30 ,, 1 
NEW YORK,3042,FORKING PATHS VINEYARDS INC AND AS,, 1 ,,
,3053,TERHUNE ORCHARDS, 1 , 1 ,,
,6077,APPLE ACRES,,,, 1 
,,APPLE ACRES LLC, 1 , 1 ,,
,6108,HARVEST QUEEN, 1 , 1 ,,
,6136,MORGIEWICZ PRODUCE INC, 1 , 1 ,,
,6151,DEBUCK S SOD FARM OF NY INC, 2 , 2 ,,
,1123,N & O HORTICULTURAL PRODUCTS LTD, 2 , 3 ,,
,1129,MIKE WALSH AND SONS GREENHOUSES IN, 1 , 1 ,,
,1134,MILK PAIL LLC, 1 , 1 ,,
,1138,DEER RUN FARMS LLC, 1 , 1 ,,
,1162,WICKHAM S FRUIT FARM, 1 , 1 ,,
,1330,ZINO NURSERIES & LANDSCAPING, 1 ,,, 1 
,1412,BINLEY FLORIST INC, 1 , 1 ,,
,1413,THANKSGIVING FARM AT THE CTR FOR D, 1 , 1 ,,
,1414,PAVERO COLD STORAGE, 1 , 1 ,,
,1414,ALLSTATE APPLE EXCHANGE DBA HUDSON, 1 , 1 ,,
,1414,ROE ORCHARDS, 2 , 2 ,,
,1414,GEORGE W SAULPAUGH & SON INC, 1 , 1 ,,
,1414,M G HURD & SONS, 2 , 2 ,,
,1415,YONDER FRUIT FARM INC, 1 , 1 ,,
,1415,OVERLOOK FARMS INC, 1 , 1 ,,
,1415,GOOLD ORCHARDS, 1 , 1 ,,
,1415,SOONS ORCHARDS, 1 , 1 ,,
,1415,KLEIN KILL FRUIT FARM, 1 , 1 ,,
,1415,A ZIMMERMAN & SONS INC, 1 , 1 ,,
,1415,GARDEN TIME INC, 1 , 1 ,,
,1415,EVERETT ORCHARDS LTD, 2 , 2 ,,
,1415,KAST FARMS INC, 1 , 1 ,,
,1415,BLACKHORSE FARM INC, 1 , 1 ,,
,1415,W G MINARD & SONS, 1 , 1 ,,
,1416,GOLDEN HARVEST FARM, 1 , 1 ,,
,1416,MEAD ORCHARDS LLC, 1 , 1 ,,
,1416,MILL BROOK VINEYARD AND WINERY INC, 1 , 1 ,,
,1416,CHILDSTOCK FARMS INC, 1 , 1 ,,
,1416,M & M PRODUCE FARMS AND SALES, 3 , 2 ,, 1 
,1416,DOUBLE D PRODUCE, 1 , 1 ,,
,1416,INDIAN LADDER FARMS, 1 , 1 ,,
,1416,STANTON S FEURA FARM/STANTON BROS, 1 , 1 ,,
,1416,ALTAMONT ORCHARDS INC, 1 , 1 ,,
,1417,SARATOGA SOD FARM INC, 2 , 1 ,, 1 
,1417,GADE FARM LLC, 1 , 1 ,,
,1417,PORPIGLIA FARMS INC, 2 , 2 ,,
,1417,BECKER S FARM LLC, 1 , 1 ,,
,1417,BURGER S FARM, 1 , 1 ,,
,1417,MAYNARD FARMS, 1 , 1 ,,
,1417,WERTMAN FARM, 1 , 1 ,,
,1417,MARKRISTO FARM, 1 ,,, 1 
,1417,BUHRMASTER FRUIT & PRODUCE, 1 , 1 ,,
,1417,HOLMQUEST FARMS, 1 , 1 ,,
,1418,DONATO FARMS INC, 1 , 1 ,,
,1505,BEAK AND SKIFF APPLE FARMS INC, 1 , 1 ,,
,1609,DONALD DEMARREE FRUIT FARM INC, 1 , 1 ,,
,1609,CAHOON FARMS INC, 1 , 1 ,,
,1610,LAKESIDE SOD SUPPLY CO INC, 1 , 1 ,,
,1610,WAYSIDE GARDEN CENTER INC,,,, 1 
,1610,SANDY KNOLL FARMS INC, 1 , 1 ,,
,1610,G & G FARMS INC, 1 , 1 ,,
,1610,PHILIP WAGER FARM, 1 , 1 ,,
,1610,VAN PUTTE SEED CO INC, 1 , 1 ,,
,1610,CHUCK HAFNER FARMS LLC, 2 , 2 ,,
,1611,MAMMOSER FARMS INC, 3 , 2 ,, 1 
,1611,YOUNGMAN BROS FRUIT FARM, 1 , 1 ,,
,1611,WAFLER FARMS INC, 1 , 1 ,,
,1612,CRITZ FARMS, 1 ,,, 1 
,1612,OLIVER PAINE GREENHOUSES, 1 , 1 ,,
,1612,DELLAMANO AND ASSOCIATES, 1 , 1 ,,
,1613,SCHICHTEL S NURSERY INC, 2 , 2 ,,
,1613,REEVES FARMS,,,, 1 
,,REEVES FARMS LLC, 2 , 2 ,,
,1613,J R FRAZIER & SONS INC,,,, 1 
,1614,TASSONE FARMS, 1 , 1 ,,
,1615,SIMPELAAR FRUIT FARMS, 1 , 1 ,,
,1615,TOWER FAMILY LLP, 1 , 1 ,,
,1615,BEHLING ORCHARDS, 1 , 1 ,,
,1615,LEDGE ROCK FARMS LLC, 1 , 1 ,,
,1615,PEDERSEN FARMS INC, 1 , 1 ,,
,1616,CLEARVIEW ORCHARDS, 1 , 1 ,,
,1616,ERWAY FARMS, 1 , 1 ,,
,1616,SUN STAR FARMER INC,,,, 2 
,2004,GABRIELSON FARMS LLC, 1 , 1 ,,
,2008,NATURAL LANDWORKS INC, 1 , 1 ,,
,2011,NORWICH MEADOWS FARM LLC, 1 , 1 ,,
,2025,R & G PRODUCE LLC, 1 , 1 ,,
,2039,GREEN THUMB FARMS, 1 , 1 ,,
,2042,S & SO PRODUCE FARMS, 1 , 1 ,,
,2043,HICKORY HILL FARM LLC, 1 , 1 ,,
,2045,STONELEDGE FARM LLC, 1 , 1 ,,
,2045,ORCHARD DALE FRUIT CO LLC, 1 , 1 ,,
,2046,ANYELAS VINEYARDS LLC, 2 , 1 ,,
,2047,GAIA S BREATH FARM, 1 , 1 ,,
,2083,SAMASCOTT ORCHARDS, 1 , 1 ,,
,2088,HERMANN J WIEMER VINEYARD, 1 , 1 ,,
,2238,PURE GROWN LLC, 1 , 1 ,,
,2602,KC BAILEY ORCHARDS INC, 1 , 1 ,,
,2617,BRADFORD REEVE SR AND PAUL REEVE I, 1 , 1 ,,
,2636,LAKESIDE ORCHARDS INC, 1 , 1 ,,
,2641,EVOLUTIONARY ORGANICS, 1 , 1 ,,
,2718,FISHKILL FARMS, 1 , 1 ,,
,2735,PLUMMER ORCHARDS LLC, 1 , 1 ,,
,3203,FREE BIRD FARMS LLC, 1 , 1 ,,
,4506,MARSHALL SKIFF ORCHARD LLC, 1 , 1 ,,
,4525,ELHANNON WHOLESALE NURSERY INC, 1 , 1 ,,
,4541,WILKLOW ORCHARDS LLC, 2 , 1 ,, 1 
,4542,LJM GROWERS INC, 1 , 1 ,,
,4544,KENT FAMILY GROWERS, 1 , 1 ,,
,4555,G FAMILY PASSAIC LLC TIME EQUITIES, 1 ,,, 1 
,4624,CANDELLA S FARM & GREENHOUSES LLC, 1 , 1 ,,
,4626,YAN S GINSENG FARM INC, 1 , 1 ,,
,4627,JUNIPER HILL FARM, 1 ,,, 1 
,4652,HUDSON VALLEY GROWN DBA HEPWORTH F, 1 , 1 ,,
,4656,DANE HILL FARMS, 1 , 1 ,,
,4720,HILLTOP HOPS AND BARLEY CO INC, 1 , 1 ,,
,4722,THE FARM AT MILLER S CROSSING, 1 , 1 ,,
,4734,FINO FARMS LLC, 1 , 1 ,,
,5105,REXCROFT FARM LLC, 1 , 1 ,,
,5223,WINDFLOWER FARMS LLC, 1 , 1 ,,
,5421,RAYMOND LUHRMAN DBA FOX CREEK FARM, 1 , 1 ,,
,6511,OCHS ORCHARD, 1 , 1 ,,
,(blank),HAHN FARM,,,, 1 
,,(blank),,,, 2 
NEW YORK Total,,, 129 , 121 ,, 18 
NORTH CAROLINA,1066,BI STATE FEEDERS, 1 , 1 ,,
,1071,THREE D FARMS LLC, 1 , 1 ,,
,1092,COOPER CREEK FARM ASSN, 1 , 1 ,,
,2079,MATHEWS RIDGEVIEW FARMS, 1 , 1 ,,
,,MATTHEWS RIDGEVIEW FARMS, 2 , 2 ,,
,3058,BLAKE GEISLER FARMS, 1 , 1 ,,
,4316,GAIA HERBS INC, 1 ,,, 1 
,4316,GAIA HERBS INC, 1 , 1 ,,
,4363,TEHANDON CONTRACTORS, 1 , 1 ,,
,1137,DUTCHMAN TREE FARMS LLC, 1 , 1 ,,
,1342,NORTHWEST AG SUPPLY, 1 , 1 ,,
,1419,WADE HARPESTAD, 1 ,,, 1 
,1609,LAMONT FRUIT FARM INC, 1 , 1 ,,
,1611,WAFLER FARMS INC, 1 , 1 ,,
,1614,KALIR ENTERPRISES INC, 1 , 1 ,,
,1615,RUSSELL S TREE AND SHRUB FARM LLC, 1 , 1 ,,
,1616,JOHNSTON FAMILY FARMS LLC, 1 , 1 ,,
,2003,FREY BROTHERS, 2 , 2 ,,
,2005,CLW FAMILY LLP, 1 , 1 ,,
,2005,THOMPSON FARMS INC, 1 , 1 ,,
,2005,RWL FARMS INC, 1 , 1 ,,
,2005,GARLAND L PITT DBA GARLAND PITT FA, 1 ,,, 1 
,2005,SMOKEY ALLEY FARMS PARTNERSHIP, 1 , 1 ,,
,2011,RYAN HERRMANN, 1 , 1 ,,
,2017,V VALENCIA HARVESTING INC, 5 , 6 ,,
,2020,MSCP INC, 2 , 1 ,, 1 
,2020,KEVIN AHLEMEIER FARMS INC,,,, 1 
,2021,BRUCE YOUNG FARM BRUCE AND / OR BO, 1 , 1 ,,
,2023,R & R FARMS, 1 , 1 ,,
,2026,MITCHELL MCEVERS, 1 , 1 ,,
,2026,JERRY CARNEY DBA HOOK C FARM, 1 ,,, 1 
,2026,FRANK HOWEY FAMILY FARMS, 1 , 1 ,,
,2028,N&L FARMING LLC, 1 , 1 ,,
,2029,THE CABBAGE FARM, 1 , 1 ,,
,2032,BRADY CHAUTIN FARMS, 1 , 1 ,,
,2038,DE SU HOLSTEINS LLC, 1 , 1 ,,
,2039,TRAVIS MEIER, 1 , 1 ,,
,2042,DENISE BOLING, 2 , 2 ,,
,2042,CHAPMAN SOD LLC, 1 , 1 ,,
,2043,STEVEN BOYD DBA BOYD FARMS, 1 , 1 ,,
,2044,GOLLY FARMS PARTNERSHIP, 1 , 1 ,,
,2046,HOCUTT BROTHERS INC, 2 , 2 ,,
,2048,HIGH ROAD FARMS, 1 , 1 ,,
,2050,ASSMAN CATTLE CO, 1 , 1 ,,
,2053,MILLER GRAIN CLEANING, 1 , 1 ,,
,2055,OLD CHURCH SOD LLC, 1 , 1 ,,
,2080,MATTHEWS SWEET POTATO FARM, 2 , 1 ,, 1 
,2082,KEVIN J LEE, 1 , 1 ,,
,2082,MILLS FARMS PARTNERSHIP, 1 , 1 ,,
,2082,FANN FARMS INC, 2 , 2 ,,
,2085,WILLOWBEND NURSERIES LLC DBA WILLO, 2 , 2 ,,
,2086,WELSTAD FARMS, 1 , 1 ,,
,2087,RSK FARMS, 1 , 1 ,,
,2089,DEEP SOUTH TURF LLC, 1 , 1 ,,
,2106,LARCHMONT AGRICULTURAL CONSULTANTS, 1 ,,, 1 
,,LARCHMONT FARMS INC, 1 , 1 ,,
,2223,SHEPPARD FARMS INC, 1 , 1 ,,
,2229,G DEEUGENIO & SONS, 1 , 1 ,,
,2324,LEHIGH VALLEY HOME & GARDEN CENTER, 1 , 1 ,,
,2602,MAPLE CREEK AG, 2 , 2 ,,
,2604,MCCABE AGRIBUSINESS INC, 1 , 1 ,,
,2608,WAYNE COUNTY EGG LLC, 1 , 1 ,,
,2611,ROBERT SCHAEFER FARM, 1 , 1 ,,
,2616,J & L MAHER INC, 1 , 2 ,,
,2616,CARLSON FARMS, 1 , 1 ,,
,2617,GLEN BUMMER, 1 , 1 ,,
,2617,T BAR C FARMS LLC, 1 , 1 ,,
,2619,CHRIS THOMPSON FARM, 1 , 1 ,,
,2621,FELAND BROTHERS FARMS, 1 , 1 ,,
,2621,DORE FARMS LLC, 2 , 2 ,,
,2626,DANIEL MOSELEY, 1 , 1 ,,
,2626,JONATHAN MOSELEY, 1 , 1 ,,
,2633,LINCOLN COUNTY FEEDYARD, 3 , 3 ,,
,2635,ALLHAY FARM LLC, 1 , 1 ,,
,2637,OPLAND FARM, 1 , 1 ,,
,2637,SBHLP INC, 1 ,,, 1 
,2638,MORLOCK FARMS, 1 , 1 ,,
,2638,REH FARMS INC, 1 , 1 ,,
,2641,DAVIS TOBACCO FARMS LLC, 1 , 1 ,,
,2641,PINECREST TREE FARMS LP, 1 , 1 ,,
,2641,ROBERT L MENEES, 1 , 1 ,,
,2641,FRANK S SHEPARD, 1 ,,, 1 
,2642,WEAKLEY FAMILY FARMS, 1 , 1 ,,
,2644,TYSON PRICE FARMS, 1 , 1 ,,
,2644,FREDDY M BOST JR DBA BOST FARM, 1 , 1 ,,
,2644,REIMERS FARMS / REIMERS GEN PARTNE, 1 ,,, 1 
,2645,LCN HOLDINGS LLC DBA LAKE COUNTY N, 1 , 1 ,,
,2703,WABASH VALLEY GROWERS LLC, 1 , 1 ,,
,2703,MATEHS FARMS, 1 , 1 ,,
,2705,SICKELKA AG SVC LLC, 1 , 1 ,,
,2707,LINDSKOV RANCH, 2 , 2 ,,
,2714,BSS FARMS, 1 , 1 ,,
,2716,RSB FARMING, 1 , 1 ,,
,2718,LEONARD ARTZ, 1 , 1 ,,
,2719,RICHARDS & JUDISCH FARMS, 1 , 1 ,,
,2724,JOHN HOFER DBA HOFER SEED, 1 , 1 ,,
,2725,LHF PARTNERSHIP, 1 , 1 ,,
,2728,GARRETT FARMS INC, 1 , 1 ,,
,2733,ROGER COFFEY & SONS NURSERY, 1 , 1 ,,
,2734,JASON LEE YOUNG, 1 , 1 ,,
,2734,REDDING FARMS INC, 1 , 1 ,,
,2739,STACY ARTZ, 1 , 1 ,,
,2740,L E ROUSE FARMS LLC, 1 , 1 ,,
,2742,BRANDON PETERSON FARM, 1 , 1 ,,
,2742,JOSEPH HEBERLE FARMS, 1 , 1 ,,
,2744,KORNEGAY FAMILY FARMS LLC, 1 , 1 ,,
,2745,MARK BOURNE, 1 , 1 ,,
,2748,HIGH FAMILY FARMS LLC, 1 , 1 ,,
,2749,KLG FARMS, 1 , 1 ,,
,2750,JONES SWEET POTATO EQUIPMENT INC, 1 ,,, 1 
,2751,BARLOW FARMS, 1 , 1 ,,
,3000,CHAD HEER, 1 , 1 ,,
,3000,CROSSFAITH LC, 4 , 4 ,,
,3001,KELLER FARM, 1 , 1 ,,
,3002,WIVHOLM FARMS, 1 , 1 ,,
,3005,ANDREW GATES, 1 , 1 ,,
,3005,KYLE LARSON, 1 , 1 ,,
,3005,JEREMY NITSCHKE FARM, 1 ,,, 1 
,3005,MILLER BUFFALO RANCH, 1 , 1 ,,
,3006,HEINLE FARMS, 1 , 1 ,,
,3006,BRENDA HUESERS, 1 , 1 ,,
,3006,TRAVIS HEDBERG, 1 , 1 ,,
,3007,B CHASTAIN FARMS, 1 , 1 ,,
,3007,ALEX CRAFT, 1 , 1 ,,
,3007,NEVETS J HOFF, 1 , 1 ,,
,3007,ANDREW KONGSLIE DBA KONGSLIE RANCH, 1 , 1 ,,
,3008,WORLDWIDE STAFFING LLC, 1 ,,, 1 
,3115,DENNIS HAUGEN FARMS, 1 , 1 ,,
,3116,TYLER FARMS, 1 , 1 ,,
,3117,CORY PRESKEY, 1 , 1 ,,
,3117,(blank), 1 ,,, 1 
,3117,NJS RANCH, 1 , 1 ,,
,3200,BANGEN FARMS, 1 , 1 ,,
,3201,RAMBO NURSERY LLC, 1 , 1 ,,
,3204,TIMOTHY RONNINGEN, 1 , 1 ,,
,3310,A PIRANI PARTNERSHIP,, 1 ,,
,3310,DKH INC, 1 , 1 ,,
,3311,(blank), 1 , 1 ,,
,3418,HOBBY & ASSOCIATES LTD, 1 , 1 ,,
,3518,MELON ACRES INC, 1 , 1 ,,
,3525,ANDERSON BROS FARMS LLC, 1 , 1 ,,
,3641,TOM S FARM MARKET & GREENHOUSES IN, 1 , 1 ,,
,3648,SKR FARMS, 2 , 1 ,, 1 
,3706,ECKERT ORCHARDS INC, 1 , 1 ,,
,3710,FLAMM ORCHARDS INC, 1 , 1 ,,
,3711,SCHARF FARM INC, 1 , 1 ,,
,3714,SWJJ INC DBA SERNAK FARMS, 1 , 1 ,,
,3717,BJORNSTAD HARVESTING LLC, 1 ,,, 1 
,3820,WALTER E WITT DBA WITT FARMS, 1 , 1 ,,
,3822,LUCAS NURSERY, 3 , 3 ,,
,3822,CALVIN C LUTZ II DBA CALVIN LUTZ F, 1 , 1 ,,
,3831,CHERRY BAY ORCHARDS, 1 , 1 ,,
,3837,J & V FARMS LLC, 1 , 1 ,,
,3838,JIM OLSON DBA OLSON TRANSPORT, 1 , 1 ,,
,3839,TOBACCO PRIDE LLC, 1 , 1 ,,
,3914,BAUMANN FARMS LLP, 2 , 2 ,,
,4113,MOLITOR BROS FARM, 2 , 1 ,, 1 
,4115,COLEMAN FARMS, 1 , 1 ,,
,4115,GIESE FARMS, 1 , 1 ,,
,4117,CENTRAL TURF FARMS, 1 , 1 ,,
,4118,DAVE WOESTEHOFF, 1 , 1 ,,
,4118,RIES FARMS, 2 , 1 , 1 ,
,4119,KEVIN L MANN DBA KLM FARMS, 1 , 1 ,,
,4119,REICHMANN LAND & CATTLE, 1 , 1 ,,
,4120,CBP FARMS, 1 , 1 ,,
,4211,ALAN LOPATA DBA LOPATA GARDENS, 1 , 1 ,,
,4215,MW FARMS INC, 1 , 1 ,,
,4216,RDL INC, 1 , 1 ,,
,4217,HOUSER FARMS, 1 ,,, 1 
,4455,CURL FARMS, 1 , 1 ,,
,4503,ERNEST MAU, 1 , 1 ,,
,4503,KENNETH PAULSON, 1 , 1 ,,
,4503,HAALAND GRAIN FARMS, 1 , 1 ,,
,4503,LAWREN WOLD, 1 , 1 ,,
,4503,CRAIG WIENBAR, 1 , 1 ,,
,4503,LYNN BILLADEAU, 1 , 1 ,,
,4503,HERMANSON FARM AND RANCH, 1 , 1 ,,
,4503,L AND L JONES PARTNERSHIP, 1 , 1 ,,
,4503,ROBERT K ARTZ, 1 , 1 ,,
,4503,SMETANA FARMS, 1 , 1 ,,
,4503,HUESKE FARMS, 1 , 1 ,,
,4503,LANDIS MCDONALD, 1 , 1 ,,
,4503,KEN RUSTAD FARMS, 2 , 2 ,,
,4503,BRODAL FARMS LTD, 1 , 1 ,,
,4503,GARY AND KEVIN CRAFT, 1 , 1 ,,
,4503,DWANE WANZEK, 1 , 1 ,,
,4503,KIRKEIDE NORTHLAND BEAN AND SEED, 1 , 1 ,,
,4503,MARK BARENTHSEN, 1 , 1 ,,
,4503,MARK BIRDSALL FARM, 1 , 1 ,,
,4503,CRAFTY ACRES, 1 , 1 ,,
,4503,KENNETH A RUUD, 1 , 1 ,,
,4504,PERRY OSTMO, 1 , 1 ,,
,4504,DOUG & BRENDA ZINK, 1 ,,, 1 
,4504,RICHARD STEINERT, 1 , 1 ,,
,4504,KEVIN ROORDA, 1 , 1 ,,
,4504,OLAFSON FARM, 1 , 1 ,,
,4504,CRAIG BIRDSALL FARM, 1 , 1 ,,
,4504,DWIGHT SCHILLING, 1 ,,, 1 
,4504,RICHARD RISAN FARM, 1 , 1 ,,
,4504,DOUG MURRAY FARMS, 1 , 1 ,,
,4504,SWANSON FARMS, 1 , 1 ,,
,4504,WADE BILLADEAU FARMS, 2 , 2 ,,
,4504,DRANGSHOLT FARMS INC, 1 , 1 ,,
,4504,DAN PFEIFLE, 1 , 1 ,,
,4504,FLICK FARMS, 1 , 1 ,,
,4504,FLATLAND FARMS PARTNERSHIP, 1 , 1 ,,
,4504,STACEY ROBERTS FARMS INC, 1 , 1 ,,
,4504,STEDMAN FARMS, 1 , 1 ,,
,4504,TODD ZAHNOW FARMS INC, 1 , 1 ,,
,4504,DEL GATES FARMS INC,, 1 ,,
,4504,GOOD LUCK FARM, 1 , 1 ,,
,4504,TIM OSTENRUDE, 1 ,,, 1 
,4504,HARSTAD TRUCKING, 1 , 1 ,,
,4504,TOFTELAND FARMS, 1 , 1 ,,
,4504,BRUCE PAULSON, 1 , 1 ,,
,4504,TROY JANGULA, 2 , 1 ,, 1 
,4504,GREGG DAHLE, 1 , 1 ,,
,4504,SAVELKOUL HARVESTING, 1 , 1 ,,
,4504,LIEBELT FARMS, 1 , 1 ,,
,4504,MARK RUSTAD, 1 , 1 ,,
,4504,PATRICK & SANDRA RIVINIUS, 1 , 1 ,,
,4504,AALUND FARM SHERWOOD, 1 , 1 ,,
,4524,(blank), 1 ,,,
,4529,OPP FORAGE LLC, 1 , 1 ,,
,4537,HOMESTEAD CATTLE CO LLC, 1 , 1 ,,
,4538,JAN ENTERPRISES LLC, 1 , 1 ,,
,4539,TRUESDELL FAMILY FARMS PARTNERSHIP, 1 , 1 ,,
,4540,JOHN D HAMILTON DBA SPRING CREEK N,, 1 ,,
,4540,TYBRIT INC, 1 , 1 ,,
,4540,WINTERS FARMS LLC, 1 , 1 ,, 1 
,4541,GARNER S PRODUCE LLC, 1 , 1 ,,
,4543,BLASE HENDRICKSON, 1 , 1 ,,
,4544,JOEY KNIGHT DBA KNIGHT FARMS, 1 ,,, 1 
,4544,A & T FARMS, 1 ,,, 1 
,4549,MOSER FARMS, 1 , 1 ,,
,4549,AUTUMN RIDGE LANDSCAPING, 2 , 1 ,, 1 
,4555,CATNIP RIDGE MANURE APPLICATION IN, 1 , 1 ,,
,4603,BOLLWEG FARMS, 1 , 1 ,,
,4603,CALHOON RANCH, 1 , 1 ,,
,4603,AHLEMEIER FARMS INC, 1 , 1 ,,
,4603,MJM INCORPORATED DBA SKY RANCH, 1 , 1 ,,
,4604,LINDSKOV THIEL CHAROLAIS RANCH, 1 , 1 ,,
,4604,QUIETT FARM, 1 , 1 ,,
,4604,KOSKAN S, 1 , 1 ,,
,4604,KIRK ROBINSON, 1 , 1 ,,
,4604,LAZY DIAMOND M RANCH, 1 , 1 ,,
,4604,RACOTA VALLEY RANCH PARTNERSHIP, 2 , 2 ,,
,4604,RAUSCH GRAIN & LIVESTOCK INC, 1 , 1 ,,
,4604,M D HARER FARMS, 1 , 1 ,,
,4604,ARCHER BROS PARTNERSHIP, 1 , 1 ,,
,4605,SUN VALLEY ORCHARDS LLC, 2 , 2 ,,
,4606,TRIPLE M FARMS LLC, 1 , 1 ,,
,4611,DAVID LAUGHLIN FARMS, 1 , 1 ,,
,4616,WILLIAM G BALTHROP, 1 ,,, 1 
,4618,MORTENSON CATTLE,, 1 ,,
,4620,WILLIAMS FARMS LLC, 1 , 1 ,,
,4621,JUSTICE FARMS LLC, 1 , 1 ,,
,4621,MEIER FARMS GP, 1 , 1 ,,
,4621,S&P MCKINVEN FARMS INC, 1 , 1 ,,
,4622,A & M FARMS, 1 , 1 ,,
,4622,D31LLC MILES DANNER, 1 , 1 ,,
,4631,FARMS OF BUSHY FORK INC, 1 ,,, 1 
,4634,RAVEN AGRICULTURE LLC, 1 , 1 ,,
,4640,WATSON FARM AND RANCH LLC, 1 ,,, 1 
,4640,EVAN AND BRETT PETERSON FARMS, 1 , 1 ,,
,4642,D & S BUCKMIER FARM, 1 , 1 ,,
,4643,ZUBKE FARMS LLC, 1 , 1 ,,
,4643,(blank), 1 , 1 ,,
,4643,BASARABA FARMS, 1 , 1 ,,
,4645,GALEN C GEISLER, 1 , 1 ,,
,4645,KYLE MILLS FARMS, 1 , 1 ,,
,4645,T & P HARVESTING LLC, 1 , 1 ,,
,4646,THREE PINE FARMS LLC, 1 , 1 ,,
,4647,BBF BAILEY & BAILEY, 1 , 1 ,,
,4648,MOUNTRAIL FARMS PARTNERSHIP FORMER, 1 , 1 ,,
,4651,DANYA DREW MILLER DBA DREW MILLER, 1 , 1 ,,
,4651,K&C FARMS OF NORTH CAROLINA LLC, 1 , 1 ,,
,4656,CROMWELL S PRODUCE LLC, 1 , 1 ,,
,4660,JAKE SCHAUER, 1 , 1 ,,
,4704,SHOTKOSKI HAY CO, 1 , 1 ,, 1 
,4706,WALTMAN FARM, 1 , 1 ,,
,4708,RUSTY KEMP, 1 , 1 ,,
,4712,CERVEZA ACRES LLC, 1 , 1 ,,
,4714,TODD CHAMPAGNE FARMS LLC,, 1 ,,
,4723,BLUE J FARMS INC, 1 ,,, 1 
,4724,SOUTH RIVER BERRY FARMS INC, 1 ,,, 1 
,4725,JAMES RAMBO DBA JAMES RAMBO LLC, 1 , 1 ,,
,4727,PAUL ANDERSON, 1 , 1 ,,
,4727,O LOUGHLIN FARMS LLC, 1 , 1 ,,
,4729,LORIN JOHNSON, 1 , 1 ,,
,4730,HIGH PLAINS AGRICULTURE CO, 1 , 1 ,,
,4730,HARVEST READY INC, 1 , 1 ,,
,4732,GUMBO FARMS, 2 , 2 ,,
,4732,TRIPLE W FARMS, 2 , 2 ,,
,,TRIPLE W FARMS PTN, 1 , 1 ,,
,4733,DAHL FAMILY FARM PARTNERSHIP, 2 , 2 ,,
,4734,LINDSEY SWEET POTATO FARM INC, 1 , 1 ,, 1 
,4740,TOMMY JORDAN DBA JORDAN FARMS, 1 , 1 ,,
,4745,Y & R HARVESTING INC, 1 , 1 ,,
,4750,BRYANT GOSSEN FARMS, 1 , 1 ,,
,4752,JOHN B HOLT DBA HOLT FARMS, 1 ,,, 1 
,4754,LANCE HOLLINGER, 1 , 1 ,,
,4808,TRIPLE T FARMS INC, 1 , 1 ,,
,4810,MIZELL FARMS INC, 1 , 1 ,,
,4812,MCCLURE FARMS PARTNERSHIP, 1 , 1 ,,
,5000,SHAWN SUNDBERG, 1 , 1 ,,
,5106,ISLAND PARK LLC, 1 , 1 ,,
,5412,PRODUCE OF CARROLL COUNTY, 1 , 1 ,,
,5416,DBA GALLMEYER FARMS, 1 , 1 ,,
,5418,LUCK S FARM, 1 , 1 ,,
,5419,R HART HUDSON FARMS INC, 2 , 2 ,,
,5420,THORNBURG FARMS, 1 , 1 ,,
,5607,SOUTHERN PRODUCE DISTRIBUTORS INC, 1 , 1 ,,
,5608,BLUE RIDGE FISH HATCHERY INC, 1 , 1 ,,
,5608,SLEEPY CREEK FARMS INC, 1 ,,, 1 
,5612,LEWIS NURSERY & FARMS INC, 1 , 1 ,,
,5612,JOHNSON NURSERY CORP, 1 , 1 ,,
,5613,JACKSONS FARMING CO OF AUTRYVILLE, 1 , 1 ,,
,5613,TOM VINSON JR, 1 , 1 ,,
,5613,TRI W FARMS INC, 1 , 1 ,,
,5614,TEHANDON NURSERY, 1 , 1 ,,
,5614,SANDHILL TURF INC, 1 , 1 ,,
,5614,BLUE VIEW INC, 1 , 1 ,,
,5615,SHATLEY FARMS LLC, 1 , 1 ,,
,5615,TRI STATE TURF INC, 1 , 1 ,,
,5615,SHADY RIDGE CORP, 1 , 1 ,,
,5616,(blank), 1 , 1 ,,
,5616,A L BAUCOM C INC, 1 , 1 ,,
,5616,KY TN GROWERS ASSOCIATION,,,, 1 
,,NCGA,,,, 1 
,,NCGA & JOINT EMPLOYERS, 3 , 7 ,,
,,NCGA & JOINT EMPLOYERS A1,, 1 ,,
,,NCGA & JOINT EMPLOYERS A10, 1 , 1 ,,
,,NCGA & JOINT EMPLOYERS A10 2 WK EX,, 1 ,,
,,NCGA & JOINT EMPLOYERS A10 5 WK EX,, 1 ,,
,,NCGA & JOINT EMPLOYERS A10L, 1 , 1 ,,
,,NCGA & JOINT EMPLOYERS A11, 1 , 1 ,,
,,NCGA & JOINT EMPLOYERS A11L, 1 , 1 ,,
,,NCGA & JOINT EMPLOYERS A12, 1 , 1 ,,
,,NCGA & JOINT EMPLOYERS A12 5 WK,, 1 ,,
,,NCGA & JOINT EMPLOYERS A12L, 1 , 1 ,,
,,NCGA & JOINT EMPLOYERS A13, 1 ,,, 1 
,,NCGA & JOINT EMPLOYERS A13 5 WK EX,, 1 ,,
,,NCGA & JOINT EMPLOYERS A13L, 1 ,,, 1 
,,NCGA & JOINT EMPLOYERS A14, 1 ,,, 1 
,,NCGA & JOINT EMPLOYERS A14 2 5 WK,, 1 ,,
,,NCGA & JOINT EMPLOYERS A14 5 WK EX,, 1 ,,
,,NCGA & JOINT EMPLOYERS A14L, 1 ,,, 1 
,,NCGA & JOINT EMPLOYERS A15 5 WK,, 1 ,,
,,NCGA & JOINT EMPLOYERS A18 2 WK EX,, 1 ,,
,,NCGA & JOINT EMPLOYERS A18 5 WK EX,, 1 ,,
,,NCGA & JOINT EMPLOYERS A19 5 WK EX,, 1 ,,
,,NCGA & JOINT EMPLOYERS A2, 1 , 1 ,,
,,NCGA & JOINT EMPLOYERS A20 2 WK EX,,,, 1 
,,NCGA & JOINT EMPLOYERS A20 5 WK EX,, 1 ,,
,,NCGA & JOINT EMPLOYERS A23 5 WK EX,, 1 ,,
,,NCGA & JOINT EMPLOYERS A26 5 WK EX,, 1 ,,
,,NCGA & JOINT EMPLOYERS A27 2 WK EX,, 1 ,,
,,NCGA & JOINT EMPLOYERS A27 5 WK EX,, 1 ,,
,,NCGA & JOINT EMPLOYERS A2L, 1 , 1 ,,
,,NCGA & JOINT EMPLOYERS A3, 1 , 1 ,,
,,NCGA & JOINT EMPLOYERS A3L, 1 , 1 ,,
,,NCGA & JOINT EMPLOYERS A4, 1 , 1 ,,
,,NCGA & JOINT EMPLOYERS A4 5 WK EXT,, 1 ,,
,,NCGA & JOINT EMPLOYERS A4L, 1 , 1 ,,
,,NCGA & JOINT EMPLOYERS A5, 1 , 1 ,,
,,NCGA & JOINT EMPLOYERS A5 2 WK EXT,, 1 ,,
,,NCGA & JOINT EMPLOYERS A5 5 WK EXT,, 1 ,,
,,NCGA & JOINT EMPLOYERS A5L, 1 , 1 ,,
,,NCGA & JOINT EMPLOYERS A6, 1 , 1 ,,
,,NCGA & JOINT EMPLOYERS A6L, 1 , 1 ,,
,,NCGA & JOINT EMPLOYERS A7, 1 , 1 ,,
,,NCGA & JOINT EMPLOYERS A7L, 1 , 1 ,,
,,NCGA & JOINT EMPLOYERS A8, 1 , 1 ,,
,,NCGA & JOINT EMPLOYERS A8 2 WK EXT,, 1 ,,
,,NCGA & JOINT EMPLOYERS A8L, 1 , 1 ,,
,,NCGA & JOINT EMPLOYERS A9, 1 , 1 ,,
,,NCGA & JOINT EMPLOYERS A9 5 WK EXT,, 1 ,,
,,NCGA & JOINT EMPLOYERS A9L, 1 , 1 ,,
,,NCGA & JOINT EMPLOYERS EQT1, 1 , 1 ,,
,,NCGA & JOINT EMPLOYERS EQT3, 1 , 1 ,,
,,NCGA & JOINT EMPLOYERS EQT4, 1 , 1 ,,
,,NCGA & JOINT EMPLOYERS EQT5, 1 , 1 ,,
,,NCGA & JOINT EMPLOYERS EQT51, 1 , 1 ,,
,,NCGA & JOINT EMPLOYERS EQT6, 1 ,,, 1 
,,NCGA & JOINT EMPLOYERS FLD REP, 1 , 1 ,,
,,NCGA & JOINT EMPLOYERS N2, 1 , 1 ,,
,,NCGA & JOINT EMPLOYERS VG1, 1 , 1 ,,
,,NCGA & JOINT EMPLOYERS VG1 1L, 1 , 1 ,,
,,NCGA & JOINT EMPLOYERS VG1 2L, 1 , 1 ,,
,,NCGA & JOINT EMPLOYERS VG1 5 WK EX,,, 1 ,
,,NCGA & JOINT EMPLOYERS VG1L, 1 , 1 ,,
,,NCGA & JOINT EMPLOYERS VG2, 1 , 1 ,,
,,NCGA & JOINT EMPLOYERS VG21, 1 , 1 ,,
,,NCGA & JOINT EMPLOYERS VG21L, 1 , 1 ,,
,,NCGA & JOINT EMPLOYERS VG3, 1 , 1 ,,
,,NCGA & JOINT EMPLOYERS VG31, 1 , 1 ,,
,,NCGA & JOINT EMPLOYERS VG31L, 1 , 1 ,,
,,NCGA & JOINT EMPLOYERS VG4, 1 , 1 ,,
,,NCGA & JOINT EMPLOYERS VG4 2 WK EX,, 1 ,,
,,NCGA & JOINT EMPLOYERS VG41, 1 , 1 ,,
,,NCGA & JOINT EMPLOYERS VG41L, 1 , 1 ,,
,,NCGA & JOINT EMPLOYERS VG4L, 1 , 1 ,,
,,NCGA & JOINT EMPLOYERS VG5, 1 , 1 ,,
,,NCGA & JOINT EMPLOYERS VG51, 1 , 1 ,,
,,NCGA & JOINT EMPLOYERS VG51L, 1 , 1 ,,
,,NCGA & JOINT EMPLOYERS VG6, 1 ,,, 1 
,,NCGA & JOINT EMPLOYERS VG6L, 1 ,,, 1 
,,NCGA & JOINT EMPLOYERS VG8 2 WK EX,, 1 ,,
,,NCGA & JOINT EMPLOYERS VG8 5 WK EX,, 1 ,,
,,NCGA & JOINT EMPLOYERS VGWL, 1 , 1 ,,
,,NCGA & JOINT EMPLOYERS VS5L, 1 , 1 ,,
,,NCGA & JOINT EMPLOYERS XHORN TRF 4,, 1 ,,
,,NCGA & JOINT EMPLOYERS XT1, 1 , 1 ,,
,,NCGA & JOINT EMPLOYERS XT1 1, 1 , 1 ,,
,,NCGA & JOINT EMPLOYERS XT1 2 WK EX,, 1 ,,
,,NCGA & JOINT EMPLOYERS XT1L, 1 , 1 ,,
,,NCGA & JOINT EMPLOYERS XT2, 1 , 1 ,,
,,NCGA & JOINT EMPLOYERS XT2 1, 1 , 1 ,,
,,NCGA & JOINT EMPLOYERS XT2L, 1 , 1 ,,
,,NCGA & JOINT EMPLOYERS XT3, 1 , 1 ,,
,,NCGA & JOINT EMPLOYERS XT3 2 WK EX,, 1 ,,
,,NCGA & JOINT EMPLOYERS XT3 3, 1 , 1 ,,
,,NCGA & JOINT EMPLOYERS XT31, 1 , 1 ,,
,,NCGA & JOINT EMPLOYERS XT32, 1 , 1 ,,
,,NCGA & JOINT EMPLOYERS XT4, 1 , 1 ,,
,,NCGA & JOINT EMPLOYERS XT5 1 2 WK,, 1 ,,
,,NCGA & JOINT EMPLOYERS XT51 2 WK E,, 1 ,,
,,NCGA D406,,,, 1 
,,NCGA D638,,,, 1 
,5616,ROCK HILL FARMS, 2 , 2 ,,
,5617,(blank), 1 , 1 ,,
,5617,COTTLE FARMS INC, 1 , 1 ,,
,5617,DL&B ENTERPRISES INC, 1 , 1 ,,
,5617,HILL TOP FARMS INC, 1 , 1 ,,
,5617,ARBOR FIELDS INC, 1 , 1 ,,
,5618,MORGAN FARMS INC, 1 ,,, 1 
,5619,D&T FARMS INC, 1 , 1 ,,
,5619,MCLAIN FARMS, 1 , 1 ,,
,5619,FAULKNER FARMS LLC, 1 , 1 ,,
,5619,CONOHO FARMS INC, 1 , 1 ,,
,5619,DAVID VINSON FARMS INC, 1 , 1 ,,
,5620,NEW TREE PRERSONNEL SERVICE,,,, 1 
,5620,WALTER P RAWL & SONS INC, 5 , 5 ,, 1 
,5620,POPE & SON INC, 1 , 1 ,,
,5620,BOYKIN FARMS INC, 1 , 1 ,,
,5620,(blank), 1 , 1 ,,
,5620,LAZY 5 RANCH INC, 1 , 1 ,,
,5620,M&M PLANT FARMS INC, 1 , 1 ,,
,5622,SWEET BERRY FARMS LLC, 1 , 1 ,,
,5622,PORTERFIELD FARMS INC, 1 , 1 ,,
,5622,SHELTON & SONS FARMS INC, 1 , 1 ,,
,5622,WAGONER S NURSERY LLC, 1 , 1 ,,
,5622,KOOPMAN DAIRIES INC, 1 , 1 ,,
,5701,INMAN HOLDING CO DBA INMAN SOD, 1 , 1 ,,
,5711,JE COOLEY FARMS INC DBA JE COOLEY, 1 , 1 ,,
,5711,WF PARTNERSHIP, 2 , 2 ,,
,5812,THE WILBANKS APIARIES INC, 2 , 2 ,,
,5822,FISHER ORCHARDS, 1 , 1 ,,
,5823,HILLCREST ORCHARDS LLC, 1 , 1 ,,
,5826,EDWARDS FARMS INC, 1 , 1 ,,
,6115,DLR FRUIT & VEGETABLE, 1 , 1 ,,
,,DLR FRUIT & VEGETABLE INC,,,, 1 
,6117,MIDTENN FARMS LLC, 1 , 1 ,,
,6210,JERRY R STUARD DBA SOUTHERN LIGHT, 1 ,,, 1 
,,JERRY STUARD DBA SOUTHERN LIGHT FA, 1 , 1 ,,
,6210,JACK FLIPPEN FRUIT FARM, 1 , 1 ,,
,6210,GREG HUTCHISON, 1 ,,, 1 
,6212,BOBBY DARNELL SR DBA DARNELL FARMS, 1 ,,, 1 
,6213,MICHAEL BEJMA DBA BEJMA FARMS, 1 , 1 ,,
,6214,MOSELEY BROS FARM, 1 ,,, 1 
,6214,ALFRED G SLATE DBA SLATE FARMS, 1 , 1 ,,
,6214,BRYANT BROTHERS, 1 , 1 ,,
,6215,JONES & CHURCH FARMS INC, 1 , 1 ,,
,6215,TOSH FARMS, 1 , 1 ,,
,6215,TEDDY MILLER DBA SWANN STABLES, 1 , 1 ,,
,6216,BLICK FARMS, 1 ,,, 1 
,6216,MOUNTAIN VIEW FARMS, 1 , 1 ,,
,6216,ELVIS L BELLAR DBA BELLAR FARMS, 1 , 1 ,,
,6217,MATTHEW B THOMAS, 1 , 1 ,,
,6217,SCOTTS STRAWBERRY & TOMATO FARMS I, 2 , 2 ,,
,6218,JOHN H SMITH DBA SMITH FARMS, 1 , 1 ,,
,6306,TAS INC DBA COTTAGE HILL NURSERY I,, 1 ,,
,6307,SHUMOCK FARM, 1 , 1 ,,
,6309,DARRYL MILLER NURSERY INC, 1 , 1 ,,
,6310,WALKER SEALES DBA SEALES NURSERY,, 1 ,,
,6406,DEANS NURSERY, 1 , 1 ,,
,6407,BAILEY AND SONS, 1 , 1 ,,
,6408,STEVEN STOKER FARMS, 1 , 1 ,,
,6408,SEWARD FARMS, 1 , 1 ,,
,6408,DEAN TANNER FARMS, 1 , 1 ,,
,6409,COURTNEY FARMS LLC,,,, 1 
,6503,PURE BEAUTY FARMS INC, 1 , 1 ,,
,6804,DENNIS EDWARDS, 1 , 1 ,,
,6805,OAK HILL TREE FARM LLC, 1 , 1 ,,
,6805,DEREK TOSSETT FARM, 1 , 1 ,,
,7105,GENE MELTON AND SONS, 1 , 1 ,,
,7106,ARKANSAS WELL SUPPLY INC, 1 , 1 ,,
,7106,TRAIL PARTNERSHIP DBA T & T PARTNE, 1 , 1 ,,
,7106,NINETY SIX FARMS INC, 1 , 1 ,,
,7106,CALLOWAY PLANTING CO, 1 , 1 ,,
,7106,BILLY BLAND FISHERY INC, 1 , 1 ,,
,7107,A E SHOFFNER LTD, 1 , 1 ,,
,7107,HOOD BROTHERS FARMS, 1 , 1 ,,
,7107,GOODMAN FARMS JOINT VENTURE, 1 , 1 ,,
,7107,LVW FARMS PARTNERSHIP, 1 , 1 ,,
,7107,PHIL PIRANI FARMS,, 1 ,,
,7107,BENWOOD FARMS, 1 , 1 ,,
,7107,TIM FISHER FARM, 1 , 1 ,,
,7108,WILLIAMS FARMS, 1 , 1 ,,
,7108,BERRIES BY BILL INC, 1 , 1 ,,
,7108,WATERFOWL FARMS INC, 1 , 1 ,,
,7108,RANDY HARDIN FARMS INC, 1 , 1 ,,
,7108,TYMAC FARMS PARTNERSHIP, 1 , 1 ,,
,7205,W C LANIE & SONS INC, 1 , 1 ,,
,7207,TWIN PINE FARMS LLC, 1 , 1 ,,
,7207,ALTON LANDRY INC, 1 , 1 ,,
,7209,(blank), 1 , 1 ,,
,7210,OURSO FARMS INC, 1 , 1 ,,
,7210,CONDREY FARMS, 1 , 1 ,,
,7210,BENTON FARMS,,,, 1 
,7211,(blank), 1 , 1 ,,
,7211,(blank),, 1 ,,
,7213,NEAL LANDRY FARMS, 1 , 1 ,,
,7213,STREAM WETLAND SVCS LLC, 1 , 1 ,,
,7214,LANIE FARMS INC, 2 , 2 ,,
,7214,SHARIDEN FARMS PARTNERSHIP, 1 , 1 ,,
,7215,LANE A BLANCHARD FARMS LLC, 1 , 1 ,,
,7312,TURLEY RANCH, 2 , 2 ,,
,7316,BLACKJACK EXPRESS LLC, 1 , 2 ,,
,7316,ARROWHEAD FARMS, 1 , 1 ,,
,7316,DIAMOND S FARMS, 1 , 1 ,,
,7428,HEARN FARMS INC, 1 , 1 ,,
,7430,TRAVIS FIESER, 1 , 1 ,,
,7431,JOSHUA GRAHAM FARM, 1 , 1 ,,
,7521,CARL AND KARA HOELSCHER FARM, 1 , 1 ,,
,7523,VAN DER LAAN DAIRY, 1 , 1 ,,
,7525,BEZNER PARTNERSHIP, 1 , 1 ,,
,7530,JES FARMS PARTNERSHIP, 1 , 1 ,,
,7531,SUGARLAND ACRES LLC, 2 , 2 ,,
,8003,SCOTT LAMBERTH, 1 ,,, 1 
,8003,CRAIG WEIGEL, 1 , 1 ,,
,8003,PALMORE FARMS, 1 ,,, 1 
,8006,HOFF FARMS, 2 , 1 ,, 1 
,8101,SCHNITZLER CORPORATION, 1 , 1 ,,
,8103,MCPHERSON FARMS, 1 , 1 ,,
,8103,BOX L FARMS, 1 , 1 ,,
,8103,PATRICK LARSON RANCH INC, 1 , 1 ,,
,8103,TREASURE STATE GRAIN INC, 1 , 1 ,,
,8104,STONER AND SONS, 1 , 1 ,,
,8109,ZINGLER FARMS INC, 1 , 1 ,,
,8111,MONTCALM COUNTY GROWERS ASSN LLC, 1 , 1 ,,
,8112,BUY SOD USA LLC, 2 , 2 ,,
,8113,DOOLEY AGRI LLC, 1 ,,, 1 
,8114,FOWLERS PEAHCES & VEGETABLE, 1 ,,, 1 
,8114,TWO P FARMS, 1 , 1 ,,
,8117,MICHAEL STAMER FARMS GEN PARTNERSH, 1 , 1 ,,
,8125,MATTHEW WILFRED GATES, 1 , 1 ,,
,8137,FOUR RS RANCH LLC, 1 , 1 ,,
,8139,TRACY J CLEMENT BANKCRUPTCY ESTATE, 1 , 1 ,,
,8145,HOBGOOD FARMS, 1 , 1 ,,
,8146,HOFFMAN FARMS LLC, 1 , 1 ,,
,8147,DEMO ROAD FARMS, 1 , 1 ,,
,8148,JOHN L BOURNE & SONS, 1 , 1 ,,
,8304,AUSTIN ADAMS, 1 ,,, 1 
,8304,JAEGER FARMS, 1 , 1 ,,
,8409,SMARTT FARMS, 2 , 2 ,,
,8414,TRIPLE C FARMS, 1 , 1 ,,
,8414,SIMONS FARM SVC, 1 , 1 ,,
,8610,BRYNJULSON FARMS, 1 , 1 ,,
,9002,MCCULLAR PEACH ORCHARDS,, 1 ,,
,9003,HOBBS FARMING INC, 1 , 1 ,,
,9118,PAUL NELSON FARM INC, 1 , 1 ,,
,9434,J ROLAND WOOD FARMS INC, 1 , 1 ,,
,9434,HEAD BROTHERS FARM LLC, 1 , 1 ,,
,9434,WILLIAM F GOFF DBA RED OAK NURSERY,, 1 ,,
NORTH CAROLINA Total,,, 577 , 571 , 2 , 65 
NORTH DAKOTA,1057,ROBSON HONEY COMPANY LLC, 1 , 1 ,,
,2001,BLAINE KUMMER FARM, 1 , 1 ,,
,2003,THOMPSON APIARIES, 1 , 1 ,,
,2005,LAGODINSKI FARMS, 1 , 1 ,,
,2019,R FARM INC, 1 , 1 ,,
,2038,(blank),,,, 1 
,2042,ROBERT ARNOLD FARMS, 1 , 1 ,,
,2043,FETCH HONEY AND BEES, 1 , 1 ,,
,2087,TRIPLE H LLC, 1 , 1 ,,
,2620,DANIEL MILLER FARM PARTNERSHIP, 1 , 1 ,,
,2635,MELIN FARMS, 1 , 1 ,,
,2644,LEWIS & CLARK FEEDERS INC, 1 , 1 ,,
,2747,HANSON FARMS, 1 , 1 ,,
,2749,KOKES AG SVCS, 1 , 1 ,,
,3002,(blank), 1 , 1 ,,
,3115,(blank),,, 1 ,
,3117,DENTON OVERTON, 1 , 1 ,,
,3117,TERRY BERNHARDT FARMS, 1 , 1 ,,
,3118,BRYAN GLASS FARMS, 1 , 1 ,,
,3200,TOP SHOT AG SERVICES,,,, 1 
,3301,MOUNTAIN AVENUE BEES INC DBA GARRI, 1 , 1 ,,
,3419,KELLY & PATRICK HALL, 1 , 1 ,,
,3522,SHANE OLSON, 2 , 2 ,,
,3645,KALIL FARMS INC, 1 , 1 ,,
,4122,DEAN GERVING FARM, 2 , 1 ,, 1 
,4122,(blank), 1 , 1 ,,
,4122,MIKAL SCHOLLMEYER FARMS, 1 , 1 ,,
,4403,DONALD K ZIMBLEMAN, 1 , 1 ,,
,4502,GUNTER HONEY INC, 1 , 1 ,,
,4503,BUFFALO FARM SUPPLY, 1 , 1 ,,
,4503,LANGTON HARVESTING, 1 ,,, 1 
,4503,WEINLAEDER SEED CO, 1 , 1 ,,
,4503,LYLE SHEPHARD FARM, 1 , 1 ,,
,4503,ROBERT MARTIN FARMS, 1 , 1 ,,
,4503,(blank), 1 , 1 ,,
,4503,PETER SHOCKMAN, 1 , 1 ,,
,4503,CHARLES APIARIES, 1 , 1 ,,
,4503,MITCHELL CHARLES, 1 , 1 ,,
,4503,HART FARMS, 1 , 1 ,,
,4503,BOB ANDERSON, 1 , 1 ,,
,4503,HENKE FARM,,,, 1 
,,HENKE FARMS, 1 , 1 ,,
,4503,WECKERLY FARMS, 1 , 1 ,,
,4503,DONALD HEUCHERT FARM, 1 , 1 ,,
,4503,DENNIS BINA DBA BINA SEED CO, 1 , 1 ,,
,4503,BRIAN VCULEK FARM, 1 , 1 ,,
,4503,LARRY SIGNALNESS FARMS, 1 , 1 ,,
,4503,WISNESS FARM, 1 , 1 ,,
,4503,LANCE DOLL FARM,, 1 ,,
,4503,CELLEY FARMS, 1 , 1 ,,
,4503,TIMOTHY DOLL FARMS, 1 , 1 ,,
,4504,KEVIN BRYL, 1 , 1 ,,
,4504,GLENN HEUCHERT FARMS, 1 , 1 ,,
,4504,DALE ZAHRADKA FARMS, 1 , 1 ,,
,4504,JAMES LONGTIN FARM, 1 , 1 ,,
,4504,DAKOTA WEST FARMS, 1 , 1 ,,
,4504,HARLAN KLEIN, 1 , 1 ,,
,4504,PRICE CATTLE RANCH LLP, 3 , 1 ,, 2 
,4504,DIANE SCHURR DBA KH INC FARMS, 1 , 1 ,,
,4504,STRAMER FARMS, 1 , 1 ,,
,4504,MOCK FARMS, 1 , 1 ,,
,4504,KIM HART, 1 , 1 ,,
,4504,GREG QUARNE, 1 , 1 ,,
,4504,PEERBOOM FARMS, 1 , 1 ,,
,4504,NEU WAY FARMS, 1 , 1 ,,
,4504,MACKRILL HONEY FARMS & SALES INC, 2 , 2 ,,
,4504,PERRY RODENBURG FARMS, 1 , 1 ,,
,4504,LARRY DOLL FARM,, 1 ,,
,4504,STEVE ERFLE FARMS, 1 , 1 ,,
,4504,MIKE ERFLE FARM,, 1 ,,
,4504,SICKLER FARM, 1 , 1 ,,
,4504,(blank), 1 ,,, 1 
,4504,JORDE CERTIFIED SEED COMPANY, 1 , 1 ,,
,4504,KENNETH MOGEN FARMS, 1 , 1 ,,
,4504,PDM FARMS INC, 1 , 1 ,,
,4504,DAKOTA HONEY LLP, 1 , 1 ,,
,4504,KRAFT HARVESTING, 1 , 1 ,,
,4504,OWAN FARMS, 1 , 1 ,,
,4504,JOHN WEINAND FARM, 1 , 1 ,,
,4504,(blank), 1 ,,, 1 
,4504,HOGERVILLE DAIRY, 1 , 1 ,,
,4504,WHO S YOUR HONEY, 1 , 1 ,,
,4504,JEFFREY HOCHHALTER, 1 , 1 ,,
,4504,KTM FARM, 1 , 1 ,,
,4504,RYAN KADRMAS FARMS, 1 , 1 ,,
,4504,(blank), 1 , 1 ,,
,4520,ERIC & LYNN SCHMIESS, 1 , 1 ,,
,4560,BERNHOFT FARMS, 1 , 1 ,,
,4603,WILLIAM ONGSTAD, 1 , 1 ,,
,4603,HOLLMAN APIARIES, 2 , 1 ,, 1 
,4604,PFINGSTEN IRRIGATED FARMS, 1 , 1 ,,
,4604,HAMILTON BEES, 1 , 1 ,,
,4604,ROD HOFFMAN FARMS, 1 , 1 ,,
,4604,GRAND RIVER HONEY CO INC, 1 ,,, 1 
,4604,UNITED AGRONOMY LLC, 2 , 2 ,,
,4604,K&C INC,,,, 1 
,4609,HOHERZ INVESTMENTS,, 1 , 1 ,
,4614,MERTZ FARMS JV LLP, 1 , 1 ,,
,4617,NELSON FARMS, 1 , 1 ,,
,4617,AMUNDSON LAND & CATTLE, 1 , 1 ,,
,4618,DAVID GUTHMILLER FARMS, 1 , 1 ,,
,4627,MONTE BERTSCH DBA JR S HARVESTING, 1 ,,, 1 
,4640,THOMAS VETTER, 1 , 1 ,,
,4719,(blank),, 1 ,,
,4722,VOLK HONEY LLC, 1 , 2 ,,
,4725,ANDERSEN FARM, 1 , 1 ,,
,4747,WILLIAM ARNOLD FARM,, 1 ,,
,4753,SCOTT ASSMAN DBA TC CATTLE CO,, 1 ,,
,4754,ERICKSON RENTAL, 1 , 1 ,,
,4773,JASON SIGNALNESS FARM,,, 1 ,
,4812,PRESLER FARM SVC INC, 1 , 1 ,,
,5014,THOMAS WEGNER, 1 , 1 ,,
,5017,MIKE BRANDENBURG, 1 , 1 ,,
,5029,WES DOEPKE, 1 , 1 ,,
,5624,CHARLIE SORENSON, 1 , 1 ,,
,7102,HELENA CHEMICAL CO, 2 , 2 ,,
,7215,SAMUEL ONGSTAD, 1 , 1 ,,
,7530,ERLANDSON FARM PARTNERSHIP, 1 , 1 ,,
,7707,SAUERESSING FARMS, 1 , 1 ,,
,8001,(blank), 1 , 1 ,,
,8005,ABSOLUTE HONEY LLC, 1 , 1 ,,
,8111,SQUARE BUTTE FARM, 2 , 1 ,, 1 
,8118,ORGANIC AG SOLUTIONS, 1 , 1 ,,
,8145,NW MAXWELL HONEY LLC, 1 , 1 ,,
,8147,(blank), 1 , 1 ,,
,8147,FEREBEE CROPS & CATTLE, 1 ,,, 1 
,8203,BROWNING S HONEY CO INC, 1 ,,, 1 
,8205,NOYES APIARIES INC, 1 ,,, 1 
,8804,BOTNO BEE CO LLC, 2 , 2 ,,
,9011,LEVI BOEHM FARMS, 1 , 1 ,,
,9011,DUSTY WILLOW DAIRY, 1 , 1 ,,
,9117,JOE DUFNER FARMS, 1 , 1 ,,
,9118,MEIER HARVESTING, 1 , 1 ,,
,9118,WHITMAN RANCH, 1 , 1 ,,
,9903,GPH ENTERPRISES INC, 1 , 1 ,,
,(blank),LEIF JELLESED FARM, 1 , 1 ,,
,,MIKE BROSNAN FARMS INC FARMS, 1 , 1 ,,
,,TRACY HOHERZ FARM, 1 , 1 ,,
NORTH DAKOTA Total,,, 135 , 130 , 3 , 17 
OHIO,2020,MADISON SHORE GROWERS, 1 , 1 ,,
,2044,RED ROCK NURSERY INC, 1 , 1 ,,
,2353,STACHOWSKI ALPACAS LLC, 1 , 1 ,,
,2702,RAINBOW FARMS LLC, 1 , 1 ,,
,2710,LYDELL STEINER LLC, 1 , 1 ,,
,3112,SUNCRAFT,,,, 1 
,3114,KILE FARMS, 1 , 1 ,,
,3408,LEUTY NURSERY, 1 , 1 ,,
,3410,WILLOWAY NURSERIES INC, 1 , 1 ,,
,3417,STROPKEY NURSERIES INC, 1 , 1 ,,
,3419,SPRINGLAKE NURSERY, 1 , 1 ,,
,4606,WHITEBARN ORGANICS LLC, 1 , 1 ,,
,4736,KLOSTERMAN FARMS LLC, 1 ,,, 1 
,8117,JB FARM MARKET LLC, 1 , 1 ,,
,(blank),LANDSCAPE CREATIONS NURSERY LLC, 1 , 1 ,,
,,MON BUDDHIST MONASTERY,,,, 1 
OHIO Total,,, 14 , 13 ,, 3 
OKLAHOMA,3028,4 CORNERS FARM, 2 , 1 ,, 1 
,3042,(blank), 1 , 1 ,,
,2018,DEBOCK HARVESTING, 1 , 1 ,,
,2019,DEPOT MARKET, 1 , 1 ,,
,2023,MESQUITE FARMS INC, 2 , 2 ,,
,2024,L&B THEIS FARMS, 1 , 1 ,,
,2030,BLACKBERRY RANCH INC, 1 , 1 ,,
,2031,TRIPLE B TRUCKING, 1 , 1 ,,
,2032,PLYMOUTH VALLEY CELLARS, 1 , 1 ,,
,2329,THE GARDEN S EDGE, 1 , 1 ,,
,2604,OLSON FARMS, 1 , 1 ,,
,2611,ROBERT W WRIGHT TRUST, 1 , 1 ,,
,2615,(blank), 1 , 1 ,,
,2616,D&L FARMS, 1 , 1 ,,
,2626,WILSON HARVESTING, 1 , 1 ,,
,2638,CRAINE HARVESTING AND TRUCKING INC, 1 ,,, 1 
,2700,HADER FARMS PARTNERSHIP, 1 , 1 ,,
,2720,BT HARVESTING, 1 , 1 ,,
,2723,TRIANGLE H, 1 , 1 ,,
,2724,WICKSTRUM CATTLE LLC, 1 , 1 ,,
,2729,(blank), 1 , 1 ,,
,2731,(blank), 1 , 2 ,,
,2734,WURZ HARVESTING, 1 , 1 ,,
,3002,WILLIAM STANLEY FARMS, 1 , 1 ,,
,3521,KINZLER ROCKING K FARM, 1 , 1 ,,
,3836,GIBSON FAMILY FARM STORE LLC,,,, 1 
,4108,HERNKE S INC, 2 , 2 ,,
,4109,UNTIEDT S VEGETABLE FARM, 1 , 1 ,,
,4114,RIVERSIDE FARMS, 1 , 1 ,,
,4116,PINE TREE APPLE ORCHARD, 1 , 1 ,,
,4118,STANLEY FARMS, 1 , 1 ,,
,4215,COX FARMS, 1 , 1 ,,
,4319,MEINKE CUSTOM COMBINING, 1 , 1 ,,
,4503,GINTHER FARMS, 1 , 1 ,,
,4503,MEIDINGER FARMS, 1 , 1 ,,
,4503,CLF INC, 1 , 1 ,,
,4503,E&B JOHNSON S FARM INC, 1 , 1 ,,
,4503,HANSON GRAIN FARMS INC, 1 , 1 ,,
,4503,AANSTAD FARM, 1 , 1 ,,
,4504,MERTEMS FARMS, 1 , 1 ,,
,,MERTENS FARMS, 1 ,,, 1 
,4504,K&C ACRES, 1 ,,, 1 
,4504,(blank), 1 , 1 ,,
,4504,HAAS FARMS, 1 , 1 ,,
,4504,ZACHER FAMILY FARM, 1 , 1 ,,
,4504,BENSON HARVESTING, 1 ,,, 1 
,4504,BROWN HARVESTING, 1 , 1 ,,
,4504,(blank), 1 , 1 ,,
,4504,MARLYN SEIDLER FARMS,, 1 ,,
,4504,(blank), 1 , 1 ,,
,4504,STEVEN HEGER, 1 , 1 ,,
,4504,FEGLEY FARM LLC, 1 , 1 ,,
,4526,TROY KUCK SILAGE HARVESTING LLC, 1 , 1 ,,
,4526,WOLF HARVESTING, 1 , 1 ,,
,4527,TOP LOT FARM, 1 , 1 ,,
,,TOP LOT FARMS INC, 1 ,,, 1 
,4548,JUSTIN AND AMY ABERNATHY JV, 1 ,,, 1 
,4551,EICHELBERGER FARMS LLC, 1 , 1 ,,
,4603,NELSON FARMS, 1 , 1 ,,
,4604,JONES FARM, 1 , 1 ,,
,4604,3B FARMS PTN, 1 , 1 ,,
,4604,BUHLER FAMILY LLP, 2 , 2 ,,
,4614,ROCKIN R HARVESTING LLC, 1 , 1 ,,
,4642,MCCLOUD FARM, 1 , 1 ,,
,4649,RAY KINDRED, 1 , 1 ,,
,4733,CARNEY FARMS, 1 , 1 ,,
,4734,ERIC & STEPH MAASKE GP, 1 , 1 ,,
,4808,KEESECKER AGRI BUSINESS INC, 1 , 1 ,,
,4810,WICKSTRUM HARVESTING, 3 ,,, 3 
,4811,JKD INC, 2 , 1 ,, 1 
,5018,BROWN HARVESTING,,,, 1 
,6336,TEGGS HORSE FARM,,,, 1 
,7306,FARMERS UNION COOP GIN HUMPHREYS, 1 , 1 ,,
,7307,LEON MALSON FARM, 1 , 1 ,,
,7309,OZARK FARMS, 1 , 1 ,,
,7309,COTTON GROWERS COOP, 1 , 1 ,,
,7310,(blank), 1 , 1 ,,
,7310,TRIPLE S FARMS, 1 , 1 ,,
,7310,TRIPLE S FARMS, 1 ,,, 1 
,7311,ROGER ENTZ, 1 , 1 ,,
,7312,SOUTHWOOD LANDSCAPE & NURSERY CO I,, 1 ,,
,7312,BLUE CHIP FARMS, 1 , 1 ,,
,7314,GROSSEN CATTLE CO LLC, 1 , 1 ,,
,7315,BRAD MILLER RANCH LLC, 1 , 1 ,,
,7430,THURMAN HARVESTING INC, 1 , 1 ,,
,7506,W T WAGGONER ESTATE, 1 , 1 ,,
,7515,STEVE JANSA FARMS, 1 , 1 ,,
,7517,FRISCHE FARMS, 2 , 1 ,, 1 
,7529,LANCE & SAHALA GAILLARD, 1 , 1 ,,
,7529,LAKE CREEK FARMS, 1 , 1 ,,
,7530,JENEHR FAMILY FARM, 1 , 1 ,,
,8003,STABEL TRUCKING, 1 , 1 ,,
,8008,(blank), 1 , 1 ,,
,8104,HANDY INDUSTRIES, 1 , 1 ,,
,8113,ONATAH FARMS, 1 ,,, 1 
,8150,(blank), 1 , 1 ,,
,8417,HUGHES HARVESTING LLC, 1 , 1 ,,
,8701,RIVERSIDE COUNTRY CLUB,,,, 1 
,9806,MAGILL HARVESTING, 1 , 1 ,,
,(blank),BILL LAMONS DAIRY,,,, 1 
OKLAHOMA Total,,, 101 , 90 ,, 19 
OREGON,3310,HUFFORD ESTATE, 1 , 1 ,,
,4606,M & H RANCH, 1 , 1 ,,
,4726,SIRI AND SON FARMS INC, 1 , 1 ,,
,6800,ABC TREE FARMS LLC,,,, 2 
,9306,TOWNSEND FARMS INC, 1 ,,, 1 
,9311,CAL FARMS INC, 2 , 2 ,,
,(blank),K&F DEVELOPMENT,,,, 1 
OREGON Total,,, 6 , 5 ,, 4 
PENNSYLVANIA,2039,BLOOMING GLEN FARM LLC, 1 ,,, 1 
,2039,REID S ORCHARD & WINERY, 1 , 1 ,,
,2320,ADAMS COUNTY NURSERY INC, 2 , 1 ,, 1 
,2324,CHERRY HILL ORCHARDS INC, 1 ,,, 1 
,2326,PLEASANTVILLE FARMS LLC,, 1 ,,
,2328,HUBER NURSERIES, 1 , 1 ,,
,2329,PARADOCX VINEYARD LTD, 1 , 1 ,,
,2516,(blank), 1 , 1 ,,
,2518,DILLER NURSERY INC, 2 , 2 ,,
,2519,JANOSKI FARMS INC, 1 , 1 ,,
,2629,COUNTRY GARDENS PRODUCE AND PROCES, 1 , 1 ,,
,2642,BEECHWOOD ORCHARDS INC, 1 , 1 ,,
,2645,BEDNER S FARM AND GREENHOUSE INC, 1 , 1 ,,
,4619,EATON FARMS PRODUCTION LLC, 1 , 1 ,,
,4748,HF LLC, 1 , 1 ,,
,5508,TWO SISTERS FARM INC, 1 , 1 ,,
,7430,SIMMONS FARM INC, 1 , 1 ,,
,8004,KUHN ORHCARDS LLC, 1 , 1 ,,
PENNSYLVANIA Total,,, 19 , 17 ,, 3 
SOUTH CAROLINA,2006,GEARY C JOLLEY FARMS, 1 , 1 ,,
,2014,TRIPLE C FARMS, 1 , 1 ,,
,2019,COOSAW AG LLC, 2 , 2 ,,
,2046,LANDA INVESTMENTS LLC, 1 ,,, 1 
,2058,PALOMA HARVESTING INC, 1 , 1 ,,
,2642,HOOD FARMS, 1 , 1 ,,
,2715,DEL VALLE FRESH INC, 1 , 1 ,,
,4652,COTTON HILLS FARM LLC, 1 , 1 ,,
,4659,ONSITE AG SERVICES INC,, 1 ,,
,5405,CROWN ORCHARD CO LP LLP, 1 , 1 ,,
,5620,PHIL SANDIFER & SONS FARMS, 1 , 1 ,,
,5703,JERROLD A WATSON & SONS, 2 , 1 ,, 2 
,5703,C S MCLEOD FARMS INC, 2 , 1 ,, 1 
,5704,RICKENBAKER GIN INC, 1 ,,, 1 
,5706,JUDY L BEST BILLY F LEDFORD DBA FA, 1 , 1 ,,
,5707,CHAPPELL FARMS INC, 1 , 1 ,,
,5707,NIMER TURF AND TREE FARM INC, 1 , 1 ,,
,,NIMMER TURF & TREE FARM INC,,,, 1 
,5708,DWIGHT STEVENS, 1 , 1 ,,
,5708,CAROLINA FARMS & HARVESTING INC, 2 , 1 ,, 2 
,5709,DIXIE BELLE INC, 1 ,,, 1 
,5709,JOLLEY S AAA FARMS, 1 , 1 ,,
,5709,FRANK M SENN AND SONS,,,, 1 
,5709,BERRY PLANTATION INC, 1 , 1 ,,
,5710,SPRINGS FARM, 1 , 1 ,,
,5710,PE AND J INC, 1 , 1 ,,
,5711,GREEN ACRES TURF FARM LLC, 1 , 1 ,,
,5931,TITAN PEACH FARMS INC, 3 , 2 ,, 1 
,6511,TRIPLE F HARVESTING LLC, 1 ,,, 1 
,6511,BOONE HALL FARMS, 1 , 1 ,,
,7607,COTTON HOPE ORCHARDS INC, 1 , 1 ,,
SOUTH CAROLINA Total,,, 34 , 27 ,, 12 
SOUTH DAKOTA,2019,AJB PARTNERSHIP, 1 , 1 ,,
,2022,GROHS FARMS PARTNERSHIP, 1 , 1 ,,
,2024,COTTONWOOD FARMS,,,, 1 
,2025,ROCKING Z ACRES LLC,, 1 ,,
,2040,GISI PHEASANT FARM,,,, 1 
,,GISI PHEASANT FARMS LLC, 1 , 1 ,,
,2056,BAUER FARMS PARTNERSHIP, 1 , 1 ,,
,2083,MACK LAND LLP, 4 , 3 ,, 1 
,2638,JADA BULGIN HARVESTING, 2 , 2 ,,
,2639,J&N HAEFNER INC, 1 , 1 ,,
,2724,B&B HARVESTING, 1 , 1 ,,
,2726,VAN KOOTEN AG SVC, 2 , 1 ,, 1 
,3117,KENT SCHNEIDER, 1 , 1 ,,
,3310,JUSTIN JESCHKE, 1 , 1 ,,
,3645,CALIFORNIA APIARIES LLC, 1 , 1 ,,
,4119,EDINGER BROTHERS PARTNERSHIP, 1 , 1 ,,
,4120,PRAIRIE RIDGE FARMS INC, 3 , 2 ,, 1 
,4520,AJAR FAMILY FARM LLC, 2 , 1 ,, 1 
,4521,LAKE COUNTY DAIRY, 1 , 1 ,,
,4554,MALPERT FARMS LLC, 1 , 1 ,,
,4602,ADEE HONEY FARMS, 1 , 1 ,,
,4602,ALAN M AUGHENBAUGH, 1 , 1 ,,
,4603,ROBERT VANDERPOL FARMS, 1 , 1 ,,
,4603,GARY HOFER FARMS, 1 , 1 ,,
,4603,MARTIN J ANDERSON, 1 , 1 ,,
,4603,VAN BEEK HARVESTING, 1 , 1 ,,
,4603,JOHN WIECZOREK HARVESTING, 1 , 1 ,,
,4603,JAMES C NESTI,,,, 1 
,4603,HOFER & SONS HARVESTING,,,, 1 
,4604,ROCKY WIECZOREK HARVESTING, 1 , 1 ,,
,4604,NIEMI RANCH, 1 , 1 ,,
,4604,PRESZLER FARMS INC, 1 , 1 ,,
,4604,PAUL TAYLOR,, 1 ,,
,4604,GRANITE PEAK SHEEP CO,,,, 1 
,4604,STAHLMAN APIARIES INC,, 1 ,,
,4604,CHAD AND RHONDA WOSJE, 1 , 1 ,,
,4604,SWENSON PARTNERSHIP, 1 , 1 ,,
,4604,MUNDT FARM PTN, 1 , 1 ,,
,4604,JOHN OLINGER, 1 , 1 ,,
,4604,ELSEN HOMESTEAD FARM, 1 , 1 ,,
,4614,SOUTH BRANCH FARMS LLC, 1 , 1 ,,
,4617,PRO X BUILDERS INC, 2 , 1 ,, 1 
,4619,DIAMOND W LAND & CATTLE CO, 1 , 1 ,,
,4626,ERICKSON S CUSTOM HARVESTING & TRU, 1 , 1 ,,
,4643,SUMMIT CONTRACTING, 1 ,,, 1 
,4644,GREGER BEE FARMS INC, 1 , 1 ,,
,4709,HRK ACRES LLC, 1 , 1 ,,
,4718,MARCHUK HONEY, 1 , 1 ,,
,4728,R & S HONEY FARMS LLC, 2 , 1 ,, 1 
,8109,VERMONT LLC, 1 , 1 ,,
,8147,BTB AG LLC, 2 , 2 ,,
,8203,BROWNINGS HONEY CO INC,,,, 1 
,(blank),LAZY VC KELLY RANCH INC,,,, 1 
,,(blank),,,, 1 
SOUTH DAKOTA Total,,, 54 , 50 ,, 15 
TENNESSEE,2006,FARM FRESH FRUITS & VEGETABLES LLC, 1 , 1 ,,
,2030,(blank), 1 , 1 ,,
,2031,HJT PACKAGING LLC, 1 , 1 ,,
,2057,BATTLE DITCH SOD FARM, 1 , 1 ,,
,2080,FOUR SEASON NURSERY & GARDEN CTR L, 1 , 1 ,,
,2604,ROBERT L TIMS DBA TIMS FAMILY FARM, 1 , 1 ,,
,,TIMS FAMILY FARM, 1 , 1 ,,
,2616,CENTER HILL NURSERY, 1 , 1 ,,
,2641,GEORGE S PLANT FARM, 1 , 1 ,,
,2715,JEPSON FAMILY FARM PARTNERSHIP DBA, 1 , 1 ,,
,2716,(blank),, 1 ,,
,2718,DONALDSON PRODUCE, 1 , 1 ,,
,3109,LANTENN FARMS INC,, 1 ,,
,4520,WOFFORDS NURSERY OF CLARKSVILLE LL, 1 , 1 ,,
,4637,TENNESSEED EROSION CONTROL, 1 , 1 ,,
,4731,OLD YELLOW CREEK FARMS LLC, 1 , 1 ,,
,4740,K&K TOBACCO FARMS LLC, 1 ,,, 1 
,4742,TRIPLE S TOBACCO FARMS LLC, 1 , 1 ,,
,5906,RODRIGUEZ PRODUCE, 1 , 1 ,,
,6206,WRIGHT BROTHERS CONSTRUCTION CO LL, 1 , 1 ,,
,6210,SMOKY MOUNTAIN FARM,, 1 ,,
,6210,JENKINS FARMS, 1 ,,, 1 
,6211,UNDERWOOD ACRES, 1 , 1 ,,
,6213,DANNY L WHITENER DBA WHITENER HYDR, 1 ,,, 1 
,6213,DRY SHAVE MT NURSERY, 1 , 1 ,,
,6214,BAGGETT GRAIN INC, 1 , 1 ,,
,6214,(blank), 1 , 1 ,,
,6215,TRI TURF SOD FARMS INC, 1 , 1 ,,
,6216,(blank), 1 , 1 ,,
,6216,BLYTHEWOOD FARMS LLC, 1 , 1 ,,
,6216,(blank), 1 , 1 ,,
,6216,C D ELLIS PRODUCE, 1 , 1 ,,
,6217,FARMAC INC, 1 , 1 ,,
,6217,WOFFORDS NURSERY & TREE FARM LLC, 1 , 1 ,,
,6408,(blank), 1 , 1 ,,
,8003,DONNIE JONES & SONS, 1 , 1 ,,
,8107,RIVERSIDE FUQUA FARMS LLC, 1 , 1 ,,
,8148,SDR TOBACCO FARMS LLC, 1 ,,, 1 
TENNESSEE Total,,, 35 , 34 ,, 4 
TEXAS,1082,(blank), 1 , 1 ,,
,5061,PURTIS CREEK FARMS LLC, 1 , 1 ,,
,6165,(blank), 1 , 1 ,,
,1617,DSB FARMS JV, 1 , 1 ,,
,2000,DELS GRASS FARMS LTD, 1 , 1 ,,
,2008,H BAR H FARMS, 2 , 2 ,,
,2011,PECOS CROSSING HEADQUATERS, 1 , 1 ,,
,2015,SAHA FISH PARTNERSHIP,, 1 ,,
,2015,G & M FARMS,,,, 1 
,2017,AUTUMN VISTA OF TEXAS, 1 , 1 ,,
,2021,TRI POD TRANSPORTATION INC,,,, 1 
,2021,BASSE ORCHARD AND RANCH LLC, 1 , 1 ,,
,2023,HARWELL FARMS,,,, 1 
,,HARWELL FARMS JV, 1 , 1 ,,
,2028,HEAVIN RANCH, 1 , 1 ,,
,2039,GARCIA TRUCKING LLC, 1 , 1 ,,
,2041,CROWNOVER FARMS DBA LONE STAR FAMI,, 1 ,,
,2080,FORTEX GRASS LLC, 1 , 1 ,,
,2085,G & T FARMS, 1 , 1 ,,
,2088,DONALD WAYNE WILCOX, 1 , 1 ,,
,2088,M MENDOZA AND SON TRUCKING, 1 ,,, 1 
,2088,GRUHLKEY S, 1 , 1 ,,
,2604,NEWMAN LAWN CARE INC, 1 , 1 ,,
,2604,WETHINGTON INC, 1 , 1 ,,
,2608,MAPLES SHORTHORNS, 1 , 1 ,,
,2616,RODERICK CATTLE CO LLC, 1 , 1 ,,
,2620,APPELHANS HARVESTING INC, 1 , 1 ,,
,2621,IMHOFF RANCH, 1 , 1 ,,
,2622,KRUEGER FARM SVCS, 1 ,,, 1 
,2624,LZ HAY, 1 , 1 ,,
,2632,TRIANGLE CATTLE CO, 1 ,,, 1 
,2632,JOHN NOBLE, 1 , 1 ,,
,2639,SPOOR FARMS J V, 1 , 1 ,,
,2640,SALEM OPERATING JV, 1 , 1 ,,
,2641,ROLLIN J FARMS, 1 , 1 ,,
,2642,UVONNE FARMS,,,, 1 
,2643,RUSSELL CUSTOM FARMING, 1 , 1 ,,
,2715,LETT ARABIAN RANCH, 1 ,,, 1 
,2715,(blank), 1 , 1 ,,
,2717,HANK & LESLIE CRANEK FARMS, 1 , 1 ,,
,2717,ALLPHIN FARMS, 1 , 1 ,,
,2721,CODY CROWNOVER, 1 , 1 ,,
,2726,ALBRECHT S ANGEL HONEY, 1 , 1 ,,
,2729,MELISSA FEEDERS LLC,, 1 ,,
,2730,MCFADDIN LAND & CATTLE CO LLC, 1 , 1 ,,
,2732,MCPEAK ORCHARDS, 1 , 1 ,,
,2740,VYN LAND & CATTLE, 1 , 1 ,,
,2742,LITTLEFIELD RANCH, 1 , 1 ,,
,2742,FRANKS NURSERY LLC, 1 , 1 ,,
,2745,PECOS PECAN CO LLC, 1 , 1 ,,
,3117,ALBERT ROSAS, 1 , 1 ,,
,3306,EVERGREEN FARMS, 1 ,,, 1 
,3717,MCINTYRE FLYING LLC, 1 , 1 ,,
,3836,RIVER CREEK RANCH, 1 , 1 ,,
,4121,BERGER CATTLE CO, 1 , 1 ,,
,4122,R MEZA TRUCKING, 1 ,,, 1 
,4503,BRIAN VCULEK FARM,,,, 1 
,,BRIAN VCULEK FARMS,,,, 1 
,4504,KTM FARM,,,, 1 
,4530,RED S TURF FARMS LLC, 1 , 1 ,,
,4540,FRIESEN HAY INC, 1 , 1 ,,
,4548,TAUCER HONEY AND BEE CO,, 1 ,,
,4551,PANHANDLE HARVESTING SVCS LLC, 2 , 2 ,,
,4604,CSS POTATO FARMS LLC, 1 , 1 ,,
,4604,VAQUERO RANCH, 1 , 1 ,,
,4605,FISCHER S HONEY FARM INC,, 1 ,,
,4612,SJ RANCH LLC, 1 , 1 ,,
,4617,ZENNER ORCHARD, 1 , 1 ,,
,4620,(blank), 1 , 1 ,,
,4621,S & J HARVESTING LLC, 1 ,,, 1 
,4624,(blank),,,, 1 
,4628,CELTIC L LAND & LIVESTOCK LLC, 1 , 1 ,,
,4632,MIDKIFF DOUBLE S RANCH LTD, 1 , 1 ,,
,4634,MULLER RANCH,, 1 ,,
,4642,THE STAR RANCH, 1 , 1 ,,
,4643,MCCLOY FAMILY FARMS PARTNERSHIP, 1 , 1 ,,
,4644,SONDER FARMS LLC, 2 , 2 ,,
,4647,HIGH PLAINS FORAGE HARVESTING LLC, 1 , 1 ,,
,4709,RCB VENTURES LLC DBA TRI TEX GRASS, 1 , 1 ,,
,4723,WETUSKI FARM & RANCH, 1 ,,, 1 
,4727,P&JY LIVESTOCK FARMS LLC, 1 ,,, 1 
,4728,PECOS SWEET, 1 ,,, 1 
,4730,STREHLOW BEES INC, 1 , 1 ,,
,4736,LIBERTY 3H RANCH LTD, 1 , 1 ,,
,4747,ALH FARMS LLC, 1 ,,, 1 
,4752,KIRKLAND RESOURCES INC,,, 1 ,
,4753,REATA COTTON CO, 2 , 2 ,,
,4755,ROCKIN L TREE FARM INC, 1 , 1 ,,
,4812,CC TREE FARMS LLC, 1 , 1 ,,
,5215,HAROLD B BLACH,,,, 1 
,5421,KYLE & MACK ENTERPRISES INC,, 1 , 1 ,
,5595,FMR TRUCKING, 1 , 1 ,,
,5711,TALBOTT HONEY, 1 ,,, 1 
,6117,NATURAL PRAIRIE ORGANIC LLC, 1 , 1 ,,
,7408,RUTHERFORD RANCH, 1 , 1 ,,
,7413,BIERI & SON,, 1 ,,
,7414,BRISCOE RANCH INC, 1 , 1 ,,
,7416,BARON S CREEK FARMS, 1 , 1 ,,
,7418,PAUL BROYLES, 1 , 1 ,,
,7418,JOLLISANT FARMS, 1 , 1 ,,
,7420,KOTHMAN RANCH CO, 1 , 1 ,,
,7420,MARK TOMLINSON FARMS, 1 , 1 ,,
,7421,WILLIAM J HALFMANN, 1 , 1 ,,
,7423,GEORGE H PRUCHA JR DBA HOME GROWER, 1 , 1 ,,
,7423,TECH FARMS LLC, 1 , 1 ,,
,7424,KUBECKA FLYING SVC INC,,,, 1 
,7424,BROKEN ARROW RANCH INC, 1 , 1 ,,
,7424,(blank), 1 ,,, 1 
,7425,ARTHUR RAY YANTA, 1 , 1 ,,
,7426,WROBLESKI CUSTOM FARM SVC, 1 , 1 ,,
,7426,R & M GERIK FARMS, 1 , 1 ,,
,7426,AUSTIN TREE FARM INC,,,, 1 
,7426,CYPRESS MILL RANCH, 1 ,, 1 ,
,7426,LOS GUEVARAS, 1 ,,, 1 
,7426,GEORGE LEWIS THOMPSON JR DBA THOMP,, 1 ,,
,7426,TEXAS SPECIALTY CUT FLOWERS,, 1 ,,
,7427,HIGH RIDGE RANCH INC, 1 , 1 ,,
,7427,BRUCE & DEVON WHITE JV, 1 , 1 ,,
,7427,GOLDSTAR INVESTMENTS LTD DBA SIMMO, 1 , 1 ,,
,7427,TEXAS HILLS VINEYARD, 1 , 1 ,,
,7427,J SILVA CUSTOM HAULING AND FARM, 1 , 1 ,,
,7427,SOLIZ & SONS TRUCKING,,,, 1 
,7428,BUENA TIERRA,, 1 ,,
,7428,CAMP MYSTIC INC, 1 , 1 ,,
,7429,STEINBRING PARTNERS LTD,, 1 ,,
,7429,CUATE TRUCKING LLC, 1 , 2 ,,
,7463,HK RANCH, 1 , 1 ,,
,7515,PARADISE CREEK FARM INC, 1 , 1 ,,
,7515,BRADY BEES AND HONEY CO, 1 , 1 ,,
,7515,JOHN S CARS INC, 1 , 1 ,,
,7516,ROBINSON & ROBINSON, 1 , 1 ,,
,7517,CRIDER DAIRY INC, 1 , 1 ,,
,7517,HOLUBEC FARMS, 1 , 1 ,,
,7520,RD GUETERSLOH FARM, 1 , 1 ,,
,7521,MAASS FARMS, 1 , 1 ,,
,7521,PATSY A ANDERTON DBA A1 GRASS CO, 1 , 1 ,,
,7523,FIVE STAR DAIRY, 1 , 1 ,,
,,FIVE STAR FARMS,,,, 1 
,7523,CARRIKER LAKE FARMS,,,, 1 
,7524,DAVID W STROOPE HONEY CO, 1 , 1 ,,
,7525,JEFFERY ROPER FARMS, 1 , 1 ,,
,7525,VIETH ENTERPRISES INC,, 1 ,,
,7525,CLAYTON WILLIAMS FARM, 1 , 1 ,,
,7526,AB RANCH,,,, 1 
,7526,BRAZOS BARTON FARMING PARTNERSHIP, 1 , 1 ,,
,7526,SEED MAIZE ROGUEING CONTRACT WORK,,,, 1 
,7526,RUSTIN KNIGHT, 1 , 1 ,,
,7527,COX ANGUS RANCH, 1 , 1 ,,
,7527,MANDUJANO BROTHERS, 1 , 1 ,,
,7528,T & R FARMS, 1 , 1 ,,
,7529,BOWEN LANDSCAPE CONSTRUCTION, 1 , 1 ,,
,7531,THE GREER FARM, 1 , 1 ,,
,7562,DON OPPLIGER FARMS, 1 , 1 ,,
,7600,TRIANGLE TURF COMPANY INC,, 1 ,,
,7600,HANSEN FARMS, 1 , 1 ,,
,7601,DOGUET RICE FARM, 1 , 1 ,,
,7602,FRANZ FARMS II PARTNERSHIP, 1 , 1 ,,
,7602,R M MIDDLETON ESTATE, 1 , 1 ,,
,7602,STEPHEN & CYNTHIA HEARD FARMS & HO, 1 , 1 ,,
,7603,JOURNEAY & JOURNEAY FARMS INC, 1 , 1 ,,
,7603,TWIN COUNTY AIR AG INC, 1 , 1 ,,
,7603,NELSON & DIANA BULANEK FARMS, 1 , 1 ,,
,7604,LEONARD H CORNELIUS JR DBA CORNELI,,,, 1 
,7604,ANTHONY & CINDY DUKE JV FARM, 1 , 1 ,,
,7604,C SCOTT INC DBA RANCHO ENCINO,, 1 ,,
,7605,MMC FAMILY LTD PARTNERSHIP, 1 , 1 ,,
,7605,FRANK FARMS, 1 , 1 ,,
,7605,LESLIE T WILCOX FARM, 1 , 1 ,,
,7606,PROSPECT ACRES, 1 , 1 ,,
,7606,MONDO GARDENS DBA THOMAS TURFGRASS, 2 , 2 ,, 1 
,7606,OOPW LLC, 1 , 1 ,,
,7606,FALCON SEABOARD RANCHES INC, 1 , 1 ,,
,7606,GARRETT ADMINISTRATIVE SVC LTD, 1 , 1 ,,
,7828,DRY COMAL CREEK VINEYARDS INC, 1 , 1 ,,
,8000,COWHOUSE FARM, 1 , 1 ,,
,8005,MINICK RANCH, 1 , 1 ,,
,8107,NATIVE TX GROWERS LTD DBA NATIVE T, 1 , 1 ,,
,8109,SM CATTLE CO LLC, 1 , 1 ,,
,8109,FABIAN MORALES TRUCKING LLC, 1 , 1 ,,
,8111,PLANT S & TREE OF TEXAS, 1 , 1 ,,
,8114,PITCHFORK CATTLE OPERATIONS LLC, 1 , 1 ,,
,8130,EPIC DAIRIES LLC, 1 ,,, 1 
,8136,CC CATTLE COMPANY, 1 , 1 ,,
,8139,VAZ MAR FARM INC, 1 ,,, 1 
,8146,PARK SPRINGS EQUESTRIAN CTR, 1 , 1 ,,
,8147,(blank), 1 , 1 ,,
,8205,DOGUET TURF FARM, 1 , 1 ,,
,8411,SPICER RANCHES LTD, 1 , 1 ,,
,8502,KIEHNE CENTERFIRE CATTLE CO,,,, 1 
,9003,LAKE CREEK BLUEBERRY FARM LLC, 1 , 1 ,,
,9008,PHIL JAY JONES, 1 , 1 ,,
,(blank),JEROME RAABE JR, 1 , 1 ,,
,,LAWRENCE HARVESTING,,,, 6 
,,WILLIAM FARM AND RANCH,,,, 1 
TEXAS Total,,, 163 , 162 , 3 , 42 
UTAH,3049,EAST FARMS LC, 1 , 1 ,,
,2037,ROJAS FARMS LLC, 1 , 1 ,,
,2238,HARWARD FARMS SWEET CORN INC, 1 , 1 ,,
,2725,PETERSEN FAMILY FARMS LLC, 1 , 1 ,,
,2744,CHAVEZ FARMS LC, 1 , 1 ,,
,5295,WAGSTAFF SEED CO,,,, 1 
,5623,LAZY S AND K LLC, 1 , 1 ,,
,8112,TONY & TINA GUERRAS FARM, 1 , 1 ,,
,8148,LUND LAND & LIVESTOCK, 1 , 1 ,,
,8413,ROCKIN E FARMS LLC,, 1 ,,
,8702,CORP OF THE PRESIDING BISHOP DBA E, 1 ,,, 1 
,8702,LEE ELL CORP DBA MITCHELL FARMS, 1 , 1 ,,
,8702,W F GORING & SON INC, 2 , 2 ,,
,8703,SMITH FARM & LIVESTOCK, 1 , 1 ,,
,8703,ALLRED ORCHARDS INC, 1 , 1 ,,
,8704,ROWLEY S SOUTHRIDGE FARMS,, 1 ,,
,8704,CHERRY HILLS FARMS INC,, 1 ,,
,8705,COUNTRYSIDE GARDEN CTR DBA LINDEN, 1 , 1 ,,
,8706,4 C CORP, 1 , 1 ,,
,8706,SCHMIDT S AGRICULTURAL ENTERPRISES, 1 , 1 ,,
,8706,GREEN FARMS, 1 , 1 ,,
,9413,WESTERN RANGE ASSN,,,, 1 
,9434,HALTERMAN SHEEP INC, 2 , 2 ,,
,(blank),STANLEY BINGHAM,,,, 1 
,,TULEVIEW HOLSTEIN LLC,,,, 1 
,,WESTERN RANGE ASSN,,,, 6 
,,WESTERN RANGE ASSOCIATION,,,, 4 
UTAH Total,,, 20 , 22 ,, 15 
VERMONT,1055,EDGEWATER FARM LLC, 1 ,,, 1 
,2048,DBA GREEN WAGON FARM, 1 ,,, 1 
,2052,DBA GILSUM GARDENS, 2 , 2 ,,
,3017,SHOREHAM CO OP APPLE PROD,,,, 1 
,3018,SOUTHERN VERMONT ORCHARDS INC, 1 , 1 ,,
,3020,ALLEN BROTHERS INC, 2 , 1 ,, 1 
,3023,GREEN MOUNTAIN ORCHARDS INC, 1 , 1 ,,
,3028,DUTTON BERRY FARM, 1 , 1 ,,
,3029,DBA ROELOFFS DAIRY, 1 , 1 ,,
,3031,PAUL MAZZA S FRUIT & VEGETABLE STA, 1 , 1 ,,
,3032,STONEWOOD FARM INC, 1 , 1 ,,
,3033,S MAZZA FARM INC, 1 , 1 ,,
,3035,ROCKVILLE FARM MARKET, 1 , 1 ,,
,5060,CHAMPLAIN ORCHARDS INC, 1 , 1 ,,
,1414,FORRENCE ORCHARDS INC, 1 , 1 ,,
,1414,GUNNISON LAKESHORE ORCHARDS INC, 1 , 1 ,,
,1415,NORTHERN ORCHARD CO INC, 1 , 1 ,,
,1415,SULLIVAN ORCHARDS INC, 1 , 1 ,,
,2003,NORTHWOODS APIARIES LLC,,,, 1 
,2009,RULFS ORCHARD LLC, 1 , 1 ,,
,2024,GREYBAR INC DBA ROUTE 66 GARDEN CT, 1 , 1 ,,
,2725,ADAMS TURKEY FARM, 1 , 1 ,,
,2748,HEMINGWAY FARMS LLC, 1 , 1 ,,
,3820,BLUFF GARDENS INC, 1 , 1 ,,
,4504,LILYQUEST LLC DBA WOODS MARKET GAR, 1 , 1 ,,
,4544,LEWIS CREEK FARM LLC, 1 , 1 ,,
,4654,BLAIS PRODUCE LLC, 1 , 1 ,,
,4724,FOSTER FARM BOTANICALS LLC, 1 , 1 ,,
,9001,BOWMAN ORCHARDS LLC, 1 ,,, 1 
,9005,PETE S GREENS INC, 1 , 1 ,,
VERMONT Total,,, 30 , 26 ,, 6 
VIRGINIA,2058,COLUMBUS TURF NURSERY LTD, 2 , 2 ,,
,3058,BYRD FARM ENTERPRISES LLC, 1 , 1 , 1 ,
,4224,MERRIMACK VALLEY APIARIES INC, 2 , 2 ,,
,4355,CUPP & SONS LLC, 1 , 1 ,,
,4364,SNAKE CREEK FARMS LLC, 1 , 1 ,,
,6095,PRIDES CORNER FARMS INC, 3 , 3 ,,
,1414,ASSOCIATED FRUIT GROWERS INC DBA M, 1 , 1 ,,
,1416,VANDEWALLE FRUIT FARM LLC, 1 , 1 ,,
,1417,TROY S LANDSCAPE SUPPLY CO INC, 1 , 1 ,,
,1610,FOWLER BROTHERS INC, 1 , 1 ,,
,1612,GARY M CRAFT DBA G & S ORCHARDS DB, 1 , 1 ,,
,1614,HANSEN FARMS LLC & HEMDALE FARMS I, 1 , 1 ,,
,1615,BURNAP FRUIT FARM LLP, 1 , 1 ,,
,2008,BMR ORCHARDS LLC ET AL, 1 , 1 ,,
,2010,SEVERT S TREE FARM LLC, 1 , 1 ,,
,2024,RHOADS FARM INC, 1 , 1 ,,
,2026,KIOWA VALLEY ORGANICS INC DBA GOLD, 1 , 1 ,,
,2035,HONL S BEES INC, 1 , 1 ,,
,2041,STILES APIARIES LLC, 1 , 1 ,,
,2044,K & D FARMS, 1 , 1 ,,
,2045,NORTHERN NURSERY INC, 1 , 1 ,,
,2058,MAROA FARMS INC, 1 , 1 ,,
,2082,STEVEN G BAUER, 1 , 1 ,,
,2221,WALNRIDGE FARM INC, 1 , 1 ,,
,2227,ARNIE BOCCAFOGLI LAWN CARE DBA DEE, 1 , 1 ,,
,2231,SMP FARMS INC, 1 , 1 ,,
,2233,GIALANELLA EVERGREENS & NURSERY IN, 1 , 1 ,,
,2234,ROBERT JENKINSON NURSERIES, 1 , 1 ,,
,2236,RUTGERS NURSERY INC, 1 , 1 ,,
,2313,ELIZABETH FARMS, 1 , 1 ,,
,2317,CLOVERDALE FARMS INC, 1 , 1 ,,
,2318,ANGELICA NURSERIES,,,, 1 
,2320,RALPH LEE SPENCER DBA SHANESVILLE, 1 , 1 ,,
,2320,HALABURA FARMS, 1 , 1 ,,
,2322,WM F HAMMELL NURSERIES LLC, 2 , 2 ,,
,2323,QUALITY GREENHOUSES & PERENNIAL FA, 2 , 2 ,,
,2324,APPLESTONE FARMS INC, 1 , 1 ,,
,2324,PETE S PRODUCE FARM LTD, 1 , 1 ,,
,2324,VARNER S TREE FARM & CIDER MILL LT, 1 , 1 ,,
,2326,DOLINSKY BROTHERS INC, 1 , 1 ,,
,2328,WINBAK FARM,,,, 1 
,2330,ROBA S TREE FARM INC, 1 , 1 ,,
,2330,J C HILL TREE FARMS INC, 1 , 1 ,,
,2391,WILLIAM B VERNON SR, 1 ,,, 1 
,2511,KRAYNAKS INC, 1 , 1 ,,
,2512,LAKE FOREST GARDENS INC, 1 , 1 ,,
,2514,BARRY S GROUND COVER LLC, 1 , 1 ,,
,2517,FRATANGELO GARDENS LANDSCAPING & N, 1 , 1 ,,
,2517,WEXFORD FARMS INC, 1 , 1 ,,
,2602,KIRBY FARMS LLC, 1 ,,, 1 
,2613,CLARK BROTHERS NURSERY LLC, 1 , 1 ,,
,2619,RANCHO CALIENTE LLC, 1 , 1 ,,
,2622,PEGGY S GARDENING INC, 1 , 1 ,,
,2642,LEGGE FARMS INC, 1 , 1 ,,
,2642,KORY LEISTIKOW, 1 , 1 ,,
,2644,LONGHORN FARMS PARTNERSHIP, 1 , 1 ,,
,2644,MARY S ALPACA LLC, 1 , 1 ,,
,2647,PROFETA FARMS LLC, 1 , 1 ,,
,2706,DAN & JERRY S GREENHOUSE INC, 2 , 2 ,,
,2708,KRETSCHMANN FARM, 1 , 1 ,,
,2719,NEW CENTURY CSA LLC, 1 , 1 ,,
,2741,TALBOTT S MOUNTAIN GOLD LLLP, 1 , 1 ,,
,2746,HIDDEN HOLLOW NURSERY LLC, 1 , 1 ,,
,2751,SPRING VALLEY FARMS LLP, 1 , 1 ,,
,2751,LOIS S PRODUCE LLC, 1 , 1 ,,
,2753,MEADOWSPRING TURF FARM LLC, 1 , 1 ,,
,3001,WINBAK FARM LLC, 1 , 1 ,,
,3103,THE WM A NATORP CO, 1 , 1 ,,
,,THE WM A NATORP COMPANY, 3 , 3 ,,
,3107,STUDEBAKER NURSERIES INC, 2 , 2 ,,
,3112,POLTER BERRY FARM INC, 1 , 1 ,,
,3117,INCHES NURSERY INC, 1 , 1 ,,
,3202,ERNST CONSERVATION SEEDS INC, 1 , 1 ,,
,3304,ALTMAN SPECIALTY PLANTS INC, 1 , 1 ,,
,,ALTMAN SPECIALTY PLANTS INC TX, 1 , 1 ,,
,3408,DONZELL S FLOWER & GARDEN CTR INC, 1 , 1 ,,
,3410,WILLOWAY NURSERIES INC, 2 , 2 ,,
,3411,PENN OHIO WHOLESALE GARDENS LLC, 1 , 1 ,,
,3416,LAWRENCE J SECOR DBA SECOR S NURSE, 1 , 1 ,,
,3416,W S YOE NURSERIES R & D INC, 1 , 1 ,,
,3417,PATTERSON FARMS INC, 1 , 1 ,,
,3417,P IANIRO S LAWN & GARDEN INC, 1 , 1 ,,
,3417,BROTZMAN S NURSERY INC, 1 , 1 ,,
,3418,NORTH BRANCH NURSERY INC, 1 , 1 ,,
,3418,DAVIS TREE FARM & NURSERY INC, 1 , 1 ,,
,3418,THE CHEF S GARDEN INC, 1 , 1 ,,
,3518,COX FARMS INC, 1 , 1 ,,
,3521,WOODY WAREHOUSE NURSERY INC, 1 , 1 ,,
,3642,THREE FORKS RANCH CORP, 1 , 1 ,,
,3648,MACKENZIE FARMS INC, 1 , 1 ,,
,3820,L WALTHER & SONS INC GA, 1 ,,, 1 
,,L WALTHER & SONS INC MI, 4 , 4 ,,
,,L WALTHER & SONS INC NE, 1 , 1 ,,
,3836,JAY BARKER DBA BARKER FARMS, 1 ,,, 1 
,3838,GRACE ESTATE WINERY LLC, 1 , 1 ,,
,3912,NORTHERN FAMILY FARMS LLP, 3 , 3 ,,
,3914,HSU GINSENG FARMS LLP, 1 , 1 ,,
,3916,CENTRAL WISCONSIN EVERGREENS INC, 1 , 1 ,,
,4112,BAUER HONEY INC, 1 ,,, 1 
,4113,DAVID STOCK FARM SVCS INC, 1 , 1 ,,
,4120,SVIHEL VEGETABLE FARM INC, 1 , 1 ,,
,4211,WIRTZ BROTHERS LLP, 1 , 1 ,,
,4214,COUNTRY NEST CORP, 1 , 1 ,,
,4216,RIVER RIDGE LAND & CATTLE LLC, 1 , 1 ,,
,4310,CONSOLIDATED FARMS LLC DBA ELK MOU, 1 , 1 ,,
,4317,TERRA FARMS INC, 1 , 1 ,,
,4504,BRUCE SHOCKMAN FARM, 1 , 1 ,,
,4504,DEMARAY HARVESTING & TRUCKING LLC, 1 , 1 ,,
,4504,RUBY S APIARIES INC, 1 , 1 ,,
,4504,LUNDEBY EVERGREENS, 2 , 2 ,,
,4504,LEE GUSCETTE FARMS, 1 , 1 ,,
,4504,FIVE STAR HONEY FARMS, 1 , 1 ,,
,4508,TRUMP VINEYARD ESTATES LLC, 2 , 2 ,,
,4512,Q & H HONEY FARM LLC, 1 , 1 ,,
,4540,4 E FARMS PARTNERSHIP,,,, 1 
,4540,GREEN COUNTRY HONEY LLC, 1 , 1 ,,
,4540,LEWIS M BAILEY IV FARMS INC, 2 , 2 ,,
,4541,SEED TO SEED LLC, 1 ,,, 1 
,4542,BLACKBERRY BOTTOM FARM LLC, 1 ,,, 1 
,4615,BAKERS BRIDGE HONEY, 1 , 1 ,,
,4622,DBA FRB HARVESTING, 1 , 1 ,,
,4626,RED SUN FARMS LLC, 1 , 1 ,,
,4638,JUAN & MARIA PINEDA DBA HAPPY FAMI, 1 , 1 ,,
,4644,BRISK WIND FARMS LLC, 1 , 1 ,,
,4646,OLSON S GREENHOUSES OF COLORADO LL, 1 , 1 ,,
,4648,WESTLAKE TREE FARMS LLC, 1 , 1 ,,
,4653,RAH HONEY FARM LLC, 1 , 1 ,,
,4654,SAGEMOOR GROUP MGMT SVCS INC, 5 , 5 ,,
,4655,PEPPERCO USA INC, 1 , 1 ,,
,4724,FLYING TATER FARM INC, 1 , 1 ,,
,4726,BRANDI HONEY & FARMING LLC, 1 , 1 ,,
,4726,TRIPLE D LAND CO LLC, 1 , 1 ,,
,4732,SPANGLER FARMS MARKET, 1 , 1 ,,
,4742,CD ACRES LLC, 3 , 4 ,,
,4748,HOMEWOOD FARMS LLC ET AL, 1 , 1 ,,
,4750,ROBINSON HARDWARE OF NS CORP, 1 , 1 ,,
,5101,FIFER ORCHARDS INC, 2 , 2 ,,
,5211,BOORDY VINEYARDS INC, 1 , 1 ,,
,5217,D R SNELL NURSERY INC, 1 , 1 ,,
,5219,WAVERLY FARM LLC, 2 , 2 ,,
,5220,STADLER GARDEN CENTERS INC, 1 , 1 ,,
,5222,SNELLS GREEHOUSES INC, 1 , 1 ,,
,5404,WAYNESBORO NURSERIES INC, 1 , 1 ,,
,5405,DODD S ACRES FARM, 2 , 2 ,,
,5406,FITZGERALD S ORCHARDS, 1 , 1 ,,
,5407,WATKINS NURSERIES INC, 1 , 1 ,,
,5408,LANCASTER FARMS INC, 1 , 1 ,,
,5411,VA AGRICULTURAL GROWERS ASSN INC, 1 , 1 ,,
,,VIRGINIA AGRICULTURAL GROWERS ASSN, 3 , 3 ,,
,5413,DAVID MANN, 2 , 2 ,,
,5413,WARD OYSTER CO, 1 , 1 ,,
,5413,CHESTERFIELD BERRY FARM INC, 1 , 1 ,,
,5414,HEART SEVENTEEN PRODUCE INC, 1 , 1 ,,
,5415,SAUNDERS BROTHERS INC, 1 , 1 ,,
,5415,HORTON VINEYARDS INC, 1 , 1 ,,
,5416,HENLEY FARM LP, 1 , 1 ,,
,5419,ABERNETHY & SPENCER GREEN HOUSES, 1 , 1 ,,
,5419,BREMO TREES LC, 1 , 1 ,,
,,BREMO TREES LLC,,,, 1 
,5420,TIDEWATER MULCH & MATERIAL INC, 1 , 1 ,,
,5506,G & G NURSERY INC, 1 , 1 ,,
,5613,EVANS FARMS INC, 1 , 1 ,,
,5618,LAUREL SPRINGS NURSERY LLC, 1 , 1 ,,
,5619,CARTNER BROTHERS LLC, 1 , 1 ,,
,5826,GEORGIA SELECT FISHFARM LLC, 1 , 1 ,,
,5935,CHERRYLAKE INC, 1 , 1 ,,
,6211,HALE & HINES NURSERY INC, 2 , 2 ,,
,6408,WILLIAMSON & WILLIAMSON PTNRS ET A, 1 , 1 ,,
,6409,FITZHUGH FARMS INC, 1 , 1 ,,
,6805,WITTEN S PRODUCE PATCH INC, 2 , 2 ,,
,6806,SCHWOPE BROTHERS TREE FARMS LLC, 1 , 1 ,,
,7430,RC ORCHARDS LLC ET AL, 1 , 2 ,,
,7527,VAN ZANDT SUPPLY LLP, 1 , 1 ,,
,8005,BURNT CREEK NURSERY LLC, 1 , 1 ,,
,8105,WILLARD J HARMON DBA BILL HARMON F, 1 , 1 ,,
,8106,ENGEL FAMILY FARMS, 1 , 1 ,,
,8109,DOWNTOWN JB INC, 1 , 1 ,,
,8116,PINK TRACTOR FARMS LLC, 1 , 1 ,,
,8134,DAVID HOFFMAN LANDSCAPING & NURSER, 1 , 1 ,,
,8204,FAULKNER FARMS INC, 1 , 1 ,,
,8409,LEROUX CREEK FOOD CORP, 1 , 1 ,,
,8411,C & R FARMS, 1 , 1 ,,
,8411,REED REED REED FARMS, 1 , 1 ,,
,8611,TDH NURSERIES LLC, 1 , 1 ,,
,8704,OLSON S GREENHOUSE GARDENS INC, 1 , 1 ,,
,8705,FOWERS FRUIT RANCH LC, 1 , 1 ,,
,9008,TIPPS RANCH INC, 1 , 1 ,,
,9008,TRAVELING HONEY BEES INC, 1 , 1 ,,
,9108,PERRAULT FARMS INC, 1 , 1 ,,
,9115,SAND SLOPE ACRES INC, 1 , 1 ,,
,9118,WARREN MORGAN ORCHARDS LLC, 1 , 1 ,,
,9119,RANDY ALLRED ORCHARDS LLC, 1 , 1 ,,
,9303,AVALON ORCHARDS, 1 , 1 ,,
,9803,ROUGE RIVER FARMS INC, 1 , 1 ,,
,(blank),BECKLEY HARVESTING,,,, 4 
,,(blank),,,, 1 
VIRGINIA Total,,, 223 , 218 , 1 , 16 
WASHINGTON,2020,STEMILT AG SVCS LLC, 1 , 1 ,,
,,STEMILT AGRICULTURAL SVCS ORONDO,,,, 1 
,2606,WAFLA, 38 , 35 ,, 3 
,,WALFA, 1 , 1 ,,
,2626,HIATT HONEY LLC, 2 , 2 ,,
,4709,WA FRUIT ADMINISTRATIVE SVCS II LL, 1 , 1 ,,
,,WASHINGTON FRUIT ADMINISTRATIVE SV,, 1 ,,
,4728,TAYLOR ORCHARDS MGNT INC,, 1 ,,
,6804,NORTHWESTERN ORCHARDS LLC, 1 , 1 ,,
,8108,AGRILABOR INC, 2 , 1 ,, 1 
,8108,SUNDQUIST FRUIT LLC, 1 , 1 ,,
,9106,WASHINGTON BULD CO INC, 1 , 1 ,,
,9106,GREEN ACRE FARMS INC, 1 , 1 ,,
,9107,S MARTINEZ LIVESTOCK INC,, 1 ,, 1 
,9107,CUSTOM ORCHARDS INC NORTH ORCHARDS, 1 , 1 ,,
,,CUSTOM ORCHARDS INC SOUTH ORCHARDS, 1 , 1 ,,
,9108,(blank),,,, 1 
,9109,B T LOFTUS RANCHES INC, 1 , 1 ,,
,,BT LOFTUS RANCHES, 1 , 1 ,,
,9109,ZIRKLE FRUIT CO, 2 , 2 ,, 1 
,,ZIRKLE FRUIT COMPANY, 1 , 1 ,,
,9113,T&L NURSERY, 1 , 1 ,,
,,T&L NURSERY INC, 2 , 2 ,,
,9114,KYLE MATHISON ORCHARDS,, 1 ,,
,9115,ALAMO ORG ORCHARDS LLC VINCENT,,,, 1 
,9115,HERBCO INTL, 1 , 1 ,,
,9116,WELTON ORCHARDS AND STORAGE LLC, 1 , 1 ,,
,9119,TROUT LAKE FARM, 1 , 1 ,,
,(blank),WAFLA, 1 , 1 ,,
WASHINGTON Total,,, 63 , 63 ,, 9 
WEST VIRGINIA,3111,GRITT S FARM, 1 , 1 ,,
,5419,SPRING VALLEY FARM & ORCHARD, 1 , 1 ,,
WEST VIRGINIA Total,,, 2 , 2 ,,
WISCONSIN,2621,HARMONY VALLEY FARM LLC, 1 , 1 ,,
,3911,STATZ BROS INC, 1 , 1 ,,
,3913,SACIA ORCHARDS INC, 2 , 2 ,,
,3914,BONDE ACRES DAIRY,,,, 1 
,3918,GREEN BARN FARM MARKET, 1 , 1 ,,
WISCONSIN Total,,, 5 , 5 ,, 1 
WYOMING,5059,TITMUS FAMILY FARMS, 1 , 1 ,,
,1137,SOYARS RANCH, 1 , 1 ,,
,2002,SPERRY LIVESTOCK CORP, 2 , 2 ,,
,2005,PHILLIPS BROTHERS FARM & LIVESTOCK, 1 , 1 ,,
,2009,COBB RANCH LLC, 1 , 1 ,,
,2023,(blank), 1 , 1 ,,
,2050,HARRAL LIVESTOCK CO,, 1 ,,
,2054,TNT LIVESTOCK, 1 , 1 ,,
,2084,TERRELL FARMS LLC, 1 , 1 ,,
,2608,HOG EYE RANCH LLC, 1 , 1 ,,
,2615,DR LIVESTOCK, 1 , 1 ,,
,2640,LR SMITH INVESTMENTS LLC, 2 , 2 ,,
,2647,(blank), 1 , 1 ,,
,2718,MYERS RANCH, 1 , 1 ,,
,2726,LRB RANCHES LLC/BRIGGS RANCH, 1 , 1 ,,
,2732,ROBBEN CATTLE CO LLC, 2 ,,, 2 
,2736,ROCKING DIAMOND LIVESTOCK, 1 , 1 ,,
,2739,JT ROBINSON SHEARING LLC, 1 , 1 ,,
,4217,D & R FARM, 1 , 1 ,,
,4504,LEHFELDT LAND & LIVESTOCK, 1 , 1 ,,
,4540,(blank), 1 , 1 ,,
,4545,(blank), 1 , 1 ,,
,4550,VILLARD RANCH LLC, 1 , 1 ,,
,4612,JNS LIVESTOCK, 1 , 1 ,,
,4619,DIAMOND PEAK CATTLE CO, 2 , 3 ,,
,4619,TWO BAR SHEEP CO LLC, 1 , 1 ,,
,4625,SNOWY RANGE LIVESTOCK LLC, 2 , 2 ,,
,4631,(blank), 1 , 1 ,,
,4636,CHACON SHEEP CO LLC, 1 , 1 ,,
,4642,MOON LAND & LIVESTOCK PARTNERSHIP, 2 , 2 ,,
,4726,CHANT RANCHES LLC, 1 , 1 ,,
,4726,ROBERT HARLAN,, 1 ,,
,4728,SAMPINOS LIVESTOCK CO LLC, 1 , 1 ,,
,6503,WINECUP GAMBLE RANCH, 2 , 2 ,,
,6804,D & R LIVESTOCK, 5 , 5 ,,
,7109,TODD & DARCY KAISLER RANCH, 1 ,,, 1 
,7316,HACKING LAND & LIVESTOCK, 1 , 1 ,,
,7425,FELIX RIVER RANCH INC, 3 , 4 ,,
,7431,DIAMOND CATTLE CO LLC, 3 , 3 ,,
,7513,DOS HERMANOS RANCH, 1 , 1 ,,
,7516,BOYD AND LOYD WOODWARD, 1 , 1 ,,
,7527,S RANCH LLC, 1 , 1 ,,
,7532,SECREST SHEEP & CATTLE, 1 , 1 ,, 1 
,7702,CROSS MOUNTAIN RANCH, 1 , 1 ,,
,8008,BLUE TENT FARMS, 2 , 2 ,,
,8103,BARTHELMESS RANCH CORP, 1 , 1 ,,
,8103,ARNOLD GREEN MEADOW RANCH, 1 , 1 ,,
,8104,BASS RANCH, 1 , 1 ,,
,8104,HALVERSON RANCH, 1 , 1 ,,
,8110,BLUE BELL SHEEP LLC, 2 , 2 ,,
,8113,HE SHEEP CO, 1 , 1 ,,
,8138,CANTRELL SHEARING, 2 , 2 ,,
,8202,FAULKNER LAND & LIVESTOCK CO, 1 , 1 ,,
,8202,KING CREEK GRAZING ASSOCIATION, 1 , 1 ,,
,8204,(blank), 1 , 1 ,,
,8204,(blank),, 2 ,,
,8204,(blank), 2 , 2 ,,
,8301,GREEN RIVER LIVESTOCK, 2 , 2 ,,
,8301,MIDLAND LIVESTOCK CO, 6 , 4 , 1 , 1 
,,MIDLAND LIVESTOCK COMPANY,,,, 2 
,8301,VERMILLION RANCH LTD PARTNERSHIP, 3 , 4 ,,
,,VERMILLION RCH LTD PARTNERSHIP, 2 , 2 ,,
,8301,COBB CATTLE CO, 1 , 1 ,,
,8301,SIMS SHEEP CO LLC, 2 , 1 ,, 1 
,8302,JACK CREEK LAND & CATTLE CO, 2 , 2 ,,
,8302,PHILP SHEEP CO, 3 , 3 ,,
,8302,JENNINGS FARMS INC, 1 , 1 ,,
,8302,LARSON LIVESTOCK INC, 3 , 3 ,, 2 
,8302,MOUNTAIN VALLEY LIVESTOCK INC, 2 , 2 ,,
,8302,BATTLE MOUNTAIN CO, 1 , 1 ,,
,8302,MARK LYMAN SHEEP RANCH, 3 , 3 ,,
,8302,(blank), 1 , 1 ,,
,8302,CARTER ENTERPRISES, 1 , 1 ,,
,8302,(blank), 1 ,,, 1 
,8302,HAROLD SELMAN INC,,,, 1 
,,MOUNTAIN PLAINS AGRICULTURAL SRV,,,, 1 
,,MOUNTAIN PLAINS AGRICULTURAL SVC,,,, 2 
,,MOUNTAIN PLAINS AGRICULTURAL SVCS,,,, 1 
,8302,FOLEY SHEARING COMPANY,,,, 2 
,8302,GILES W PRITCHARD GORDON FARMING L, 1 , 1 ,, 1 
,8302,C & C CATTLE LLC, 1 , 1 ,,
,8302,EVANS WELLS & LIVESTOCK INC, 1 , 1 ,,
,8302,HOWARD B LEE FAMILY LTD PARTNERSHI, 1 , 1 ,,
,8302,JACK HOCKERSMITH & SONS, 1 , 1 ,,
,8303,LADDER LIVESTOCK CO LLC,, 1 ,,
,8303,GRIEVE ENTERPRISES, 1 , 1 ,,
,8303,PURPLE SAGE SHEEP, 1 ,,, 1 
,,THE PURPLE SAGE, 1 , 1 ,,
,8303,SMITH FORK GRAZING ASSN, 1 , 1 ,,
,8303,SILVER SPUR OPERATING CO LLC,, 1 ,,
,8303,PRETTY WATER LLC, 2 , 1 ,, 1 
,8303,W & M THOMAN RANCHES LLC, 1 , 1 ,,
,8303,PETERSON LIVESTOCK LLC,, 1 ,,
,8405,CAMILLETTI & SONS INC, 1 , 1 ,,
,8405,HARVEY RANCH, 1 , 1 ,,
,8410,(blank), 3 , 3 ,,
,8410,JOHN PEROULIS & SONS,,,, 2 
,8413,THE ANSCHUTZ CORP DBA THE OVERLAND, 1 ,,, 1 
,8414,SMITH RANCHO LAND & LIVERSTOCK LLC, 1 , 1 ,,
,,SMITH RANCHO LAND & LIVESTOCK LLC, 2 , 2 ,,
,8415,VOLK RANCH LLLP, 1 , 1 ,,
,8502,KIEHNE CENTERFIRE CATTLE CO, 1 , 1 ,,
,8607,AUZA RANCHES LLC, 2 , 2 ,,
,8702,KEARL RANCH, 1 , 1 ,,
,8702,ARGYLES RANCH INC, 4 , 4 ,,
,8702,PACE BROTHERS, 1 , 1 ,,
,8702,HAROLD SELMAN INC, 1 , 1 ,,
,8703,WOOD BROTHERS, 1 , 1 ,,
,8704,LARSON FARMS, 1 , 1 ,,
,8704,ALLRED LAND & LIVESTOCK, 2 , 3 ,,
,8704,S & H RANCHES INC / BLUE DIAMOND, 1 , 1 ,,
,8704,JOEL STAMATAKIS DBA STAMATAKIS LIV, 2 , 2 ,,
,8704,(blank), 2 , 2 ,,
,8704,BRB LIVESTOCK INC, 1 ,,, 1 
,8705,TAFT FARMS INC,, 1 ,,
,8705,BOWN LIVESTOCK,, 1 ,,
,8705,KUNZLER SHEEP & CATTLE CO, 1 , 2 ,,
,8705,JOHNSONS MOUNTAIN RANCH LLC, 1 , 1 ,,
,8705,CHEW LIVESTOCK INC, 1 , 1 ,,
,8706,S DAVID EARL DBA UPPER CREEK RANCH, 2 , 2 ,,
,8706,MOON RANCH LLC,, 1 ,,
,8706,L RICHINS & SONS LC,, 1 ,,
,8706,SKYLINE SHEEP CO, 1 , 1 ,,
,8801,JOHN ESPIL SHEEP CO INC,, 1 ,,
,8860,SOUTHERN NEVADA WATER AUTHORITY, 1 , 1 ,,
,,SOUTHERN NV WATER AUTHORITY, 2 , 2 ,,
,9006,SORENSON ENTERPRISES,, 1 ,,
,9008,CUBIBURU LIVESTOCK, 1 ,,, 1 
,9117,ESTILL RANCHES LLC, 2 , 2 ,,
,9307,HENRY C VOGLER DBA NEED MORE SHEEP, 2 , 2 ,,
,9311,(blank), 3 , 3 ,,
,9422,R EMIGH LIVESTOCK, 1 , 3 ,,
,9432,ONO RANCH, 1 , 1 ,,
,9433,JRB LLC, 2 , 2 ,,
WYOMING Total,,, 170 , 178 , 1 , 26 
NOT REPORTED,8411,PAYANT AND KINDT HARVESTING,,,, 1 
,9801,GAGNON FARMS LTD,,,, 1 
,9801,SUPERIOR HARVESTING,,,, 1 
,(blank),AFFLECK FARMS INC,,,, 1 
,,GRANT FARMS CUSTOM HARVESTING &,,,, 1 
,,R&K DOYLE HARVESTING LTD,,,, 2 
,,RAES HARVESTING,,,, 1 
NOT REPORTED Total,,,,,, 8 
"If no data is present in a cell, this "" - "" represents zero.",,,,,,
"1  An H-2A is an alien coming temporarily to perform agricultural labor or services of a temporary or seasonal nature filed by a U.S. employer, its U.S. agent or an association of U.S. agricultural producers named as a joint employer on the temporary labor certification.",,,,,,
agent or an association of U.S. agricultural producers named as a joint employer on the temporary labor certification.,,,,,,
2  The number of new petitions received and entered into a case-tracking system during the reporting period.,,,,,,
3  The number of petitions approved during the reporting period.,,,,,,
"4  The number of petitions that were denied, terminated, or withdrawn during the reporting period.",,,,,,
5  The number of petitions awaiting a decision as of the end of the reporting period.,,,,,,
6  Represents the state that the company or U.S. agent is located in and not necessarily where the work will be performed. ,,,,,,
"NOTE:  1) Some applications approved, denied, or pending a decision may have been received in prior reporting periods. ",,,,,,
               2) The report reflects the most up-to-date estimate available at the time the report is generated.,,,,,,
               3) A petition may be made for 1 or more workers.,,,,,,
               4) We are only providing the last 4 numbers of the FEIN to protect PII.,,,,,,
"Source:  Department of Homeland Security, U.S. Citizenship and Immigration Services, C3 Consolidated via Standard Management Analysis and Reporting Tool (SMART), March 2017",,,,,,
